City,2011_maapinta_ala,2012_maapinta_ala,2013_maapinta_ala,2014_maapinta_ala,2015_maapinta_ala,2016_maapinta_ala,2017_maapinta_ala,2018_maapinta_ala,2019_maapinta_ala,2020_maapinta_ala,2021_maapinta_ala,2022_maapinta_ala
Askola,212.42,212.41,212.41,212.42,212.42,212.42,212.42,212.42,212.44,212.44,212.44,212.44
Espoo,312.2,312.2,312.2,312.19,312.22,312.29,312.29,312.33,312.32,312.33,312.34,312.35
Hanko,116.89,116.89,116.89,116.92,116.92,116.92,116.92,117.41,117.42,117.46,117.46,117.44
Helsinki,213.75,213.75,213.75,213.92,214.21,214.21,214.25,214.25,214.25,214.29,214.19,214.42
Hyvinkää,322.61,322.62,322.62,322.62,322.66,322.66,322.68,322.68,322.68,322.69,322.69,322.69
Inkoo,349.87,349.89,349.89,349.89,349.89,349.89,349.9,349.89,349.89,349.89,349.89,350.85
Järvenpää,37.55,37.55,37.55,37.54,37.54,37.54,37.54,37.54,37.54,37.54,37.54,37.54
Karkkila,242.36,242.36,242.36,242.36,242.36,242.36,242.36,242.36,242.36,242.35,242.35,242.44
Kauniainen,5.88,5.89,5.89,5.89,5.89,5.89,5.89,5.89,5.89,5.89,5.89,5.89
Kerava,30.62,30.62,30.62,30.62,30.63,30.63,30.63,30.63,30.63,30.63,30.63,30.63
Kirkkonummi,366.16,366.15,366.15,366.15,366.15,366.21,366.23,366.23,366.23,366.23,366.23,366.60
Lapinjärvi,329.9,329.87,329.87,329.87,329.87,329.87,329.88,329.88,329.88,329.89,329.89,329.89
Lohja,939.02,939.14,939.14,939.14,939.14,939.12,939.15,939.16,939.17,939.44,939.44,940.16
Loviisa,819.74,819.78,819.78,819.78,819.76,819.76,819.76,819.76,819.74,819.81,819.81,819.82
Myrskylä,200.36,200.37,200.37,200.35,200.35,200.35,200.36,200.36,200.37,200.44,200.44,200.44
Mäntsälä,580.83,580.83,580.83,580.86,580.86,580.88,580.82,580.82,580.81,580.85,580.85,580.85
Nurmijärvi,361.84,361.86,361.86,361.82,361.86,361.87,361.87,361.87,361.87,361.87,361.9,361.90
Pornainen,146.5,146.5,146.5,146.52,146.52,146.52,146.52,146.52,146.52,146.52,146.53,146.53
Porvoo,654.52,654.51,654.51,654.42,654.42,654.42,654.42,654.42,654.54,654.55,654.56,654.56
Pukkila,145.04,145.04,145.04,145.03,145.03,145.03,145.03,145.03,145.07,145.09,145.09,145.09
Raasepori,1147.7,1147.99,1147.99,1148.0,1148.0,1147.99,1148.12,1148.27,1148.3,1148.34,1148.34,1149.36
Sipoo,339.61,339.62,339.62,339.63,339.63,339.62,339.62,339.62,339.7,339.69,339.67,339.66
Siuntio,241.08,241.08,241.08,241.08,241.08,241.07,241.07,241.1,241.11,241.11,241.11,241.27
Tuusula,219.51,219.5,219.5,219.5,219.5,219.49,219.49,219.5,219.5,219.54,219.53,219.53
Vantaa,238.37,238.37,238.37,238.35,238.36,238.37,238.37,238.37,238.37,238.37,238.38,238.38
Vihti,522.03,522.04,522.04,522.04,522.06,522.03,522.03,522.02,522.02,522.02,522.01,522.02
Aura,94.99,95.0,95.0,95.0,95.0,95.0,95.01,95.01,95.01,95.01,95.01,95.01
Kaarina,150.34,150.35,150.35,150.42,150.42,150.43,150.42,150.64,150.65,150.65,150.57,150.57
Kemiönsaari,686.93,686.93,686.93,686.96,686.96,686.96,686.95,686.84,686.84,686.85,686.9,686.91
Koski Tl,191.46,191.46,191.46,191.46,191.46,191.48,191.48,191.49,191.49,191.5,191.5,191.50
Kustavi,165.76,165.83,165.83,165.82,165.83,165.8,165.81,165.81,165.82,165.78,165.84,165.84
Laitila,531.67,531.65,531.65,531.66,531.66,531.56,531.61,531.61,531.85,531.85,531.87,531.88
Lieto,300.46,300.46,300.46,300.46,300.46,300.46,300.49,300.52,300.52,300.54,300.54,300.54
Loimaa,848.09,848.1,848.1,848.11,848.11,848.11,848.12,848.13,848.13,848.13,848.06,848.09
Marttila,195.28,195.28,195.28,195.28,195.28,195.3,195.3,195.31,195.31,195.31,195.31,195.31
Masku,174.9,174.9,174.9,174.87,174.86,174.85,174.85,174.75,174.75,174.87,174.89,174.89
Mynämäki,519.72,519.77,519.77,519.86,519.86,519.85,519.79,519.79,519.8,519.8,519.82,519.84
Naantali,311.49,311.47,311.47,311.9,311.9,312.37,312.37,312.45,312.46,312.53,312.57,312.58
Nousiainen,198.81,198.81,198.81,198.93,198.97,198.97,198.98,198.99,198.99,198.93,198.93,198.93
Oripää,117.62,117.61,117.61,117.61,117.61,117.61,117.61,117.64,117.64,117.64,117.75,117.78
Paimio,238.36,238.36,238.36,238.36,238.36,238.37,238.39,238.4,238.41,238.49,238.51,238.52
Parainen,881.8,882.13,882.13,882.5,882.7,882.84,882.91,883.12,883.12,883.2,884.04,883.98
Pyhäranta,143.26,143.27,143.27,143.26,143.26,143.28,143.49,143.49,143.53,143.51,143.51,143.51
Pöytyä,750.04,750.05,750.05,750.04,750.04,750.06,750.06,750.07,750.08,749.94,749.95,749.97
Raisio,48.76,48.76,48.76,48.76,48.76,48.76,48.76,48.76,48.76,48.76,48.76,48.76
Rusko,127.12,127.12,127.12,127.14,127.14,127.14,127.14,127.15,127.15,127.15,127.16,127.16
Salo,1986.48,1986.52,1986.52,1986.55,1986.54,1986.57,1986.61,1986.6,1986.59,1987.21,1987.47,1987.44
Sauvo,252.49,252.47,252.47,252.61,252.61,252.61,252.6,252.61,252.6,252.63,252.74,252.77
Somero,667.78,667.78,667.78,667.78,667.79,667.77,667.81,667.81,667.83,667.98,667.98,668.05
Taivassalo,140.31,140.32,140.32,140.31,140.31,140.31,140.27,140.28,140.28,140.33,140.33,140.33
Turku,245.66,245.66,245.66,245.67,245.67,245.67,245.67,245.66,245.66,245.66,245.63,245.63
Uusikaupunki,502.38,502.44,502.44,502.49,502.49,502.49,502.73,502.75,502.86,502.93,503.2,503.22
Vehmaa,188.77,188.72,188.72,188.78,188.78,188.78,188.84,188.85,188.91,188.88,188.88,188.88
Eura,578.86,578.77,578.77,578.78,578.81,578.8,578.8,578.8,578.8,578.81,578.87,578.88
Eurajoki,514.46,514.46,514.46,514.63,514.77,514.77,514.77,514.77,514.78,514.8,515.0,514.99
Harjavalta,123.46,123.46,123.46,123.46,123.46,123.46,123.46,123.46,123.46,123.46,123.48,123.48
Huittinen,532.62,532.62,532.62,532.63,532.63,532.64,532.64,532.64,532.64,532.61,532.61,532.65
Jämijärvi,214.34,214.35,214.35,214.35,214.35,214.35,214.37,214.3,214.36,214.63,215.09,215.09
Kankaanpää,1020.34,1020.78,1020.78,1020.78,1020.78,1020.78,1020.98,1021.11,1021.0,1021.12,1021.24,1021.25
Karvia,502.38,502.0,502.0,502.13,502.13,502.14,502.16,502.18,502.18,502.18,502.22,502.22
Kokemäki,481.23,481.22,481.22,481.31,480.35,480.36,480.48,480.47,480.48,480.2,480.41,480.42
Merikarvia,446.04,446.03,446.03,446.08,446.08,446.12,446.12,446.12,446.14,446.16,446.16,446.28
Nakkila,182.91,182.91,182.91,182.91,182.91,182.91,182.91,182.91,182.9,182.9,182.93,182.93
Pomarkku,301.09,301.08,301.08,301.08,301.08,301.09,301.18,301.18,301.18,301.18,301.19,301.20
Pori,1155.18,1155.41,1155.41,1155.66,1155.67,1155.95,1155.79,1155.83,1156.01,1156.1,1156.16,1156.16
Rauma,495.62,495.6,495.6,495.66,495.74,495.73,495.83,495.83,496.02,496.17,496.35,496.43
Siikainen,463.19,463.19,463.19,463.19,463.19,463.2,463.34,463.31,463.29,463.3,463.3,463.32
Säkylä,406.63,406.65,406.65,406.65,406.65,406.75,406.75,406.75,406.75,406.89,406.85,406.85
Ulvila,400.7,400.7,400.7,400.66,400.65,400.66,400.65,400.65,400.65,400.63,400.82,400.82
Forssa,248.78,248.78,248.78,248.79,248.78,248.76,248.76,248.76,248.76,248.76,248.83,248.84
Hattula,357.82,357.81,357.81,357.81,357.81,357.81,357.8,357.81,357.79,357.79,357.79,357.80
Hausjärvi,389.81,389.31,389.31,389.32,389.32,389.32,389.36,389.36,389.36,389.42,389.42,389.42
Humppila,147.94,147.94,147.94,147.96,147.96,147.96,147.96,147.96,147.96,147.96,147.96,147.96
Hämeenlinna,1785.78,1785.21,1785.21,1785.01,1785.03,1785.05,1785.02,1785.07,1785.22,1785.35,1785.34,1785.35
Janakkala,547.43,547.44,547.44,547.44,547.46,547.44,547.44,547.44,547.42,547.41,547.41,547.41
Jokioinen,180.43,180.43,180.43,180.42,180.42,180.42,180.42,180.42,180.42,180.42,180.42,180.42
Loppi,597.59,597.6,597.6,597.52,597.53,597.6,597.63,597.63,597.63,597.69,597.69,597.69
Riihimäki,121.03,121.03,121.03,121.03,121.03,121.03,121.01,121.01,121.0,121.01,121.01,121.01
Tammela,640.4,640.39,640.39,640.39,640.39,640.53,640.53,640.53,640.53,640.58,640.61,640.59
Ypäjä,182.75,182.75,182.75,182.76,182.76,182.76,182.76,182.76,182.76,182.76,182.76,182.76
Akaa,293.14,293.14,293.14,293.15,293.15,293.15,293.14,293.26,293.26,293.26,293.26,293.26
Hämeenkyrö,463.77,463.77,463.77,463.79,463.84,463.84,463.89,463.89,463.91,463.99,463.99,463.99
Ikaalinen,750.3,750.3,750.3,750.31,750.37,750.4,750.4,750.36,750.41,750.41,750.48,750.48
Juupajoki,258.5,258.5,258.5,258.5,258.5,258.5,258.5,258.5,258.5,258.5,258.49,258.49
Kangasala,658.02,658.01,658.01,658.04,658.04,658.08,658.08,658.07,658.07,658.09,658.08,658.02
Kihniö,357.11,357.1,357.1,357.1,357.1,357.1,357.11,357.11,357.11,357.21,357.22,357.22
Kuhmoinen,660.96,660.96,660.96,660.96,660.96,660.94,660.95,660.95,660.92,660.93,660.94,660.93
Lempäälä,269.55,269.52,269.52,269.52,269.54,269.54,269.55,269.55,269.58,269.58,269.58,269.58
Mänttä-Vilppula,534.53,534.87,534.87,534.87,535.0,534.85,534.85,534.85,534.85,534.85,534.84,534.81
Nokia,288.18,288.16,288.16,288.18,288.19,288.2,288.28,288.27,288.3,288.29,288.31,288.30
Orivesi,799.56,799.57,799.57,799.63,799.63,799.65,799.65,799.65,799.65,799.65,799.63,799.72
Parkano,852.17,852.06,852.06,852.07,852.07,852.07,852.9,852.93,852.93,852.72,853.19,853.19
Pirkkala,81.38,81.39,81.39,81.39,81.43,81.43,81.43,81.42,81.42,81.42,81.42,81.42
Punkalaidun,361.07,361.08,361.08,361.08,361.08,361.08,361.08,361.08,361.08,361.1,361.1,361.10
Pälkäne,560.5,560.48,560.48,560.48,560.48,560.48,560.48,560.6,560.72,560.7,560.72,560.71
Ruovesi,776.53,776.76,776.76,776.9,776.92,776.93,776.93,776.98,776.98,776.98,776.99,776.99
Sastamala,1429.25,1429.23,1429.23,1429.15,1428.82,1428.82,1429.04,1429.04,1429.04,1429.16,1429.15,1429.12
Tampere,525.01,525.01,525.01,525.04,524.89,524.91,524.93,524.95,524.95,524.94,524.89,524.89
Urjala,475.22,475.19,475.19,475.18,475.18,475.17,475.24,475.4,475.4,475.41,475.53,475.53
Valkeakoski,271.8,271.95,271.95,271.92,271.92,271.92,271.94,272.04,272.04,272.05,272.05,272.05
Vesilahti,300.91,300.92,300.92,300.92,300.92,300.93,300.98,301.02,301.04,301.04,301.04,301.04
Virrat,1162.35,1162.31,1162.31,1162.58,1162.57,1162.57,1162.55,1162.65,1162.67,1162.68,1162.68,1162.63
Ylöjärvi,1115.46,1115.46,1115.46,1115.69,1115.72,1115.72,1115.66,1115.64,1115.73,1115.75,1115.75,1115.75
Asikkala,563.37,563.38,563.38,563.35,563.35,563.28,563.3,563.3,563.3,563.34,563.34,563.39
Hartola,542.95,542.95,542.95,542.95,542.95,542.94,542.71,542.71,542.71,542.73,542.81,542.96
Heinola,676.25,676.09,676.09,676.08,676.07,676.06,675.99,675.99,675.99,675.99,676.0,675.97
Hollola,650.91,650.89,650.89,650.92,650.97,651.19,651.17,651.16,651.15,651.23,651.23,651.41
Iitti,589.81,589.8,589.8,589.78,589.78,589.85,589.84,589.84,589.79,589.79,589.79,589.81
Kärkölä,256.47,256.47,256.47,256.46,256.48,256.48,256.49,256.49,256.51,256.5,256.5,256.50
Lahti,459.23,459.23,459.23,459.23,459.43,459.47,459.47,459.48,459.5,459.49,459.49,459.50
Orimattila,785.35,785.35,785.35,785.34,785.14,785.18,785.18,785.18,785.17,785.26,785.26,785.26
Padasjoki,523.19,523.18,523.18,523.14,523.14,523.14,523.12,523.12,523.11,523.09,523.09,523.09
Sysmä,666.91,666.91,666.91,666.89,666.89,666.89,666.3,666.3,666.3,666.3,666.22,666.76
Hamina,609.51,609.51,609.51,609.71,609.71,609.71,609.71,609.8,609.8,609.8,609.94,609.89
Kotka,271.33,271.62,271.62,272.01,272.01,272.01,272.02,272.03,271.95,271.95,271.95,272.13
Kouvola,2558.24,2558.37,2558.37,2558.31,2558.37,2558.47,2558.32,2558.24,2557.67,2557.67,2557.7,2557.63
Miehikkälä,422.22,422.23,422.23,422.23,422.26,422.26,422.24,422.47,422.47,422.5,422.51,422.63
Pyhtää,324.72,324.72,324.72,324.74,324.75,324.75,324.75,324.75,324.63,324.63,324.63,324.63
Virolahti,371.95,371.95,371.95,371.95,372.0,372.0,371.99,371.99,371.99,371.99,371.99,372.47
Imatra,154.99,155.01,155.01,155.01,155.01,155.01,155.01,155.01,155.01,155.0,154.99,154.99
Lappeenranta,1433.37,1433.35,1433.35,1433.35,1433.44,1433.33,1433.47,1433.78,1433.78,1433.79,1433.97,1433.99
Lemi,217.77,217.77,217.77,217.87,217.87,217.87,217.87,217.9,217.9,217.91,217.96,217.96
Luumäki,750.07,750.08,750.08,750.07,750.08,750.05,750.06,750.06,750.06,750.06,750.09,750.16
Parikkala,592.93,592.92,592.92,592.92,592.89,592.27,592.26,592.01,592.01,592.01,591.91,591.91
Rautjärvi,351.64,351.64,351.64,351.64,351.59,351.55,351.55,351.51,351.51,351.51,351.47,351.47
Ruokolahti,943.49,943.43,943.43,943.42,942.98,942.46,942.47,942.27,942.27,942.28,942.1,942.09
Savitaipale,539.74,539.74,539.74,539.73,539.57,539.49,539.47,539.18,539.12,539.12,539.12,539.11
Taipalsaari,345.1,345.13,345.13,345.1,344.88,344.88,344.88,344.84,344.7,344.69,344.69,344.69
Enonkoski,305.84,305.82,305.82,305.57,305.55,305.55,305.55,305.58,305.58,305.55,305.55,305.58
Hirvensalmi,465.38,465.38,465.38,465.3,465.25,465.25,465.28,465.28,465.28,465.21,465.09,465.09
Juva,1163.24,1163.03,1163.03,1162.93,1162.92,1162.92,1163.18,1163.18,1163.18,1163.19,1163.19,1163.37
Kangasniemi,1068.96,1068.84,1068.84,1068.87,1068.87,1068.85,1068.84,1068.84,1068.84,1068.88,1068.89,1068.89
Mikkeli,2549.55,2549.07,2549.07,2548.51,2548.46,2548.46,2548.54,2548.36,2548.35,2548.19,2548.18,2548.35
Mäntyharju,981.78,981.78,981.78,980.9,980.91,980.88,980.87,980.87,980.9,980.9,981.21,981.26
Pertunmaa,374.48,374.49,374.49,374.44,374.44,374.45,374.45,374.44,374.46,374.43,374.43,374.45
Pieksämäki,1568.57,1568.64,1568.64,1568.62,1568.61,1568.74,1568.7,1568.7,1568.71,1569.01,1569.03,1569.03
Puumala,794.53,794.52,794.52,794.52,794.5,794.5,794.51,794.18,794.18,794.18,794.11,794.11
Rantasalmi,559.16,559.16,559.16,559.14,559.15,559.17,559.2,559.2,559.19,559.29,559.31,559.53
Savonlinna,2239.42,2239.5,2239.5,2239.06,2239.02,2238.38,2238.21,2238.09,2238.09,2238.17,2238.11,2237.87
Sulkava,584.69,584.69,584.69,584.62,584.63,584.63,584.63,584.53,584.53,584.54,584.47,584.42
Iisalmi,762.97,762.97,762.97,762.97,762.97,763.05,763.04,763.03,763.02,762.99,762.99,762.99
Joroinen,575.18,575.19,575.19,575.09,575.13,575.13,575.12,575.12,575.13,574.9,574.9,574.89
Kaavi,674.08,674.0,674.0,674.01,674.02,674.01,674.02,674.03,674.07,674.07,674.07,674.08
Keitele,481.79,481.78,481.78,481.78,481.78,481.78,482.9,482.91,482.91,482.91,482.91,482.91
Kiuruvesi,1328.15,1328.14,1328.14,1328.13,1328.13,1328.13,1328.14,1328.14,1328.14,1328.15,1328.17,1328.19
Kuopio,3240.99,3240.99,3240.99,3241.04,3241.0,3241.01,3241.02,3241.03,3241.01,3241.02,3241.05,3241.74
Lapinlahti,1096.53,1096.51,1096.51,1096.51,1096.53,1096.61,1096.63,1096.59,1096.6,1096.7,1096.7,1096.71
Leppävirta,1136.05,1136.03,1136.03,1136.02,1136.01,1136.01,1136.0,1135.98,1135.99,1135.99,1135.99,1136.26
Pielavesi,1153.23,1153.23,1153.23,1153.23,1153.23,1153.22,1153.22,1153.22,1153.22,1153.23,1153.23,1153.23
Rautalampi,538.98,538.98,538.98,538.94,538.93,538.93,538.96,538.96,538.96,538.96,538.96,538.95
Rautavaara,1150.93,1150.93,1150.93,1150.94,1150.97,1150.96,1150.96,1150.95,1150.66,1150.64,1150.64,1150.63
Siilinjärvi,400.96,400.96,400.96,400.96,400.96,400.96,400.96,400.96,400.96,400.97,400.97,401.00
Sonkajärvi,1465.87,1465.85,1465.85,1465.82,1465.82,1465.84,1465.85,1465.92,1465.91,1465.91,1465.93,1465.93
Suonenjoki,713.54,713.55,713.55,713.54,713.54,713.54,713.54,713.54,713.55,713.56,713.56,713.56
Tervo,347.73,347.73,347.73,347.73,347.75,347.74,347.75,347.75,347.75,347.75,347.75,347.75
Tuusniemi,543.27,543.21,543.21,543.16,543.17,543.17,543.16,543.18,543.17,543.18,543.18,543.18
Varkaus,385.57,385.62,385.62,385.62,385.62,385.64,385.63,385.63,385.63,385.61,385.62,385.62
Vesanto,422.63,422.63,422.63,422.63,422.63,422.62,422.62,422.62,422.62,422.63,422.63,422.63
Vieremä,925.21,925.26,925.26,925.26,925.26,925.24,925.22,925.21,925.21,925.24,925.28,925.28
Heinävesi,1030.28,1030.28,1030.28,1029.96,1029.96,1029.96,1029.96,1029.96,1029.96,1029.96,1029.95,1029.96
Ilomantsi,2763.71,2763.57,2763.57,2763.49,2763.48,2763.48,2763.48,2763.39,2763.39,2763.39,2763.38,2763.40
Joensuu,2381.7,2381.65,2381.65,2381.66,2381.69,2381.69,2381.69,2381.65,2381.68,2381.69,2381.73,2381.79
Juuka,1501.79,1501.76,1501.76,1501.7,1501.7,1501.72,1501.73,1501.72,1501.7,1501.7,1501.7,1501.70
Kitee,1253.58,1253.59,1253.59,1253.6,1253.6,1253.59,1253.58,1253.57,1253.67,1253.66,1253.82,1253.82
Kontiolahti,799.69,799.68,799.68,799.68,799.18,799.18,799.19,799.2,799.2,799.2,799.64,799.82
Lieksa,3418.42,3418.35,3418.35,3418.06,3418.06,3418.06,3417.85,3417.89,3417.89,3417.88,3417.86,3417.86
Liperi,726.9,726.9,726.9,726.9,726.9,726.9,726.87,726.87,726.87,726.87,727.2,727.19
Nurmes,2401.41,2401.4,2401.4,2401.37,2401.35,2401.33,2401.35,2401.36,2401.37,2401.38,2401.37,2401.35
Outokumpu,445.84,445.82,445.82,445.82,445.81,445.81,445.81,445.82,445.83,445.82,445.86,445.87
Polvijärvi,804.14,804.15,804.15,804.15,804.15,804.15,804.15,804.16,804.16,804.16,804.91,804.63
Rääkkylä,427.68,427.67,427.67,427.66,427.66,427.61,427.61,427.61,427.61,427.61,427.78,427.93
Tohmajärvi,837.73,837.73,837.73,837.74,837.75,837.75,837.76,837.76,837.76,837.75,837.75,837.82
Hankasalmi,571.85,571.73,571.73,571.69,571.71,571.69,571.69,571.69,571.69,571.69,571.69,571.70
Joutsa,867.16,867.16,867.16,867.11,867.11,867.11,867.02,867.02,867.02,867.03,867.01,867.07
Jyväskylä,1171.01,1171.0,1171.0,1170.9,1170.93,1170.95,1170.97,1170.97,1170.97,1171.02,1171.02,1171.03
Jämsä,1571.32,1571.32,1571.32,1571.34,1571.23,1571.38,1571.37,1571.36,1571.37,1571.37,1571.39,1571.41
Kannonkoski,444.75,444.72,444.72,445.01,445.0,445.0,445.0,445.01,445.01,445.01,445.01,445.00
Karstula,887.26,887.26,887.26,887.18,887.07,887.07,887.06,887.07,887.07,887.08,887.07,887.06
Keuruu,1258.02,1258.03,1258.03,1258.02,1257.97,1257.97,1257.98,1257.97,1257.97,1257.96,1257.97,1257.97
Kinnula,460.23,460.24,460.24,460.18,460.19,460.19,460.18,460.2,460.2,460.2,460.2,460.20
Kivijärvi,483.94,483.95,483.95,483.95,483.94,483.94,483.96,483.96,483.96,483.97,483.96,483.96
Konnevesi,513.01,512.97,512.97,512.96,512.96,512.93,512.93,512.93,512.94,512.94,512.94,512.94
Kyyjärvi,448.22,448.22,448.22,448.22,448.22,448.22,448.21,448.2,448.2,448.2,448.18,448.22
Laukaa,648.54,648.54,648.54,648.4,648.4,648.49,648.49,648.49,648.49,648.5,648.51,648.51
Luhanka,214.53,214.53,214.53,214.53,214.53,214.52,214.5,214.5,214.5,214.51,214.51,214.50
Multia,733.25,733.24,733.24,733.26,733.26,733.27,733.27,733.24,733.24,733.24,733.24,733.25
Muurame,144.06,144.06,144.06,144.06,144.06,144.06,144.05,144.05,144.05,144.06,144.06,144.06
Petäjävesi,456.38,456.39,456.39,456.41,456.41,456.4,456.4,456.4,456.4,456.42,456.42,456.42
Pihtipudas,1074.77,1074.77,1074.77,1074.66,1074.67,1074.67,1074.9,1074.9,1074.91,1074.92,1074.92,1074.93
Saarijärvi,1251.94,1251.88,1251.88,1251.69,1251.8,1251.8,1251.73,1251.72,1251.7,1251.71,1251.72,1251.76
Toivakka,361.49,361.43,361.43,361.44,361.45,361.44,361.45,361.45,361.45,361.45,361.46,361.46
Uurainen,348.05,348.05,348.05,347.99,347.99,347.98,347.99,347.98,347.98,347.98,347.98,347.98
Viitasaari,1248.69,1248.48,1248.48,1248.48,1248.48,1248.46,1248.46,1248.55,1248.55,1248.54,1248.54,1248.53
Äänekoski,884.54,884.48,884.48,884.48,884.49,884.54,884.57,884.57,884.57,884.58,884.62,884.61
Alajärvi,1008.75,1008.74,1008.74,1008.75,1008.75,1008.79,1008.82,1008.83,1008.83,1008.85,1008.77,1008.77
Alavus,1088.17,1088.16,1088.16,1088.16,1087.31,1087.23,1087.23,1087.22,1087.18,1087.24,1087.24,1087.23
Evijärvi,354.01,354.07,354.07,354.08,354.13,354.13,354.15,354.15,354.15,354.16,354.15,354.15
Ilmajoki,576.79,576.79,576.79,576.78,576.78,576.78,576.79,576.79,576.81,576.74,576.74,576.74
Isojoki,642.38,642.38,642.38,642.38,642.38,642.37,642.37,642.38,642.38,642.38,642.38,642.40
Isokyrö,354.2,354.19,354.19,354.13,354.13,354.14,354.13,354.13,354.13,354.13,354.13,354.13
Karijoki,185.77,185.76,185.76,185.76,185.76,185.76,185.76,185.72,185.76,185.57,185.58,185.58
Kauhajoki,1299.1,1299.08,1299.08,1299.03,1298.98,1298.97,1298.98,1298.98,1298.99,1298.96,1298.99,1298.98
Kauhava,1313.73,1313.69,1313.69,1313.46,1313.41,1313.44,1313.51,1313.78,1313.79,1313.82,1313.85,1313.85
Kuortane,462.17,462.17,462.17,462.17,462.16,462.15,462.16,462.18,462.17,462.14,462.37,462.37
Kurikka,1724.34,1724.32,1724.32,1723.94,1724.16,1724.06,1724.42,1724.62,1724.67,1724.63,1724.63,1724.62
Lappajärvi,420.86,420.89,420.89,421.06,420.14,420.06,420.06,420.81,420.81,420.88,420.89,420.89
Lapua,737.09,737.15,737.15,737.39,738.15,738.17,738.18,737.15,737.15,737.15,737.16,737.16
Seinäjoki,1431.64,1431.64,1431.64,1431.76,1431.79,1431.77,1431.77,1431.78,1431.75,1431.78,1431.77,1431.77
Soini,552.06,551.95,551.95,551.96,551.95,551.95,551.95,551.95,551.95,551.95,551.95,551.95
Teuva,554.66,554.7,554.7,554.7,554.7,554.7,554.7,554.67,554.57,554.67,554.73,554.73
Vimpeli,287.28,287.33,287.33,287.15,287.33,287.32,287.32,287.32,287.32,287.32,287.32,287.32
Ähtäri,804.96,804.94,804.94,804.93,805.85,805.85,805.84,805.82,805.83,805.82,805.82,805.81
Kaskinen,10.63,10.63,10.63,10.63,10.63,10.63,10.63,10.63,10.63,10.63,10.63,10.64
Korsnäs,235.78,235.78,235.78,235.78,235.78,235.85,236.01,236.01,236.0,236.03,236.03,236.27
Kristiinankaupunki,682.99,682.99,682.99,683.03,683.03,683.04,683.04,683.04,683.04,683.24,683.25,683.25
Kruunupyy,712.34,712.36,712.36,712.35,712.68,712.86,712.86,712.86,712.86,712.91,712.87,712.85
Laihia,504.24,504.24,504.24,504.3,504.3,504.3,504.3,505.16,505.16,505.16,505.15,505.16
Luoto,142.44,142.34,142.34,142.45,142.45,142.45,142.45,142.45,142.45,142.46,142.45,142.74
Maalahti,521.31,521.31,521.31,521.31,521.3,521.3,521.75,521.75,521.75,521.74,521.75,522.11
Mustasaari,848.14,848.72,848.72,848.72,848.83,848.96,849.07,849.13,849.13,849.16,849.17,849.49
Närpiö,977.26,977.51,977.51,977.5,977.52,977.71,977.71,977.71,977.71,977.74,977.82,977.82
Pedersören kunta,794.28,794.28,794.28,794.26,794.27,794.26,794.28,794.26,794.25,794.26,794.26,794.26
Pietarsaari,88.31,88.41,88.41,88.45,88.45,88.45,88.45,88.45,88.44,88.45,88.45,88.52
Uusikaarlepyy,732.37,732.66,732.66,732.66,732.65,732.65,732.66,732.66,732.64,732.7,732.71,732.83
Vaasa,364.48,364.26,364.26,364.5,364.54,364.55,364.67,364.67,364.67,364.72,364.73,364.84
Vöyri,781.31,781.98,781.98,781.97,781.85,782.0,782.12,782.14,782.2,782.14,782.14,782.13
Halsua,412.7,412.71,412.71,413.01,413.01,413.01,413.01,413.02,413.02,413.02,413.01,413.01
Kannus,468.24,468.24,468.24,468.23,468.23,468.33,468.33,468.33,468.33,468.04,468.04,468.04
Kaustinen,354.03,354.03,354.03,354.03,353.97,353.97,353.97,353.97,353.92,353.91,353.91,353.91
Kokkola,1444.2,1444.19,1444.19,1444.98,1445.01,1445.11,1445.11,1445.11,1445.44,1445.95,1445.96,1446.27
Lestijärvi,480.69,480.69,480.69,480.65,480.65,480.65,480.65,480.3,480.3,480.07,480.02,480.06
Perho,747.94,747.92,747.92,747.83,747.83,747.83,747.83,747.87,747.87,747.87,747.87,747.87
Toholampi,608.43,608.43,608.43,608.32,608.36,608.82,608.82,608.82,608.82,608.99,608.98,609.16
Veteli,502.31,502.34,502.34,502.31,502.32,502.34,502.13,502.13,502.13,502.13,502.13,502.12
Alavieska,251.37,251.36,251.36,251.36,251.37,251.41,251.41,251.41,251.47,251.5,251.5,251.50
Haapajärvi,765.64,765.66,765.66,765.67,765.74,765.74,765.89,766.18,766.19,766.38,766.42,766.45
Haapavesi,1049.73,1049.77,1049.77,1049.77,1049.78,1049.78,1049.78,1049.82,1049.82,1050.41,1050.59,1050.47
Hailuoto,200.56,200.56,200.56,200.61,201.21,201.21,201.21,201.47,205.66,205.66,205.66,205.65
Ii,1552.63,1552.66,1552.66,1553.19,1553.18,1553.22,1614.06,1614.1,1614.1,1614.63,1615.72,1615.71
Kalajoki,922.16,922.18,922.18,922.24,922.46,922.93,922.98,922.97,924.05,924.09,924.13,924.10
Kempele,110.12,110.11,110.11,110.11,110.11,110.1,110.1,110.11,110.11,110.14,110.14,110.14
Kuusamo,4978.14,4977.86,4977.86,4977.02,4977.13,4978.0,4978.28,4978.3,4978.52,4978.52,4978.57,4978.85
Kärsämäki,695.93,695.94,695.94,695.95,695.94,695.95,695.95,695.97,695.97,696.39,696.5,696.50
Liminka,637.15,637.16,637.16,637.11,637.03,637.04,637.0,637.31,637.31,637.31,637.27,637.31
Lumijoki,213.19,213.19,213.19,213.53,213.85,213.85,213.85,213.87,214.16,214.12,214.12,214.12
Merijärvi,229.83,229.83,229.83,229.84,229.88,229.94,229.94,229.94,229.97,229.97,229.97,229.97
Muhos,783.72,783.75,783.75,783.68,783.65,783.65,783.64,783.74,783.75,783.75,784.58,784.59
Nivala,527.94,527.95,527.95,527.88,527.87,527.87,527.89,527.88,527.84,526.67,527.18,527.31
Oulainen,587.6,587.75,587.75,587.76,587.79,587.79,587.79,587.8,587.82,587.84,587.84,587.84
Oulu,3030.83,3031.0,3031.0,3031.61,3031.64,3031.89,2970.97,2971.96,2971.96,2971.14,2972.45,2972.44
Pudasjärvi,5637.73,5637.52,5637.52,5637.29,5637.3,5638.03,5638.07,5638.16,5638.28,5638.35,5638.35,5638.67
Pyhäjoki,542.33,542.33,542.33,542.57,542.58,543.0,543.01,543.01,543.11,543.11,543.21,543.21
Pyhäjärvi,1311.0,1311.33,1311.33,1311.32,1311.32,1311.31,1310.79,1310.8,1310.8,1310.33,1310.31,1310.25
Pyhäntä,810.77,810.73,810.73,810.7,810.7,810.7,810.69,810.67,810.67,810.21,810.2,810.16
Raahe,1014.0,1014.14,1014.14,1014.22,1014.26,1014.22,1014.41,1014.38,1015.43,1015.34,1015.33,1013.78
Reisjärvi,474.36,474.42,474.42,474.45,474.44,474.45,474.46,474.45,474.6,474.64,474.62,474.39
Sievi,787.32,787.33,787.33,787.34,787.33,787.36,787.13,787.14,786.98,786.95,786.4,786.40
Siikajoki,1052.02,1052.3,1052.3,1051.33,1051.43,1051.64,1051.55,1051.61,1054.05,1054.07,1053.89,1055.46
Siikalatva,2171.85,2171.86,2171.86,2172.6,2172.55,2172.53,2172.53,2172.94,2172.94,2173.37,2173.27,2173.26
Taivalkoski,2438.03,2438.03,2438.03,2437.81,2437.95,2438.16,2438.14,2437.85,2437.79,2437.79,2438.21,2438.21
Tyrnävä,491.81,491.81,491.81,491.82,491.81,491.8,491.8,491.81,491.82,491.81,491.82,491.82
Utajärvi,1671.12,1671.12,1671.12,1671.01,1671.01,1671.07,1671.09,1671.17,1671.15,1671.72,1669.47,1669.46
Vaala,1302.64,1302.11,1302.11,1302.19,1302.11,1302.11,1302.65,1302.72,1302.59,1302.38,1302.38,1302.37
Ylivieska,568.57,568.57,568.57,568.62,568.66,568.66,568.89,568.89,568.92,569.73,569.83,569.83
Hyrynsalmi,1421.05,1421.05,1421.05,1421.01,1421.01,1421.02,1421.1,1421.1,1421.19,1421.26,1421.25,1421.27
Kajaani,1835.09,1835.09,1835.09,1835.06,1834.94,1834.77,1834.73,1834.78,1834.78,1834.73,1834.73,1834.83
Kuhmo,4806.75,4806.69,4806.69,4806.44,4806.31,4806.31,4806.57,4806.52,4806.53,4806.43,4806.45,4807.07
Paltamo,918.87,918.57,918.57,918.56,918.38,918.43,918.23,918.24,918.26,918.76,918.79,918.79
Puolanka,2461.42,2461.35,2461.35,2461.26,2461.25,2461.3,2461.28,2461.3,2461.28,2461.2,2461.21,2461.17
Ristijärvi,835.61,835.62,835.62,835.58,835.58,835.58,835.63,835.64,835.77,835.82,835.8,835.83
Sotkamo,2649.16,2649.16,2649.16,2649.28,2649.15,2649.15,2649.21,2648.8,2648.75,2648.74,2648.97,2648.88
Suomussalmi,5270.55,5270.17,5270.17,5270.1,5270.79,5270.89,5270.8,5270.58,5270.56,5270.32,5270.43,5270.33
Enontekiö,7945.54,7945.49,7945.49,7945.72,7950.4,7952.91,7952.91,7952.91,7952.59,7952.59,7953.44,7953.42
Inari,15052.26,15053.04,15053.04,15053.5,15055.1,15055.11,15056.32,15056.29,15056.29,15056.29,15058.35,15060.09
Kemi,95.35,95.41,95.41,95.38,95.38,95.37,95.37,95.37,95.37,95.3,95.32,95.38
Kemijärvi,3505.5,3504.97,3504.97,3504.98,3504.99,3504.98,3504.76,3504.13,3504.13,3504.36,3504.37,3504.39
Keminmaa,625.06,626.3,626.3,626.3,626.3,626.33,626.34,626.35,626.35,626.29,627.17,627.27
Kittilä,8094.08,8094.33,8094.33,8094.36,8094.25,8094.26,8094.58,8094.39,8094.83,8095.12,8095.28,8095.28
Kolari,2558.8,2558.81,2558.81,2558.81,2559.03,2559.19,2559.42,2559.2,2559.34,2559.21,2559.29,2559.29
Muonio,1904.3,1903.87,1903.87,1904.1,1904.1,1906.01,1906.0,1906.0,1905.96,1904.05,1904.05,1904.05
Pelkosenniemi,1836.34,1836.17,1836.17,1836.17,1836.17,1836.17,1836.2,1836.14,1836.14,1836.42,1836.4,1836.38
Pello,1737.57,1737.56,1737.56,1737.6,1737.65,1738.59,1738.76,1738.64,1738.64,1737.71,1737.73,1738.15
Posio,3038.86,3039.16,3039.16,3039.15,3039.12,3039.75,3039.79,3039.79,3039.79,3039.56,3039.73,3039.68
Ranua,3453.73,3453.71,3453.71,3453.72,3453.88,3453.94,3453.62,3453.62,3453.61,3453.41,3453.39,3454.17
Rovaniemi,7581.96,7582.06,7582.06,7581.86,7581.86,7581.73,7581.51,7581.51,7581.51,7581.51,7581.37,7581.63
Salla,5729.33,5729.85,5729.85,5730.06,5730.06,5730.06,5730.05,5729.66,5729.92,5729.65,5729.83,5729.81
Savukoski,6438.26,6438.33,6438.33,6438.65,6438.65,6438.65,6438.65,6439.2,6439.58,6439.65,6440.01,6440.08
Simo,1446.03,1446.81,1446.81,1447.35,1447.35,1447.33,1447.33,1447.34,1447.34,1447.29,1446.59,1446.30
Sodankylä,11696.81,11693.35,11693.35,11691.73,11691.73,11691.71,11691.74,11691.64,11691.7,11692.75,11692.96,11692.98
Tervola,1561.73,1559.72,1559.72,1559.71,1559.7,1559.69,1559.69,1559.74,1559.73,1559.86,1559.71,1559.72
Tornio,1186.97,1187.77,1187.77,1188.0,1188.0,1188.0,1188.05,1188.78,1188.78,1188.78,1188.7,1188.71
Utsjoki,5144.26,5144.49,5144.49,5144.49,5144.52,5145.98,5145.98,5145.98,5145.98,5145.98,5146.08,5147.16
Ylitornio,2028.86,2028.55,2028.55,2028.73,2028.74,2028.73,2028.73,2028.04,2028.04,2028.04,2028.29,2029.30
Brändö,108.0,107.88,107.88,107.88,107.88,108.14,108.17,108.17,108.17,108.17,108.18,108.18
Eckerö,107.69,107.65,107.65,107.72,107.72,107.72,107.72,107.72,107.72,107.72,107.72,107.72
Finström,123.25,123.23,123.23,123.26,123.26,123.27,123.26,123.26,123.32,123.32,123.32,123.43
Föglö,134.78,134.77,134.77,134.77,134.71,134.73,134.73,134.73,134.76,134.76,134.77,134.77
Geta,84.34,84.35,84.35,84.55,84.54,84.54,84.55,84.55,84.55,84.55,84.55,84.55
Hammarland,138.17,138.21,138.21,138.35,138.34,138.35,138.35,138.35,138.56,138.55,138.55,138.55
Jomala,142.53,142.54,142.54,142.55,142.55,142.55,142.55,142.55,142.67,142.67,142.65,142.73
Kumlinge,99.26,99.23,99.23,99.22,99.09,98.98,98.98,98.98,99.05,99.06,99.07,99.06
Kökar,63.55,63.55,63.55,63.55,63.62,63.59,63.59,63.58,63.57,63.57,63.57,63.58
Lemland,113.08,113.08,113.08,113.08,113.23,113.23,113.23,113.23,113.21,113.21,113.22,113.21
Lumparland,36.26,36.25,36.25,36.26,36.35,36.35,36.35,36.35,36.35,36.35,36.35,36.35
Maarianhamina - Mariehamn,11.8,11.8,11.8,11.8,11.8,11.8,11.8,11.8,11.8,11.8,11.81,11.81
Saltvik,151.92,151.93,151.93,152.24,152.24,152.24,152.24,152.23,152.24,152.24,152.25,152.25
Sottunga,28.04,28.05,28.05,28.04,28.04,28.04,28.04,28.04,28.03,28.03,28.04,28.03
Sund,108.12,108.12,108.12,108.18,108.2,108.21,108.21,108.21,108.2,108.2,108.2,108.21
Vårdö,101.59,101.59,101.59,101.72,101.73,101.73,101.73,101.73,101.71,101.7,101.71,101.75
