City,2010_naiset_he,2011_naiset_he,2012_naiset_he,2013_naiset_he,2014_naiset_he,2015_naiset_he,2016_naiset_he,2017_naiset_he,2018_naiset_he,2019_naiset_he,2020_naiset_he,2021_naiset_he
Askola,2409.0,2429.0,2483.0,2473.0,2515.0,2539.0,2516.0,2471.0,2439.0,2447.0,2392.0,2394.0
Espoo,125683.0,127897.0,129968.0,131816.0,134114.0,136154.0,138346.0,140491.0,142616.0,145568.0,146904.0,149164.0
Hanko,4677.0,4657.0,4588.0,4517.0,4475.0,4439.0,4332.0,4260.0,4192.0,4081.0,4006.0,3963.0
Helsinki,312188.0,315320.0,319406.0,323707.0,327602.0,331057.0,334171.0,338035.0,340409.0,343133.0,344724.0,345028.0
Hyvinkää,23257.0,23308.0,23356.0,23683.0,23723.0,23820.0,23801.0,23853.0,23752.0,23760.0,23816.0,23984.0
Inkoo,2811.0,2829.0,2811.0,2830.0,2814.0,2798.0,2787.0,2735.0,2708.0,2709.0,2687.0,2693.0
Järvenpää,19854.0,20003.0,20344.0,20461.0,20660.0,20947.0,21271.0,21853.0,22233.0,22351.0,22822.0,23256.0
Karkkila,4669.0,4649.0,4617.0,4591.0,4549.0,4562.0,4514.0,4496.0,4431.0,4392.0,4394.0,4388.0
Kauniainen,4472.0,4551.0,4578.0,4684.0,4818.0,4876.0,4826.0,4970.0,4988.0,5077.0,5249.0,5372.0
Kerava,17552.0,17702.0,17671.0,17896.0,18057.0,17989.0,18116.0,18121.0,18429.0,18653.0,18853.0,18840.0
Kirkkonummi,18516.0,18644.0,18856.0,19017.0,19196.0,19394.0,19559.0,19628.0,19690.0,19839.0,20103.0,20278.0
Lapinjärvi,1446.0,1431.0,1422.0,1417.0,1386.0,1382.0,1368.0,1354.0,1332.0,1298.0,1298.0,1267.0
Lohja,23930.0,23953.0,24055.0,24184.0,24182.0,23990.0,23898.0,23696.0,23446.0,23258.0,23211.0,23291.0
Loviisa,7826.0,7794.0,7768.0,7758.0,7751.0,7661.0,7607.0,7551.0,7415.0,7325.0,7313.0,7281.0
Myrskylä,1002.0,1003.0,998.0,998.0,1001.0,999.0,1010.0,1013.0,984.0,972.0,965.0,933.0
Mäntsälä,10135.0,10183.0,10354.0,10385.0,10417.0,10426.0,10479.0,10463.0,10424.0,10387.0,10398.0,10388.0
Nurmijärvi,20041.0,20248.0,20438.0,20690.0,20873.0,20992.0,21069.0,21145.0,21351.0,21465.0,21752.0,21893.0
Pornainen,2532.0,2536.0,2547.0,2560.0,2535.0,2527.0,2512.0,2542.0,2501.0,2467.0,2462.0,2448.0
Porvoo,24932.0,24933.0,24983.0,25155.0,25303.0,25423.0,25475.0,25474.0,25576.0,25622.0,25801.0,26067.0
Pukkila,1004.0,1007.0,1021.0,1015.0,1006.0,976.0,978.0,946.0,931.0,903.0,887.0,897.0
Raasepori,14801.0,14747.0,14659.0,14606.0,14572.0,14451.0,14254.0,14110.0,13995.0,13920.0,13888.0,13903.0
Sipoo,9170.0,9291.0,9380.0,9469.0,9532.0,9704.0,9937.0,10143.0,10299.0,10572.0,10788.0,11056.0
Siuntio,3006.0,3032.0,3032.0,3047.0,3053.0,3035.0,3013.0,3011.0,3005.0,3000.0,3011.0,3037.0
Tuusula,18660.0,18887.0,19012.0,19089.0,19187.0,19285.0,19365.0,19354.0,19331.0,19318.0,19316.0,19812.0
Vantaa,102090.0,103512.0,104504.0,105721.0,107016.0,108840.0,110913.0,112414.0,114722.0,117337.0,118747.0,119127.0
Vihti,14255.0,14386.0,14391.0,14523.0,14558.0,14500.0,14494.0,14523.0,14644.0,14644.0,14635.0,14675.0
Aura,1979.0,2029.0,2018.0,2018.0,2025.0,2035.0,2036.0,2046.0,2050.0,2031.0,2025.0,2003.0
Kaarina,15865.0,15908.0,16017.0,16236.0,16397.0,16632.0,16752.0,16925.0,17119.0,17379.0,17746.0,18196.0
Kemiönsaari,3627.0,3620.0,3544.0,3510.0,3476.0,3439.0,3406.0,3372.0,3337.0,3296.0,3286.0,3304.0
Koski Tl,1224.0,1235.0,1246.0,1225.0,1229.0,1209.0,1209.0,1186.0,1182.0,1160.0,1163.0,1146.0
Kustavi,437.0,443.0,440.0,424.0,432.0,435.0,440.0,434.0,437.0,453.0,458.0,461.0
Laitila,4253.0,4248.0,4262.0,4303.0,4323.0,4301.0,4307.0,4308.0,4308.0,4276.0,4221.0,4210.0
Lieto,9106.0,9326.0,9476.0,9561.0,9639.0,9686.0,9759.0,9868.0,9971.0,10057.0,10148.0,10209.0
Loimaa,8621.0,8591.0,8517.0,8469.0,8409.0,8330.0,8203.0,8143.0,8074.0,7980.0,7908.0,7820.0
Marttila,969.0,970.0,976.0,1005.0,1020.0,1008.0,995.0,975.0,981.0,979.0,977.0,974.0
Masku,4723.0,4774.0,4805.0,4820.0,4831.0,4773.0,4746.0,4740.0,4696.0,4667.0,4669.0,4725.0
Mynämäki,4011.0,4015.0,3960.0,3963.0,3963.0,3942.0,3940.0,3940.0,3906.0,3835.0,3829.0,3781.0
Naantali,9679.0,9689.0,9664.0,9706.0,9722.0,9743.0,9802.0,9851.0,9909.0,9949.0,10007.0,10079.0
Nousiainen,2390.0,2355.0,2386.0,2375.0,2373.0,2391.0,2375.0,2363.0,2312.0,2298.0,2291.0,2266.0
Oripää,714.0,715.0,721.0,713.0,709.0,685.0,678.0,681.0,658.0,641.0,636.0,637.0
Paimio,5257.0,5301.0,5361.0,5351.0,5377.0,5383.0,5425.0,5426.0,5426.0,5441.0,5473.0,5551.0
Parainen,7842.0,7832.0,7870.0,7826.0,7804.0,7801.0,7744.0,7681.0,7641.0,7587.0,7569.0,7538.0
Pyhäranta,1098.0,1077.0,1080.0,1074.0,1049.0,1046.0,1012.0,1012.0,982.0,957.0,958.0,952.0
Pöytyä,4167.0,4143.0,4191.0,4179.0,4205.0,4190.0,4165.0,4111.0,4076.0,4031.0,3984.0,3998.0
Raisio,12451.0,12541.0,12543.0,12562.0,12444.0,12383.0,12385.0,12346.0,12321.0,12236.0,12401.0,12590.0
Rusko,2922.0,2964.0,2982.0,3039.0,3058.0,3085.0,3095.0,3144.0,3123.0,3154.0,3175.0,3201.0
Salo,28114.0,28101.0,27889.0,27674.0,27559.0,27364.0,27202.0,26920.0,26544.0,26280.0,26111.0,25992.0
Sauvo,1496.0,1502.0,1508.0,1511.0,1498.0,1493.0,1506.0,1476.0,1462.0,1428.0,1431.0,1445.0
Somero,4700.0,4668.0,4656.0,4603.0,4604.0,4594.0,4549.0,4484.0,4438.0,4388.0,4353.0,4295.0
Taivassalo,841.0,834.0,829.0,820.0,812.0,796.0,796.0,804.0,814.0,806.0,809.0,810.0
Turku,93497.0,94151.0,94883.0,95654.0,96500.0,97473.0,98127.0,99112.0,99844.0,100745.0,101280.0,101481.0
Uusikaupunki,7967.0,7886.0,7811.0,7780.0,7775.0,7722.0,7672.0,7723.0,7694.0,7596.0,7522.0,7542.0
Vehmaa,1219.0,1192.0,1179.0,1180.0,1183.0,1144.0,1148.0,1152.0,1135.0,1136.0,1124.0,1122.0
Eura,6281.0,6232.0,6241.0,6218.0,6186.0,6035.0,5994.0,5949.0,5863.0,5767.0,5665.0,5633.0
Eurajoki,4591.0,4555.0,4598.0,4602.0,4605.0,4607.0,4594.0,4575.0,4596.0,4584.0,4609.0,4557.0
Harjavalta,3903.0,3880.0,3864.0,3814.0,3773.0,3730.0,3687.0,3639.0,3590.0,3544.0,3503.0,3445.0
Huittinen,5406.0,5368.0,5345.0,5297.0,5284.0,5290.0,5259.0,5146.0,5082.0,5050.0,4984.0,4974.0
Jämijärvi,1014.0,999.0,980.0,977.0,997.0,964.0,941.0,917.0,888.0,843.0,832.0,808.0
Kankaanpää,7058.0,7006.0,6938.0,6947.0,6885.0,6857.0,6762.0,6718.0,6621.0,6530.0,6457.0,6427.0
Karvia,1269.0,1252.0,1221.0,1209.0,1186.0,1182.0,1161.0,1139.0,1130.0,1119.0,1115.0,1104.0
Kokemäki,4042.0,4039.0,3992.0,3934.0,3894.0,3816.0,3764.0,3707.0,3620.0,3560.0,3488.0,3457.0
Merikarvia,1656.0,1648.0,1636.0,1625.0,1636.0,1604.0,1583.0,1578.0,1562.0,1530.0,1523.0,1516.0
Nakkila,2906.0,2910.0,2905.0,2876.0,2829.0,2841.0,2797.0,2766.0,2734.0,2673.0,2643.0,2595.0
Pomarkku,1213.0,1197.0,1171.0,1158.0,1109.0,1091.0,1092.0,1065.0,1058.0,1029.0,1015.0,979.0
Pori,43849.0,43866.0,43893.0,43948.0,43928.0,43880.0,43633.0,43355.0,43177.0,42890.0,42795.0,42673.0
Rauma,20142.0,20202.0,20196.0,20238.0,20193.0,20083.0,19941.0,19911.0,19762.0,19697.0,19585.0,19525.0
Siikainen,784.0,788.0,786.0,782.0,751.0,718.0,703.0,693.0,687.0,686.0,651.0,642.0
Säkylä,3781.0,3750.0,3690.0,3638.0,3596.0,3548.0,3514.0,3473.0,3424.0,3392.0,3349.0,3334.0
Ulvila,6862.0,6798.0,6744.0,6726.0,6697.0,6707.0,6696.0,6664.0,6561.0,6501.0,6435.0,6377.0
Forssa,9229.0,9214.0,9173.0,9121.0,9056.0,8994.0,8929.0,8824.0,8743.0,8684.0,8624.0,8479.0
Hattula,4835.0,4855.0,4855.0,4803.0,4829.0,4823.0,4796.0,4736.0,4676.0,4653.0,4639.0,4647.0
Hausjärvi,4349.0,4339.0,4376.0,4342.0,4328.0,4280.0,4255.0,4172.0,4122.0,4042.0,3996.0,3958.0
Humppila,1238.0,1230.0,1220.0,1207.0,1184.0,1158.0,1150.0,1127.0,1103.0,1065.0,1056.0,1052.0
Hämeenlinna,34840.0,35079.0,35102.0,35199.0,35207.0,35188.0,35069.0,34913.0,34822.0,34896.0,34976.0,35009.0
Janakkala,8475.0,8531.0,8479.0,8442.0,8395.0,8387.0,8310.0,8251.0,8135.0,8090.0,8008.0,8049.0
Jokioinen,2898.0,2865.0,2848.0,2835.0,2791.0,2741.0,2693.0,2657.0,2621.0,2596.0,2570.0,2573.0
Loppi,4046.0,4086.0,4049.0,4059.0,4038.0,3972.0,3925.0,3894.0,3801.0,3789.0,3805.0,3769.0
Riihimäki,14707.0,14746.0,14830.0,14858.0,14884.0,14830.0,14752.0,14652.0,14461.0,14505.0,14429.0,14318.0
Tammela,3283.0,3273.0,3274.0,3253.0,3184.0,3132.0,3097.0,3041.0,3001.0,2972.0,2962.0,2928.0
Ypäjä,1295.0,1286.0,1260.0,1242.0,1235.0,1196.0,1182.0,1175.0,1168.0,1160.0,1144.0,1133.0
Akaa,8599.0,8630.0,8645.0,8599.0,8575.0,8553.0,8477.0,8379.0,8280.0,8212.0,8142.0,8186.0
Hämeenkyrö,5235.0,5262.0,5244.0,5295.0,5294.0,5328.0,5330.0,5275.0,5226.0,5196.0,5152.0,5159.0
Ikaalinen,3774.0,3724.0,3729.0,3708.0,3674.0,3633.0,3578.0,3564.0,3496.0,3470.0,3394.0,3407.0
Juupajoki,1028.0,1001.0,989.0,989.0,982.0,971.0,954.0,926.0,918.0,893.0,860.0,848.0
Kangasala,14977.0,15100.0,15186.0,15299.0,15338.0,15382.0,15689.0,15822.0,15950.0,16044.0,16222.0,16515.0
Kihniö,1090.0,1075.0,1054.0,1039.0,1019.0,996.0,976.0,962.0,931.0,913.0,889.0,890.0
Kuhmoinen,1297.0,1269.0,1237.0,1218.0,1212.0,1191.0,1154.0,1130.0,1124.0,1108.0,1086.0,1084.0
Lempäälä,10367.0,10472.0,10754.0,10937.0,11160.0,11323.0,11417.0,11471.0,11703.0,11897.0,12015.0,12174.0
Mänttä-Vilppula,5817.0,5748.0,5661.0,5556.0,5477.0,5399.0,5310.0,5204.0,5036.0,4973.0,4871.0,4808.0
Nokia,16040.0,16230.0,16381.0,16504.0,16563.0,16717.0,16749.0,16810.0,16901.0,17080.0,17379.0,17602.0
Orivesi,4903.0,4874.0,4867.0,4908.0,4867.0,4782.0,4721.0,4706.0,4664.0,4639.0,4557.0,4547.0
Parkano,3451.0,3436.0,3402.0,3375.0,3354.0,3332.0,3285.0,3224.0,3169.0,3136.0,3111.0,3084.0
Pirkkala,8688.0,8962.0,9183.0,9285.0,9465.0,9564.0,9705.0,9707.0,9774.0,9872.0,9952.0,10169.0
Punkalaidun,1609.0,1584.0,1571.0,1550.0,1525.0,1483.0,1444.0,1427.0,1409.0,1376.0,1352.0,1320.0
Pälkäne,3498.0,3467.0,3436.0,3396.0,3354.0,3339.0,3312.0,3280.0,3239.0,3204.0,3204.0,3198.0
Ruovesi,2488.0,2436.0,2386.0,2336.0,2302.0,2276.0,2250.0,2214.0,2206.0,2154.0,2131.0,2081.0
Sastamala,13044.0,13034.0,13012.0,12881.0,12813.0,12726.0,12656.0,12522.0,12405.0,12155.0,12060.0,11976.0
Tampere,110272.0,111221.0,112298.0,113722.0,115053.0,116071.0,117588.0,119382.0,121085.0,122605.0,124235.0,125639.0
Urjala,2680.0,2628.0,2597.0,2571.0,2508.0,2479.0,2442.0,2415.0,2385.0,2330.0,2309.0,2322.0
Valkeakoski,10616.0,10726.0,10756.0,10723.0,10742.0,10836.0,10818.0,10680.0,10692.0,10634.0,10491.0,10417.0
Vesilahti,2101.0,2128.0,2154.0,2176.0,2193.0,2192.0,2176.0,2166.0,2132.0,2111.0,2106.0,2133.0
Virrat,3784.0,3752.0,3718.0,3666.0,3598.0,3502.0,3473.0,3416.0,3356.0,3276.0,3237.0,3226.0
Ylöjärvi,15199.0,15447.0,15735.0,15794.0,16098.0,16349.0,16425.0,16432.0,16471.0,16548.0,16576.0,16730.0
Asikkala,4328.0,4281.0,4261.0,4237.0,4219.0,4158.0,4167.0,4138.0,4078.0,4061.0,4046.0,4075.0
Hartola,1679.0,1645.0,1604.0,1561.0,1550.0,1500.0,1462.0,1438.0,1381.0,1354.0,1332.0,1325.0
Heinola,10423.0,10391.0,10304.0,10240.0,10106.0,10086.0,9949.0,9854.0,9747.0,9585.0,9472.0,9410.0
Hollola,12233.0,12266.0,12258.0,12220.0,12166.0,12155.0,12075.0,12077.0,12015.0,11935.0,11836.0,11744.0
Iitti,3554.0,3540.0,3531.0,3530.0,3495.0,3471.0,3457.0,3409.0,3386.0,3365.0,3297.0,3278.0
Kärkölä,2414.0,2370.0,2361.0,2356.0,2300.0,2269.0,2228.0,2219.0,2197.0,2154.0,2126.0,2084.0
Lahti,60877.0,61180.0,61595.0,61650.0,61813.0,61770.0,61953.0,61897.0,61962.0,61875.0,61942.0,61929.0
Orimattila,8226.0,8268.0,8234.0,8256.0,8207.0,8214.0,8176.0,8105.0,8041.0,8000.0,7955.0,7876.0
Padasjoki,1702.0,1673.0,1662.0,1639.0,1592.0,1571.0,1537.0,1504.0,1483.0,1435.0,1428.0,1399.0
Sysmä,2210.0,2192.0,2133.0,2108.0,2089.0,2048.0,2014.0,1962.0,1918.0,1858.0,1835.0,1827.0
Hamina,10814.0,10829.0,10753.0,10711.0,10641.0,10529.0,10395.0,10321.0,10211.0,10094.0,9970.0,9879.0
Kotka,27840.0,27825.0,27828.0,27777.0,27660.0,27501.0,27416.0,27114.0,26726.0,26379.0,26129.0,25943.0
Kouvola,44928.0,44639.0,44498.0,44330.0,44069.0,43734.0,43461.0,42832.0,42252.0,41728.0,41195.0,40767.0
Miehikkälä,1072.0,1048.0,1053.0,1050.0,1052.0,1036.0,1016.0,997.0,959.0,920.0,920.0,883.0
Pyhtää,2701.0,2693.0,2714.0,2708.0,2677.0,2659.0,2682.0,2646.0,2609.0,2580.0,2563.0,2556.0
Virolahti,1739.0,1725.0,1706.0,1692.0,1669.0,1641.0,1604.0,1563.0,1529.0,1533.0,1515.0,1496.0
Imatra,14644.0,14581.0,14509.0,14491.0,14403.0,14309.0,14111.0,13964.0,13779.0,13518.0,13278.0,13051.0
Lappeenranta,36418.0,36508.0,36648.0,36781.0,36817.0,36796.0,36713.0,36741.0,36612.0,36516.0,36508.0,36455.0
Lemi,1434.0,1444.0,1448.0,1471.0,1470.0,1458.0,1463.0,1455.0,1458.0,1418.0,1427.0,1401.0
Luumäki,2556.0,2548.0,2493.0,2468.0,2430.0,2390.0,2399.0,2362.0,2321.0,2303.0,2251.0,2208.0
Parikkala,2898.0,2821.0,2785.0,2742.0,2664.0,2598.0,2550.0,2464.0,2394.0,2345.0,2310.0,2269.0
Rautjärvi,1952.0,1902.0,1884.0,1824.0,1790.0,1759.0,1742.0,1706.0,1648.0,1580.0,1543.0,1527.0
Ruokolahti,2825.0,2812.0,2807.0,2770.0,2721.0,2675.0,2644.0,2640.0,2583.0,2517.0,2481.0,2474.0
Savitaipale,1921.0,1887.0,1891.0,1864.0,1838.0,1815.0,1768.0,1754.0,1718.0,1685.0,1659.0,1624.0
Taipalsaari,2402.0,2386.0,2383.0,2375.0,2352.0,2361.0,2373.0,2342.0,2311.0,2294.0,2277.0,2253.0
Enonkoski,803.0,775.0,752.0,749.0,732.0,709.0,710.0,685.0,683.0,656.0,663.0,654.0
Hirvensalmi,1206.0,1185.0,1183.0,1158.0,1153.0,1132.0,1126.0,1099.0,1041.0,1023.0,1038.0,1021.0
Juva,3462.0,3441.0,3370.0,3326.0,3307.0,3278.0,3205.0,3171.0,3107.0,3036.0,2947.0,2909.0
Kangasniemi,2948.0,2916.0,2900.0,2869.0,2827.0,2787.0,2781.0,2743.0,2700.0,2641.0,2634.0,2593.0
Mikkeli,27903.0,27927.0,27972.0,28005.0,27999.0,28001.0,27903.0,27754.0,27495.0,27168.0,26846.0,26630.0
Mäntyharju,3272.0,3234.0,3205.0,3178.0,3174.0,3106.0,3086.0,3048.0,2989.0,2913.0,2842.0,2812.0
Pertunmaa,952.0,927.0,902.0,900.0,889.0,898.0,879.0,846.0,834.0,829.0,806.0,795.0
Pieksämäki,10178.0,10064.0,9898.0,9822.0,9690.0,9576.0,9423.0,9271.0,9140.0,8992.0,8811.0,8720.0
Puumala,1215.0,1190.0,1167.0,1136.0,1135.0,1114.0,1094.0,1084.0,1088.0,1058.0,1047.0,1041.0
Rantasalmi,1986.0,1950.0,1959.0,1940.0,1904.0,1843.0,1816.0,1748.0,1737.0,1686.0,1647.0,1636.0
Savonlinna,19113.0,18989.0,18819.0,18687.0,18476.0,18256.0,18078.0,17845.0,17169.0,16825.0,16646.0,16617.0
Sulkava,1467.0,1429.0,1419.0,1401.0,1399.0,1362.0,1324.0,1288.0,1253.0,1234.0,1234.0,1216.0
Iisalmi,11268.0,11299.0,11296.0,11285.0,11256.0,11159.0,11061.0,10985.0,10846.0,10780.0,10659.0,10507.0
Joroinen,2694.0,2659.0,2649.0,2601.0,2565.0,2520.0,2477.0,2408.0,2357.0,2336.0,2290.0,2264.0
Kaavi,1692.0,1683.0,1653.0,1634.0,1603.0,1588.0,1572.0,1511.0,1475.0,1436.0,1388.0,1369.0
Keitele,1236.0,1219.0,1195.0,1175.0,1169.0,1163.0,1149.0,1128.0,1110.0,1080.0,1055.0,1033.0
Kiuruvesi,4582.0,4542.0,4505.0,4442.0,4379.0,4281.0,4186.0,4102.0,4048.0,3960.0,3873.0,3824.0
Kuopio,57967.0,58141.0,58711.0,59238.0,59669.0,60005.0,60421.0,60604.0,60866.0,61236.0,61703.0,62439.0
Lapinlahti,5193.0,5157.0,5091.0,5036.0,5000.0,4946.0,4890.0,4797.0,4753.0,4694.0,4628.0,4563.0
Leppävirta,5241.0,5148.0,5080.0,5026.0,4941.0,4914.0,4885.0,4839.0,4757.0,4665.0,4649.0,4601.0
Pielavesi,2497.0,2452.0,2404.0,2360.0,2327.0,2287.0,2264.0,2236.0,2160.0,2120.0,2083.0,2064.0
Rautalampi,1727.0,1725.0,1716.0,1718.0,1702.0,1650.0,1634.0,1615.0,1595.0,1554.0,1518.0,1506.0
Rautavaara,848.0,849.0,835.0,814.0,808.0,788.0,775.0,773.0,757.0,736.0,726.0,702.0
Siilinjärvi,10495.0,10644.0,10713.0,10768.0,10835.0,10920.0,10902.0,10913.0,10934.0,10807.0,10738.0,10783.0
Sonkajärvi,2240.0,2193.0,2143.0,2134.0,2070.0,2035.0,2007.0,1951.0,1886.0,1858.0,1825.0,1801.0
Suonenjoki,3834.0,3812.0,3773.0,3751.0,3717.0,3708.0,3662.0,3646.0,3571.0,3526.0,3472.0,3437.0
Tervo,813.0,825.0,825.0,804.0,781.0,771.0,771.0,758.0,754.0,738.0,736.0,724.0
Tuusniemi,1390.0,1380.0,1357.0,1374.0,1358.0,1328.0,1297.0,1271.0,1261.0,1213.0,1199.0,1187.0
Varkaus,11472.0,11396.0,11271.0,11156.0,11037.0,10914.0,10851.0,10681.0,10501.0,10302.0,10237.0,10079.0
Vesanto,1203.0,1179.0,1143.0,1127.0,1113.0,1088.0,1057.0,1021.0,1001.0,980.0,957.0,936.0
Vieremä,1941.0,1935.0,1921.0,1893.0,1867.0,1830.0,1817.0,1793.0,1792.0,1731.0,1713.0,1695.0
Heinävesi,1908.0,1862.0,1805.0,1770.0,1762.0,1727.0,1696.0,1674.0,1624.0,1581.0,1559.0,1512.0
Ilomantsi,2937.0,2906.0,2811.0,2779.0,2719.0,2635.0,2564.0,2521.0,2436.0,2392.0,2330.0,2282.0
Joensuu,37758.0,37991.0,38152.0,38316.0,38533.0,38732.0,38874.0,38996.0,39334.0,39512.0,39581.0,39772.0
Juuka,2726.0,2660.0,2590.0,2532.0,2514.0,2471.0,2394.0,2340.0,2304.0,2252.0,2200.0,2151.0
Kitee,5835.0,5765.0,5695.0,5626.0,5524.0,5457.0,5400.0,5267.0,5183.0,5060.0,4955.0,4929.0
Kontiolahti,6744.0,6893.0,7028.0,7108.0,7242.0,7329.0,7311.0,7341.0,7310.0,7271.0,7293.0,7363.0
Lieksa,6242.0,6181.0,6077.0,6032.0,5933.0,5768.0,5662.0,5519.0,5397.0,5288.0,5211.0,5120.0
Liperi,6089.0,6078.0,6140.0,6132.0,6099.0,6108.0,6100.0,6011.0,5969.0,5952.0,5905.0,5898.0
Nurmes,5433.0,5346.0,5309.0,5226.0,5166.0,5112.0,5047.0,4962.0,4871.0,4744.0,4708.0,4664.0
Outokumpu,3697.0,3694.0,3699.0,3659.0,3615.0,3591.0,3545.0,3509.0,3401.0,3353.0,3275.0,3236.0
Polvijärvi,2334.0,2321.0,2307.0,2281.0,2258.0,2228.0,2213.0,2152.0,2108.0,2080.0,2058.0,2036.0
Rääkkylä,1222.0,1204.0,1185.0,1176.0,1158.0,1128.0,1088.0,1074.0,1047.0,1016.0,983.0,967.0
Tohmajärvi,2433.0,2422.0,2377.0,2361.0,2319.0,2282.0,2225.0,2161.0,2129.0,2062.0,2048.0,2033.0
Hankasalmi,2796.0,2769.0,2738.0,2710.0,2667.0,2627.0,2580.0,2520.0,2460.0,2419.0,2380.0,2334.0
Joutsa,2494.0,2430.0,2414.0,2395.0,2342.0,2304.0,2269.0,2229.0,2186.0,2142.0,2088.0,2074.0
Jyväskylä,67125.0,67730.0,68373.0,68852.0,69435.0,70153.0,70605.0,71206.0,71764.0,72334.0,72760.0,73269.0
Jämsä,11369.0,11296.0,11197.0,11078.0,10912.0,10772.0,10654.0,10457.0,10322.0,10077.0,9906.0,9832.0
Kannonkoski,769.0,756.0,758.0,745.0,719.0,714.0,698.0,697.0,667.0,653.0,646.0,626.0
Karstula,2247.0,2216.0,2185.0,2186.0,2159.0,2162.0,2142.0,2084.0,2025.0,1973.0,1945.0,1900.0
Keuruu,5469.0,5427.0,5401.0,5288.0,5206.0,5161.0,5119.0,5048.0,4937.0,4844.0,4779.0,4755.0
Kinnula,845.0,833.0,812.0,815.0,810.0,805.0,793.0,772.0,741.0,746.0,737.0,735.0
Kivijärvi,664.0,646.0,629.0,591.0,587.0,569.0,551.0,536.0,520.0,519.0,521.0,513.0
Konnevesi,1436.0,1418.0,1418.0,1388.0,1384.0,1348.0,1348.0,1349.0,1324.0,1287.0,1263.0,1257.0
Kyyjärvi,743.0,747.0,723.0,709.0,691.0,669.0,663.0,658.0,654.0,632.0,618.0,597.0
Laukaa,9049.0,9161.0,9252.0,9274.0,9298.0,9390.0,9390.0,9437.0,9399.0,9396.0,9352.0,9324.0
Luhanka,402.0,384.0,369.0,359.0,352.0,358.0,356.0,348.0,334.0,322.0,324.0,327.0
Multia,925.0,898.0,875.0,861.0,841.0,825.0,807.0,790.0,772.0,759.0,758.0,717.0
Muurame,4607.0,4688.0,4742.0,4746.0,4818.0,4865.0,4930.0,5000.0,5028.0,5021.0,5098.0,5159.0
Petäjävesi,1962.0,1993.0,2016.0,2037.0,2015.0,1963.0,1933.0,1902.0,1890.0,1872.0,1843.0,1801.0
Pihtipudas,2302.0,2265.0,2246.0,2195.0,2156.0,2147.0,2126.0,2081.0,2057.0,2041.0,1986.0,1955.0
Saarijärvi,5364.0,5263.0,5172.0,5109.0,5054.0,4955.0,4860.0,4804.0,4728.0,4679.0,4626.0,4573.0
Toivakka,1172.0,1213.0,1196.0,1203.0,1200.0,1171.0,1171.0,1147.0,1152.0,1146.0,1156.0,1138.0
Uurainen,1698.0,1709.0,1741.0,1754.0,1746.0,1770.0,1799.0,1807.0,1818.0,1762.0,1740.0,1729.0
Viitasaari,3582.0,3521.0,3480.0,3468.0,3415.0,3351.0,3326.0,3230.0,3172.0,3146.0,3113.0,3079.0
Äänekoski,10133.0,10145.0,10100.0,10014.0,9917.0,9772.0,9616.0,9531.0,9385.0,9308.0,9229.0,9068.0
Alajärvi,5241.0,5152.0,5112.0,5075.0,5069.0,4973.0,4906.0,4883.0,4795.0,4716.0,4649.0,4599.0
Alavus,6208.0,6179.0,6160.0,6087.0,6001.0,5970.0,5905.0,5804.0,5723.0,5650.0,5577.0,5507.0
Evijärvi,1338.0,1321.0,1288.0,1287.0,1268.0,1236.0,1220.0,1205.0,1204.0,1187.0,1187.0,1196.0
Ilmajoki,5850.0,5872.0,5928.0,5957.0,6011.0,6010.0,6029.0,6060.0,6036.0,6077.0,6078.0,6136.0
Isojoki,1169.0,1136.0,1101.0,1075.0,1051.0,1003.0,967.0,945.0,912.0,906.0,899.0,895.0
Isokyrö,2457.0,2449.0,2421.0,2407.0,2393.0,2367.0,2323.0,2301.0,2270.0,2219.0,2186.0,2195.0
Karijoki,749.0,742.0,739.0,704.0,674.0,658.0,652.0,638.0,607.0,596.0,576.0,569.0
Kauhajoki,7116.0,7083.0,7080.0,7031.0,7000.0,6919.0,6872.0,6805.0,6662.0,6569.0,6461.0,6393.0
Kauhava,8641.0,8620.0,8597.0,8490.0,8407.0,8370.0,8290.0,8100.0,7959.0,7809.0,7677.0,7576.0
Kuortane,1933.0,1916.0,1885.0,1853.0,1813.0,1808.0,1793.0,1772.0,1746.0,1743.0,1732.0,1730.0
Kurikka,11412.0,11314.0,11260.0,11184.0,11010.0,10848.0,10719.0,10588.0,10475.0,10338.0,10228.0,10101.0
Lappajärvi,1749.0,1749.0,1715.0,1675.0,1650.0,1634.0,1611.0,1594.0,1542.0,1479.0,1446.0,1420.0
Lapua,7279.0,7295.0,7361.0,7401.0,7438.0,7377.0,7350.0,7326.0,7278.0,7193.0,7146.0,7145.0
Seinäjoki,29755.0,30254.0,30660.0,30985.0,31269.0,31595.0,31891.0,32182.0,32439.0,32665.0,32855.0,33082.0
Soini,1165.0,1163.0,1141.0,1123.0,1124.0,1095.0,1073.0,1034.0,1022.0,1014.0,986.0,975.0
Teuva,2930.0,2882.0,2844.0,2795.0,2744.0,2709.0,2647.0,2590.0,2513.0,2475.0,2430.0,2414.0
Vimpeli,1614.0,1599.0,1586.0,1565.0,1531.0,1515.0,1489.0,1461.0,1418.0,1372.0,1349.0,1335.0
Ähtäri,3241.0,3193.0,3149.0,3114.0,3073.0,3010.0,2969.0,2935.0,2812.0,2763.0,2700.0,2673.0
Kaskinen,704.0,688.0,673.0,660.0,652.0,639.0,648.0,635.0,626.0,615.0,633.0,646.0
Korsnäs,1098.0,1092.0,1084.0,1068.0,1076.0,1069.0,1055.0,1049.0,1026.0,999.0,995.0,988.0
Kristiinankaupunki,3552.0,3534.0,3515.0,3480.0,3427.0,3392.0,3352.0,3313.0,3293.0,3229.0,3188.0,3168.0
Kruunupyy,3349.0,3325.0,3325.0,3314.0,3313.0,3324.0,3281.0,3227.0,3232.0,3183.0,3178.0,3190.0
Laihia,3949.0,3959.0,3991.0,3995.0,4033.0,4022.0,4044.0,3993.0,3978.0,3953.0,3956.0,3916.0
Luoto,2327.0,2398.0,2427.0,2469.0,2493.0,2497.0,2510.0,2563.0,2596.0,2629.0,2695.0,2728.0
Maalahti,2762.0,2771.0,2744.0,2733.0,2730.0,2704.0,2689.0,2652.0,2657.0,2660.0,2660.0,2677.0
Mustasaari,9250.0,9337.0,9429.0,9517.0,9582.0,9581.0,9638.0,9662.0,9664.0,9662.0,9688.0,9722.0
Närpiö,4646.0,4640.0,4632.0,4616.0,4639.0,4637.0,4677.0,4699.0,4690.0,4667.0,4691.0,4669.0
Pedersören kunta,5345.0,5341.0,5336.0,5342.0,5355.0,5390.0,5356.0,5348.0,5336.0,5352.0,5408.0,5400.0
Pietarsaari,9911.0,9887.0,9912.0,9883.0,9862.0,9786.0,9744.0,9717.0,9650.0,9628.0,9539.0,9557.0
Uusikaarlepyy,3620.0,3663.0,3686.0,3668.0,3670.0,3671.0,3649.0,3648.0,3610.0,3634.0,3644.0,3646.0
Vaasa,32386.0,32811.0,33037.0,33322.0,33566.0,33821.0,33770.0,33578.0,33602.0,33554.0,33551.0,33484.0
Vöyri,3291.0,3319.0,3270.0,3265.0,3278.0,3273.0,3244.0,3213.0,3209.0,3142.0,3120.0,3105.0
Halsua,612.0,609.0,601.0,592.0,592.0,596.0,591.0,575.0,569.0,542.0,533.0,524.0
Kannus,2921.0,2893.0,2918.0,2880.0,2859.0,2816.0,2819.0,2806.0,2786.0,2773.0,2730.0,2710.0
Kaustinen,2135.0,2123.0,2120.0,2116.0,2112.0,2130.0,2132.0,2140.0,2133.0,2132.0,2102.0,2093.0
Kokkola,23563.0,23714.0,23771.0,23891.0,23986.0,24122.0,24155.0,24156.0,24096.0,24126.0,24115.0,24164.0
Lestijärvi,420.0,417.0,412.0,407.0,402.0,392.0,396.0,377.0,348.0,335.0,339.0,335.0
Perho,1464.0,1445.0,1440.0,1443.0,1435.0,1456.0,1441.0,1417.0,1395.0,1355.0,1331.0,1317.0
Toholampi,1731.0,1736.0,1700.0,1676.0,1672.0,1636.0,1586.0,1561.0,1514.0,1478.0,1452.0,1425.0
Veteli,1696.0,1660.0,1663.0,1633.0,1630.0,1610.0,1580.0,1552.0,1529.0,1508.0,1486.0,1450.0
Alavieska,1362.0,1336.0,1328.0,1324.0,1287.0,1285.0,1263.0,1241.0,1222.0,1190.0,1188.0,1178.0
Haapajärvi,3779.0,3756.0,3757.0,3738.0,3663.0,3633.0,3592.0,3553.0,3501.0,3441.0,3408.0,3353.0
Haapavesi,3601.0,3574.0,3556.0,3538.0,3505.0,3500.0,3471.0,3404.0,3361.0,3323.0,3266.0,3224.0
Hailuoto,476.0,484.0,474.0,477.0,479.0,482.0,482.0,465.0,472.0,468.0,463.0,464.0
Ii,4502.0,4567.0,4600.0,4646.0,4687.0,4687.0,4659.0,4800.0,4771.0,4755.0,4740.0,4776.0
Kalajoki,6179.0,6199.0,6196.0,6221.0,6251.0,6264.0,6244.0,6207.0,6151.0,6129.0,6150.0,6175.0
Kempele,7932.0,8091.0,8192.0,8324.0,8486.0,8588.0,8664.0,8790.0,8999.0,9214.0,9440.0,9607.0
Kuusamo,8058.0,8025.0,7943.0,7841.0,7797.0,7700.0,7620.0,7543.0,7462.0,7441.0,7507.0,7493.0
Kärsämäki,1398.0,1373.0,1341.0,1314.0,1299.0,1273.0,1267.0,1252.0,1235.0,1206.0,1185.0,1188.0
Liminka,4398.0,4470.0,4599.0,4681.0,4773.0,4863.0,4867.0,4937.0,4953.0,4968.0,4990.0,5008.0
Lumijoki,978.0,996.0,1006.0,1013.0,998.0,1002.0,1014.0,1014.0,1003.0,980.0,984.0,957.0
Merijärvi,551.0,557.0,543.0,521.0,523.0,523.0,523.0,522.0,513.0,496.0,490.0,484.0
Muhos,4356.0,4385.0,4403.0,4418.0,4418.0,4434.0,4397.0,4401.0,4408.0,4387.0,4373.0,4377.0
Nivala,5416.0,5423.0,5365.0,5335.0,5363.0,5322.0,5340.0,5303.0,5266.0,5215.0,5137.0,5097.0
Oulainen,4044.0,4047.0,4007.0,3982.0,3945.0,3887.0,3829.0,3798.0,3779.0,3700.0,3614.0,3577.0
Oulu,93471.0,94888.0,96105.0,97461.0,98572.0,99616.0,100533.0,101042.0,101859.0,102874.0,103925.0,104986.0
Pudasjärvi,4203.0,4138.0,4094.0,4055.0,4001.0,3920.0,3880.0,3835.0,3782.0,3716.0,3662.0,3640.0
Pyhäjoki,1652.0,1629.0,1594.0,1620.0,1591.0,1557.0,1524.0,1543.0,1508.0,1484.0,1457.0,1447.0
Pyhäjärvi,2928.0,2903.0,2885.0,2843.0,2764.0,2741.0,2697.0,2641.0,2595.0,2535.0,2501.0,2464.0
Pyhäntä,793.0,772.0,756.0,749.0,748.0,748.0,748.0,755.0,732.0,749.0,756.0,759.0
Raahe,12560.0,12597.0,12605.0,12531.0,12466.0,12352.0,12299.0,12315.0,12187.0,12118.0,11958.0,11888.0
Reisjärvi,1435.0,1446.0,1439.0,1419.0,1410.0,1413.0,1382.0,1368.0,1333.0,1321.0,1320.0,1308.0
Sievi,2594.0,2569.0,2537.0,2545.0,2498.0,2486.0,2458.0,2431.0,2400.0,2348.0,2303.0,2278.0
Siikajoki,2737.0,2718.0,2709.0,2688.0,2649.0,2606.0,2565.0,2567.0,2525.0,2468.0,2402.0,2383.0
Siikalatva,2886.0,2834.0,2815.0,2754.0,2738.0,2659.0,2620.0,2547.0,2488.0,2456.0,2446.0,2414.0
Taivalkoski,2083.0,2062.0,2014.0,1971.0,1972.0,1969.0,1939.0,1905.0,1891.0,1865.0,1846.0,1842.0
Tyrnävä,3155.0,3167.0,3244.0,3282.0,3301.0,3325.0,3298.0,3283.0,3308.0,3248.0,3228.0,3201.0
Utajärvi,1446.0,1399.0,1398.0,1389.0,1372.0,1359.0,1336.0,1319.0,1278.0,1267.0,1242.0,1225.0
Vaala,1613.0,1596.0,1560.0,1530.0,1508.0,1474.0,1456.0,1415.0,1394.0,1345.0,1315.0,1284.0
Ylivieska,7047.0,7149.0,7283.0,7353.0,7468.0,7491.0,7596.0,7633.0,7598.0,7609.0,7654.0,7705.0
Hyrynsalmi,1329.0,1291.0,1262.0,1244.0,1205.0,1162.0,1146.0,1113.0,1093.0,1087.0,1055.0,1014.0
Kajaani,19462.0,19357.0,19304.0,19235.0,19209.0,19085.0,18984.0,18829.0,18641.0,18459.0,18327.0,18172.0
Kuhmo,4602.0,4506.0,4463.0,4406.0,4327.0,4252.0,4187.0,4106.0,4011.0,3943.0,3867.0,3801.0
Paltamo,1893.0,1853.0,1831.0,1752.0,1722.0,1686.0,1695.0,1667.0,1633.0,1591.0,1578.0,1562.0
Puolanka,1481.0,1444.0,1405.0,1388.0,1364.0,1327.0,1316.0,1270.0,1237.0,1204.0,1187.0,1168.0
Ristijärvi,744.0,730.0,707.0,696.0,688.0,647.0,650.0,634.0,616.0,609.0,596.0,594.0
Sotkamo,5407.0,5404.0,5388.0,5370.0,5343.0,5305.0,5257.0,5228.0,5202.0,5156.0,5119.0,5152.0
Suomussalmi,4478.0,4358.0,4322.0,4249.0,4147.0,4086.0,4004.0,3941.0,3851.0,3776.0,3698.0,3647.0
Enontekiö,881.0,887.0,874.0,880.0,881.0,874.0,884.0,894.0,876.0,869.0,853.0,835.0
Inari,3231.0,3196.0,3189.0,3214.0,3239.0,3243.0,3252.0,3294.0,3343.0,3319.0,3318.0,3419.0
Kemi,11426.0,11411.0,11306.0,11212.0,11122.0,11026.0,10928.0,10785.0,10647.0,10493.0,10328.0,10097.0
Kemijärvi,4153.0,4105.0,3999.0,3963.0,3935.0,3860.0,3808.0,3748.0,3649.0,3602.0,3553.0,3517.0
Keminmaa,4264.0,4243.0,4253.0,4229.0,4158.0,4128.0,4099.0,4080.0,4010.0,3987.0,3935.0,3894.0
Kittilä,3048.0,3094.0,3183.0,3237.0,3205.0,3190.0,3172.0,3198.0,3216.0,3203.0,3212.0,3285.0
Kolari,1854.0,1848.0,1866.0,1905.0,1874.0,1881.0,1878.0,1890.0,1890.0,1901.0,1934.0,1981.0
Muonio,1187.0,1179.0,1196.0,1181.0,1187.0,1166.0,1173.0,1171.0,1155.0,1154.0,1155.0,1171.0
Pelkosenniemi,447.0,429.0,432.0,430.0,422.0,432.0,422.0,428.0,434.0,435.0,432.0,433.0
Pello,1948.0,1916.0,1863.0,1824.0,1792.0,1765.0,1749.0,1717.0,1686.0,1664.0,1617.0,1612.0
Posio,1852.0,1821.0,1780.0,1740.0,1735.0,1675.0,1652.0,1600.0,1564.0,1542.0,1513.0,1483.0
Ranua,2059.0,2022.0,2016.0,1991.0,1959.0,1919.0,1906.0,1901.0,1873.0,1820.0,1790.0,1762.0
Rovaniemi,30876.0,31097.0,31239.0,31410.0,31590.0,31727.0,31968.0,32129.0,32431.0,32482.0,32715.0,33078.0
Salla,1947.0,1895.0,1859.0,1820.0,1760.0,1728.0,1700.0,1662.0,1630.0,1592.0,1590.0,1601.0
Savukoski,545.0,538.0,522.0,516.0,507.0,476.0,469.0,446.0,448.0,444.0,446.0,442.0
Simo,1689.0,1651.0,1660.0,1633.0,1608.0,1590.0,1556.0,1525.0,1504.0,1467.0,1444.0,1426.0
Sodankylä,4218.0,4232.0,4232.0,4240.0,4220.0,4202.0,4126.0,4080.0,4020.0,3944.0,3918.0,3883.0
Tervola,1666.0,1640.0,1606.0,1605.0,1541.0,1511.0,1463.0,1448.0,1449.0,1422.0,1385.0,1366.0
Tornio,11222.0,11226.0,11168.0,11122.0,11120.0,11071.0,11015.0,10906.0,10862.0,10699.0,10619.0,10565.0
Utsjoki,597.0,600.0,590.0,589.0,574.0,560.0,564.0,574.0,570.0,563.0,564.0,547.0
Ylitornio,2353.0,2318.0,2282.0,2237.0,2169.0,2120.0,2068.0,2029.0,1974.0,1912.0,1907.0,1885.0
Brändö,222.0,220.0,213.0,216.0,211.0,209.0,212.0,207.0,209.0,208.0,213.0,212.0
Eckerö,456.0,472.0,458.0,449.0,435.0,440.0,446.0,459.0,465.0,454.0,455.0,443.0
Finström,1274.0,1269.0,1288.0,1284.0,1278.0,1273.0,1313.0,1290.0,1303.0,1299.0,1302.0,1321.0
Föglö,281.0,279.0,276.0,269.0,271.0,264.0,271.0,256.0,254.0,254.0,252.0,240.0
Geta,231.0,232.0,233.0,242.0,240.0,245.0,243.0,239.0,254.0,246.0,252.0,253.0
Hammarland,737.0,753.0,747.0,753.0,754.0,747.0,732.0,759.0,762.0,769.0,778.0,795.0
Jomala,1982.0,2070.0,2131.0,2153.0,2222.0,2268.0,2323.0,2377.0,2447.0,2567.0,2662.0,2741.0
Kumlinge,176.0,175.0,159.0,154.0,153.0,148.0,144.0,147.0,143.0,144.0,144.0,142.0
Kökar,114.0,109.0,108.0,111.0,112.0,114.0,104.0,105.0,108.0,107.0,101.0,95.0
Lemland,873.0,898.0,909.0,937.0,953.0,982.0,1006.0,1012.0,1010.0,1024.0,1053.0,1074.0
Lumparland,193.0,195.0,191.0,199.0,202.0,188.0,184.0,186.0,177.0,171.0,176.0,177.0
Maarianhamina,5848.0,5878.0,5915.0,5934.0,5960.0,5939.0,6011.0,6065.0,6114.0,6096.0,6089.0,6082.0
Saltvik,893.0,903.0,913.0,902.0,905.0,909.0,910.0,927.0,919.0,913.0,905.0,908.0
Sottunga,58.0,51.0,49.0,48.0,48.0,47.0,43.0,41.0,40.0,39.0,45.0,49.0
Sund,499.0,499.0,501.0,502.0,511.0,506.0,491.0,490.0,488.0,491.0,488.0,500.0
Vårdö,217.0,216.0,204.0,211.0,215.0,219.0,214.0,209.0,226.0,223.0,225.0,224.0
