City,2010_asukkaiden_ostovoimakertyma_hr,2011_asukkaiden_ostovoimakertyma_hr,2012_asukkaiden_ostovoimakertyma_hr,2013_asukkaiden_ostovoimakertyma_hr,2014_asukkaiden_ostovoimakertyma_hr,2015_asukkaiden_ostovoimakertyma_hr,2016_asukkaiden_ostovoimakertyma_hr,2017_asukkaiden_ostovoimakertyma_hr,2018_asukkaiden_ostovoimakertyma_hr,2019_asukkaiden_ostovoimakertyma_hr,2020_asukkaiden_ostovoimakertyma_hr,2021_asukkaiden_ostovoimakertyma_hr
Askola,8.2664871E7,8.8704839E7,9.0127392E7,9.1339697E7,9.5984693E7,9.4640606E7,9.4256788E7,1.03437344E8,9.7919521E7,9.9599773E7,1.0153397E8,1.05210261E8
Espoo,5.3659545E9,5.694295713E9,5.808367029E9,6.123759263E9,6.075260917E9,6.351902988E9,6.494587954E9,6.84228478E9,7.111594365E9,7.363927399E9,7.532236632E9,8.071809812E9
Hanko,1.63058772E8,1.67720308E8,1.68874654E8,1.66860842E8,1.6854844E8,1.65666655E8,1.63414523E8,1.66037183E8,1.72175742E8,1.70940249E8,1.72104369E8,1.89939854E8
Helsinki,1.2122920855E10,1.2645413095E10,1.2922775593E10,1.344007609E10,1.3620557644E10,1.4121000555E10,1.4415819135E10,1.5145148905E10,1.5927489943E10,1.6408123406E10,1.6618210947E10,1.7787240401E10
Hyvinkää,7.97463697E8,8.39487886E8,8.61763069E8,8.79422762E8,8.90046466E8,9.08207952E8,9.20337484E8,9.50430927E8,9.71638924E8,1.00150891E9,1.011460234E9,1.055485871E9
Inkoo,1.05081065E8,1.07939065E8,1.08363861E8,1.15082346E8,1.11361857E8,1.13843189E8,1.13571436E8,1.18062795E8,1.18187126E8,1.23249356E8,1.20623789E8,1.31018588E8
Järvenpää,7.26122726E8,7.48221914E8,7.840017E8,7.98084194E8,8.05922892E8,8.21510001E8,8.44906351E8,8.86253195E8,9.26911256E8,9.59829678E8,9.81486714E8,1.029795572E9
Karkkila,1.48881226E8,1.54676784E8,1.58863609E8,1.58846354E8,1.5874711E8,1.59191938E8,1.59746525E8,1.63385133E8,1.65131306E8,1.6674548E8,1.69486913E8,1.75593392E8
Kauniainen,2.82501589E8,3.11941023E8,3.04645892E8,3.37822603E8,3.24524299E8,3.41149596E8,3.85829795E8,3.65428526E8,3.83898409E8,3.85823745E8,4.08740321E8,4.5347534E8
Kerava,6.2506736E8,6.56095329E8,6.74538641E8,6.91015469E8,6.91952412E8,6.97186751E8,7.11976568E8,7.25156769E8,7.53895325E8,7.84044526E8,7.94494994E8,8.23429078E8
Kirkkonummi,7.2737248E8,7.52313405E8,7.75845465E8,7.86399358E8,8.08542286E8,8.30756489E8,8.42852985E8,8.77450353E8,9.00207229E8,9.34145094E8,9.47003953E8,1.046745408E9
Lapinjärvi,4.6568531E7,5.1260184E7,5.1703146E7,5.2521547E7,4.9115001E7,5.0543504E7,5.0880881E7,5.2281692E7,5.3687827E7,5.3688741E7,5.3773345E7,5.7784669E7
Lohja,8.23161694E8,8.53203804E8,8.73139001E8,8.88219111E8,8.93178418E8,9.04849527E8,9.05902928E8,9.23716846E8,9.45530176E8,9.60451549E8,9.79288177E8,1.001585565E9
Loviisa,2.6304958E8,2.71455878E8,2.77834675E8,2.8129442E8,2.85180316E8,2.88981275E8,2.86160325E8,2.92538028E8,2.96068918E8,3.01927546E8,3.01798916E8,3.14563241E8
Myrskylä,3.0452073E7,3.3245238E7,3.2928367E7,3.3876977E7,3.3431369E7,3.3664098E7,3.4416947E7,3.5397249E7,3.5944969E7,3.5819915E7,3.6172858E7,3.7386172E7
Mäntsälä,3.30507659E8,3.48752203E8,3.635267E8,3.70209927E8,3.78828426E8,3.77904651E8,3.85330992E8,3.96711515E8,4.06759081E8,4.19065645E8,4.29511997E8,4.64309477E8
Nurmijärvi,7.26224313E8,7.70562151E8,7.9218397E8,8.11367651E8,8.3292634E8,8.46049553E8,8.56374038E8,8.93163083E8,9.21510164E8,9.55145023E8,9.68603796E8,1.032669666E9
Pornainen,8.1889718E7,8.5928545E7,8.9838521E7,9.1323637E7,9.259777E7,9.4589937E7,9.374242E7,9.7294323E7,9.9795077E7,1.02841095E8,1.03908402E8,1.09298905E8
Porvoo,8.9988519E8,9.2759646E8,9.50729301E8,9.76927624E8,1.000703945E9,1.022330389E9,1.023880471E9,1.047839321E9,1.085344604E9,1.112978701E9,1.120678272E9,1.193711488E9
Pukkila,3.2989955E7,3.5532909E7,3.5855023E7,3.6486498E7,3.6139114E7,3.5267424E7,3.5845151E7,3.5096784E7,3.6437553E7,3.6909207E7,3.6695115E7,3.8440234E7
Raasepori,4.87815858E8,5.0764789E8,5.09161653E8,5.10037395E8,5.22721791E8,5.22637432E8,5.23513157E8,5.30116319E8,5.37871727E8,5.52736526E8,5.53995888E8,5.76988164E8
Sipoo,3.5516481E8,3.78421663E8,3.88529734E8,4.04572449E8,4.02109994E8,4.18592184E8,4.35819445E8,4.59726198E8,4.81320257E8,5.08989343E8,5.27210802E8,5.6710587E8
Siuntio,1.10844704E8,1.17333892E8,1.2173145E8,1.21269754E8,1.24544777E8,1.28232654E8,1.25773802E8,1.30714933E8,1.33956239E8,1.36253407E8,1.42436324E8,1.52357994E8
Tuusula,7.16284034E8,7.49495977E8,7.71648063E8,7.77079847E8,7.91279726E8,8.08975679E8,8.20559359E8,8.45593538E8,8.74682363E8,8.97463391E8,9.10763867E8,9.7235761E8
Vantaa,3.612356118E9,3.808674586E9,3.945894894E9,4.024035883E9,4.100722995E9,4.221956184E9,4.349142024E9,4.547933941E9,4.735075522E9,4.953945377E9,5.027400985E9,5.273065939E9
Vihti,5.04855707E8,5.30704714E8,5.44775339E8,5.74518785E8,5.5991009E8,5.64706789E8,5.73407302E8,5.92273815E8,6.09199855E8,6.30430193E8,6.32540157E8,6.63669958E8
Aura,6.1831899E7,6.5021651E7,6.7417986E7,6.7325869E7,6.8224239E7,6.903066E7,7.0571362E7,7.2040202E7,7.3604926E7,7.6217175E7,7.7870025E7,8.2875286E7
Kaarina,5.71422257E8,6.0677553E8,6.28703224E8,6.43275321E8,6.44387082E8,6.69555775E8,6.95821025E8,7.12561921E8,7.64147743E8,7.65358948E8,7.84849959E8,8.53406534E8
Kemiönsaari,1.15050979E8,1.19521163E8,1.2257184E8,1.21049675E8,1.22614581E8,1.2316305E8,1.23494657E8,1.26261678E8,1.27693807E8,1.29188366E8,1.32676498E8,1.40112956E8
Koski Tl,3.8172045E7,3.8417457E7,4.1146337E7,4.0858348E7,4.1971208E7,4.2324771E7,4.2651164E7,4.2399518E7,4.3523299E7,4.4433521E7,4.4312143E7,4.5621932E7
Kustavi,1.5036509E7,1.533942E7,1.6108881E7,1.6121566E7,1.6759628E7,1.7421229E7,1.7875982E7,1.940252E7,2.0684935E7,2.1982967E7,2.4169823E7,3.0879222E7
Laitila,1.30593777E8,1.34909037E8,1.39429235E8,1.42386675E8,1.46011189E8,1.47513114E8,1.49196548E8,1.54582511E8,1.6027101E8,1.64815986E8,1.62662148E8,1.67887739E8
Lieto,3.16054355E8,3.34500751E8,3.51404042E8,3.56735891E8,3.68307762E8,3.71262722E8,3.79405107E8,3.93493676E8,4.0857217E8,4.22133173E8,4.3020324E8,4.53400091E8
Loimaa,2.67102767E8,2.78471506E8,2.86204516E8,2.84871607E8,2.88886636E8,2.8944658E8,2.89788749E8,2.95318857E8,3.01802788E8,3.0451346E8,3.05647296E8,3.13887871E8
Marttila,3.3813589E7,3.3654839E7,3.6049626E7,3.5530831E7,3.6540815E7,3.5752924E7,3.720189E7,3.7273581E7,3.9769689E7,4.0323732E7,3.9807594E7,4.1412251E7
Masku,1.65351919E8,1.73337271E8,1.77441187E8,1.79126782E8,1.81088317E8,1.82311198E8,1.85674531E8,1.9065144E8,1.95223327E8,2.03833541E8,2.04068163E8,2.14937364E8
Mynämäki,1.31908658E8,1.35854888E8,1.3824576E8,1.37748509E8,1.4017944E8,1.40863499E8,1.43609848E8,1.48571004E8,1.52167768E8,1.52255278E8,1.51821086E8,1.56040992E8
Naantali,3.69419814E8,3.95864768E8,3.93466167E8,4.01616261E8,3.97642442E8,4.16297183E8,4.17589729E8,4.39561734E8,4.67882768E8,4.68233602E8,4.8180694E8,5.05858455E8
Nousiainen,7.8361343E7,8.1033953E7,8.4078452E7,8.4786253E7,8.5274198E7,8.5596394E7,8.7069965E7,9.0183041E7,8.9497415E7,9.435404E7,9.3640915E7,9.6750833E7
Oripää,2.2693978E7,2.3143346E7,2.4103376E7,2.3966757E7,2.4421859E7,2.3922292E7,2.7102773E7,2.5667857E7,2.6722282E7,2.5928888E7,2.7622441E7,2.7090492E7
Paimio,1.84713458E8,1.88407707E8,1.95536389E8,1.96103187E8,1.9665323E8,1.99159694E8,2.05304236E8,2.088273E8,2.14830803E8,2.20192962E8,2.23114208E8,2.36041526E8
Parainen,2.72052096E8,2.81462209E8,2.89032328E8,2.89470194E8,2.9889518E8,3.04463825E8,3.07854323E8,3.12667889E8,3.24279933E8,3.29683711E8,3.31067131E8,3.53163974E8
Pyhäranta,3.8644982E7,3.8967214E7,3.9566631E7,3.8677824E7,3.8550205E7,3.8581779E7,3.7848392E7,4.0666602E7,3.971097E7,4.0223663E7,3.9817814E7,4.1181908E7
Pöytyä,1.33168448E8,1.38233745E8,1.43917377E8,1.4421768E8,1.4401424E8,1.45508908E8,1.47254283E8,1.50615029E8,1.53568934E8,1.56118361E8,1.56215158E8,1.62709938E8
Raisio,4.33704018E8,4.49148559E8,4.61075208E8,4.61099405E8,4.56392859E8,4.62376924E8,4.77113622E8,4.82948588E8,4.95858657E8,5.06651888E8,5.16265474E8,5.43297967E8
Rusko,9.9164001E7,1.05806985E8,1.08600071E8,1.11157805E8,1.13671414E8,1.16155598E8,1.19952134E8,1.2710688E8,1.3012657E8,1.34690834E8,1.3505096E8,1.42283924E8
Salo,9.33525698E8,9.58518755E8,9.76148794E8,9.40368238E8,9.45801501E8,9.55469304E8,9.65216053E8,9.70890078E8,9.93330771E8,1.019650279E9,1.023818869E9,1.073126472E9
Sauvo,5.2179708E7,5.6636709E7,5.5857479E7,5.5859064E7,5.4856557E7,5.6236573E7,5.8424401E7,5.9837791E7,6.009621E7,6.0476203E7,6.2218449E7,6.5183136E7
Somero,1.46544854E8,1.51437542E8,1.58625995E8,1.56708495E8,1.60491105E8,1.59487937E8,1.61624436E8,1.64126565E8,1.66524463E8,1.70461937E8,1.70149603E8,1.76072335E8
Taivassalo,2.8048131E7,2.830967E7,3.100767E7,2.966289E7,2.9702108E7,3.3644474E7,3.0396428E7,3.4193572E7,3.3245241E7,3.3914689E7,3.4627421E7,3.9761429E7
Turku,3.048946439E9,3.217687929E9,3.274146304E9,3.342717771E9,3.418916037E9,3.456582707E9,3.543579711E9,3.699925692E9,3.858869499E9,3.974142282E9,4.018436007E9,4.250222115E9
Uusikaupunki,2.60906532E8,2.66882474E8,2.71368826E8,2.77877713E8,2.83834942E8,2.9204438E8,2.93913081E8,3.11133115E8,3.19285596E8,3.1997359E8,3.17767902E8,3.31594182E8
Vehmaa,3.6348666E7,3.9070975E7,3.9054144E7,4.1635171E7,4.0720671E7,4.0492011E7,4.2644869E7,4.3198259E7,4.3363784E7,4.4514255E7,4.4804398E7,4.5326839E7
Eura,2.02952081E8,2.10005323E8,2.12588196E8,2.16324217E8,2.19214716E8,2.18681299E8,2.1961914E8,2.25869428E8,2.27655257E8,2.33435062E8,2.32834427E8,2.37925986E8
Eurajoki,1.54242704E8,1.60994468E8,1.66231263E8,1.68080122E8,1.69120068E8,1.69306659E8,1.77973068E8,1.87028689E8,1.91035625E8,1.94268551E8,1.99149807E8,2.06303236E8
Harjavalta,1.25420192E8,1.30660698E8,1.32963499E8,1.33733172E8,1.32887433E8,1.3260899E8,1.33810391E8,1.33968328E8,1.34582198E8,1.37995801E8,1.34926538E8,1.39714631E8
Huittinen,1.65436543E8,1.71532217E8,1.79902004E8,1.79544767E8,1.80227391E8,1.82351135E8,1.82845335E8,1.87211599E8,1.87129562E8,1.91444317E8,1.92931186E8,2.01398899E8
Jämijärvi,2.9735708E7,3.0785748E7,3.1110658E7,3.0982514E7,3.1713481E7,3.0600365E7,3.0742987E7,3.0581234E7,3.111568E7,3.038461E7,3.0010103E7,3.149813E7
Kankaanpää,2.14579272E8,2.18566508E8,2.21727136E8,2.25652958E8,2.25878375E8,2.32112381E8,2.27113379E8,2.30449039E8,2.35442757E8,2.36389105E8,2.37132406E8,2.45100789E8
Karvia,3.960783E7,3.910656E7,3.8804958E7,3.9335248E7,3.9856435E7,3.9216898E7,4.0133353E7,4.0406619E7,4.1153401E7,4.1816791E7,4.2727701E7,4.3562204E7
Kokemäki,1.2307288E8,1.26891933E8,1.33628811E8,1.31170721E8,1.32118008E8,1.2987147E8,1.2960121E8,1.31385987E8,1.31745328E8,1.32934133E8,1.32781413E8,1.35725645E8
Merikarvia,5.0958076E7,5.2469857E7,5.4283293E7,5.4199864E7,5.5259513E7,5.3870021E7,5.5220176E7,5.6301804E7,5.679267E7,5.6419247E7,5.69811E7,6.0702339E7
Nakkila,9.1180929E7,9.3021704E7,9.597127E7,9.6285329E7,9.7845713E7,9.7055836E7,9.693681E7,1.01364972E8,1.01248199E8,1.0156729E8,1.01536128E8,1.0444601E8
Pomarkku,3.6858607E7,3.7786472E7,3.9198918E7,3.7626967E7,3.733809E7,3.682212E7,3.6753677E7,3.7136392E7,3.8194928E7,3.8243885E7,3.9460705E7,3.927795E7
Pori,1.391120181E9,1.454573925E9,1.488858484E9,1.509773456E9,1.533376775E9,1.541128941E9,1.565049568E9,1.587816202E9,1.623888783E9,1.647492968E9,1.652665408E9,1.704003796E9
Rauma,7.0491823E8,7.29503461E8,7.42785792E8,7.60782228E8,7.5437224E8,7.5807722E8,7.54790536E8,7.8687018E8,8.07930706E8,8.20850938E8,8.17166397E8,8.62069785E8
Siikainen,2.3816547E7,2.4616903E7,2.598703E7,2.4952467E7,2.5197674E7,2.410653E7,2.4113405E7,2.4194832E7,2.4863174E7,2.4745581E7,2.4309669E7,2.4978601E7
Säkylä,1.26160407E8,1.29345268E8,1.31725334E8,1.30723763E8,1.32627502E8,1.31719188E8,1.32858782E8,1.34075896E8,1.34432453E8,1.35786131E8,1.37395309E8,1.39206749E8
Ulvila,2.21206548E8,2.2927701E8,2.34833645E8,2.35359469E8,2.38271365E8,2.39230635E8,2.4130359E8,2.43397962E8,2.46815908E8,2.51497981E8,2.49707018E8,2.58988737E8
Forssa,2.80464461E8,2.89891695E8,3.01246101E8,2.9947597E8,3.01586555E8,3.04267155E8,3.0772626E8,3.11005072E8,3.14581144E8,3.19531168E8,3.20726296E8,3.3044294E8
Hattula,1.66390788E8,1.70977434E8,1.76570253E8,1.79530082E8,1.81189833E8,1.82714008E8,1.86936378E8,1.89959983E8,1.88435685E8,1.9407185E8,1.9339464E8,2.03733389E8
Hausjärvi,1.47984924E8,1.54193183E8,1.58338486E8,1.58870593E8,1.60655302E8,1.60421138E8,1.60178308E8,1.6266896E8,1.65326598E8,2.09618011E8,1.67119173E8,1.71790076E8
Humppila,3.6975971E7,3.8548744E7,4.0743923E7,3.9049386E7,4.0094561E7,3.9052747E7,3.9639019E7,4.0262998E7,4.1171605E7,4.0309883E7,4.2933251E7,4.257829E7
Hämeenlinna,1.144592698E9,1.195630004E9,1.230287909E9,1.258183218E9,1.273544044E9,1.271594737E9,1.28296814E9,1.318560864E9,1.345367437E9,1.378895824E9,1.392560004E9,1.451238326E9
Janakkala,2.76434323E8,2.91151474E8,2.96822889E8,3.02491613E8,3.03128402E8,3.07805778E8,3.14268642E8,3.18426994E8,3.20576844E8,3.29148125E8,3.27516521E8,3.42528094E8
Jokioinen,8.9605656E7,9.3426316E7,9.6119635E7,9.5794118E7,9.6231816E7,9.5082505E7,9.6213544E7,9.8787358E7,9.892587E7,1.01272464E8,1.01052154E8,1.03552864E8
Loppi,1.30106678E8,1.36416183E8,1.39188489E8,1.42789945E8,1.43929103E8,1.42478126E8,1.43595412E8,1.46362809E8,1.48517106E8,1.52485585E8,1.53622086E8,1.59630211E8
Riihimäki,4.85378245E8,5.09722627E8,5.27923478E8,5.34410475E8,5.41255754E8,5.40117212E8,5.48258176E8,5.55253594E8,5.64397767E8,5.78895688E8,5.83409708E8,6.08276948E8
Tammela,1.05940809E8,1.11855296E8,1.14739118E8,1.14650514E8,1.14764786E8,1.15259955E8,1.16299325E8,1.18306919E8,1.20117326E8,1.21631571E8,1.234099E8,1.28199705E8
Ypäjä,3.9354255E7,4.088421E7,4.2440357E7,4.1262858E7,4.1757658E7,4.0994353E7,4.1048785E7,4.2443726E7,4.3827752E7,4.4864283E7,4.454459E7,4.6424993E7
Akaa,2.64546606E8,2.80949331E8,2.8952811E8,2.91420945E8,2.92661796E8,2.93835827E8,2.95994657E8,3.00536045E8,3.06768549E8,3.10157503E8,3.12984484E8,3.27655827E8
Hämeenkyrö,1.6452305E8,1.73321939E8,1.79044464E8,1.82698869E8,1.82219772E8,1.85678857E8,1.87994772E8,1.90975416E8,1.95498559E8,1.98656515E8,1.99095196E8,2.09138324E8
Ikaalinen,1.15211113E8,1.19521298E8,1.22619019E8,1.22321876E8,1.2381148E8,1.22528159E8,1.24485203E8,1.26377647E8,1.28948494E8,1.28644335E8,1.28586016E8,1.34717443E8
Juupajoki,3.2831478E7,3.2835838E7,3.3783887E7,3.4491412E7,3.464627E7,3.4501688E7,3.4913949E7,3.540678E7,3.612992E7,3.5724819E7,3.8165998E7,3.8588923E7
Kangasala,5.00078413E8,5.35934775E8,5.4256023E8,5.50961447E8,5.57172285E8,5.68447273E8,5.88108581E8,6.08564021E8,6.38917228E8,6.61232408E8,6.70350128E8,7.09545629E8
Kihniö,3.1990654E7,3.328153E7,3.2511828E7,3.3026297E7,3.3157918E7,3.3030989E7,3.2349215E7,3.2129858E7,3.2831885E7,3.3158041E7,3.2957819E7,3.4621352E7
Kuhmoinen,3.9445724E7,4.0467378E7,4.0336524E7,4.0346832E7,4.1249816E7,4.0292943E7,3.9959351E7,4.1034894E7,4.1164132E7,4.2081521E7,4.2028623E7,4.3546577E7
Lempäälä,3.4337989E8,3.64614293E8,3.81506159E8,3.88047383E8,4.03109807E8,4.12321962E8,4.27008791E8,4.37636192E8,4.58685185E8,4.81818191E8,4.95041915E8,5.49341011E8
Mänttä-Vilppula,1.80486864E8,1.86553526E8,1.86056096E8,1.85066297E8,1.86631523E8,1.85572191E8,1.84545102E8,1.85108633E8,1.9624208E8,1.8580416E8,1.8515986E8,1.89251634E8
Nokia,5.20267207E8,5.52862582E8,5.74639351E8,5.86670918E8,5.95893465E8,6.04221832E8,6.12914529E8,6.32466528E8,6.56294216E8,6.7147951E8,6.91422872E8,7.29601674E8
Orivesi,1.50057806E8,1.55977685E8,1.60590584E8,1.62596238E8,1.62846225E8,1.61575512E8,1.62827258E8,1.66491022E8,1.71480708E8,1.7782483E8,1.75045504E8,1.82458747E8
Parkano,1.07433466E8,1.09063075E8,1.11676276E8,1.12676935E8,1.14285452E8,1.13468108E8,1.13328699E8,1.15851061E8,1.16505456E8,1.19472457E8,1.18725626E8,1.23126468E8
Pirkkala,3.19426898E8,3.4384191E8,3.5323903E8,3.61644611E8,3.98691415E8,3.81807464E8,3.92376042E8,4.10239356E8,4.22206825E8,4.40987835E8,4.46034488E8,4.85999231E8
Punkalaidun,4.9508216E7,5.0121372E7,5.2906087E7,5.2576987E7,5.3023673E7,5.0062238E7,5.0688155E7,5.1420847E7,5.2497741E7,5.2224543E7,5.3232625E7,5.2629485E7
Pälkäne,1.11376257E8,1.11630582E8,1.14450545E8,1.16037414E8,1.17453952E8,1.17809843E8,1.19184126E8,1.21071414E8,1.2299777E8,1.23639445E8,1.25934959E8,1.31949969E8
Ruovesi,8.010492E7,8.151477E7,8.1473486E7,8.2555204E7,8.1899312E7,7.932716E7,7.9949438E7,8.0012862E7,8.2337247E7,8.1747469E7,8.1204032E7,8.4998863E7
Sastamala,3.99325247E8,4.15119938E8,4.30254279E8,4.34275445E8,4.38000184E8,4.3760756E8,4.4126537E8,4.49869174E8,4.59078805E8,4.64091909E8,4.70527259E8,4.84870051E8
Tampere,3.678942102E9,3.885445082E9,4.004665022E9,4.099894357E9,4.161202183E9,4.258714045E9,4.36490062E9,4.553128935E9,4.804680449E9,4.930724344E9,5.024670787E9,5.392581336E9
Urjala,8.3112506E7,8.394342E7,8.7299654E7,8.6393258E7,8.8828512E7,8.3214983E7,8.5974124E7,8.5141365E7,8.8474389E7,8.8562441E7,8.7410152E7,9.3933964E7
Valkeakoski,3.42811002E8,3.60368082E8,3.73090589E8,3.73636027E8,3.80237527E8,3.86427764E8,3.91956015E8,3.96877243E8,4.04304202E8,4.11180685E8,4.11859685E8,4.26561722E8
Vesilahti,6.6619492E7,7.0890914E7,7.3612702E7,7.6417963E7,7.708681E7,7.9013846E7,7.9803456E7,8.1330533E7,8.4399535E7,8.6127045E7,8.7264976E7,9.4520382E7
Virrat,1.14305989E8,1.15853846E8,1.17639507E8,1.19356448E8,1.20396617E8,1.19403428E8,1.19106799E8,1.22168344E8,1.24220677E8,1.25612659E8,1.24636725E8,1.31674274E8
Ylöjärvi,5.03423882E8,5.39552204E8,5.51543869E8,5.59438319E8,5.68836914E8,5.91934855E8,6.00752712E8,6.22749207E8,6.45833651E8,6.65771851E8,6.82342192E8,7.25352971E8
Asikkala,1.42342068E8,1.47846358E8,1.48904796E8,1.47797013E8,1.51371861E8,1.49803732E8,1.52115111E8,1.57004174E8,1.60341997E8,1.63672799E8,1.65943662E8,1.73028468E8
Hartola,5.0894501E7,5.1001078E7,5.1463532E7,5.0749322E7,5.1154499E7,4.8979398E7,4.932664E7,5.0271477E7,5.0513763E7,5.550412E7,5.1065755E7,5.3166661E7
Heinola,3.22693229E8,3.34427761E8,3.40544913E8,3.45017976E8,3.49857037E8,3.48667074E8,3.50531498E8,3.55022359E8,3.61135197E8,3.69933319E8,3.67619326E8,3.8273112E8
Hollola,4.00788322E8,4.45905429E8,4.29105149E8,4.3493192E8,4.30185717E8,4.33517871E8,4.40394251E8,4.56541635E8,4.64029948E8,4.7928006E8,4.77284878E8,4.96681965E8
Iitti,1.13559364E8,1.17844173E8,1.20615157E8,1.21737137E8,1.23017859E8,1.22811101E8,1.23299125E8,1.29330972E8,1.27554379E8,1.29478069E8,1.27955371E8,1.33710712E8
Kärkölä,7.7158811E7,7.9876663E7,8.019272E7,8.1214808E7,8.1720992E7,7.9860612E7,8.1426534E7,8.1545677E7,8.3672603E7,8.5392411E7,8.4630739E7,8.6934024E7
Lahti,1.919223744E9,2.002242639E9,2.070008551E9,2.103002105E9,2.111897892E9,2.149144119E9,2.193975786E9,2.259332173E9,2.303092144E9,2.393300168E9,2.400829638E9,2.508437594E9
Orimattila,2.59901324E8,2.79384887E8,2.76875961E8,2.8333254E8,2.84103602E8,2.87312512E8,2.91385716E8,2.99814247E8,3.06224433E8,3.13392619E8,3.13019175E8,3.22043728E8
Padasjoki,5.3369431E7,5.4215858E7,5.3422136E7,5.6004594E7,5.6848131E7,5.6006382E7,5.4582059E7,5.5040016E7,5.5547654E7,5.6369537E7,5.5932957E7,5.8353099E7
Sysmä,6.5429095E7,6.7779114E7,6.7078289E7,6.8509057E7,6.9734329E7,6.8335876E7,6.9499408E7,7.0605652E7,7.1641781E7,7.2510166E7,7.4462048E7,7.5809028E7
Hamina,3.48698772E8,3.62288476E8,3.67126385E8,3.71404698E8,3.71099011E8,3.73529567E8,3.75841855E8,3.80883815E8,3.8788659E8,3.96286655E8,4.02044472E8,4.10206855E8
Kotka,9.02368566E8,9.28501468E8,9.51498878E8,9.54144416E8,9.58117983E8,9.66060422E8,9.76042379E8,9.76067444E8,9.965774E8,1.00940936E9,1.018911595E9,1.046386493E9
Kouvola,1.457901107E9,1.489306676E9,1.527094846E9,1.542348537E9,1.559064892E9,1.555130429E9,1.558496213E9,1.585237254E9,1.611265832E9,1.629359907E9,1.620993345E9,1.667342011E9
Miehikkälä,3.297677E7,3.3485485E7,3.4543488E7,3.4922003E7,3.5055358E7,3.4855168E7,3.485681E7,3.4612184E7,3.542095E7,3.4718939E7,3.4642198E7,3.5958848E7
Pyhtää,9.0775644E7,9.5366647E7,9.7336108E7,9.8867198E7,1.00873224E8,1.01840944E8,1.01643989E8,1.09993235E8,1.09534644E8,1.10137824E8,1.07646443E8,1.12504226E8
Virolahti,5.3286036E7,5.4701061E7,5.6461567E7,5.7338226E7,5.7700534E7,5.7593425E7,5.6768789E7,5.6833051E7,5.8437225E7,5.8738244E7,6.0804003E7,5.9540607E7
Imatra,4.64519322E8,4.83961761E8,4.96530523E8,5.01991909E8,5.0878512E8,5.07655599E8,5.04678217E8,5.09937296E8,5.14599342E8,5.18378697E8,5.12882308E8,5.22684955E8
Lappeenranta,1.17831725E9,1.227421751E9,1.269883625E9,1.291012029E9,1.291512905E9,1.298378869E9,1.31121495E9,1.344768907E9,1.370383459E9,1.400359368E9,1.427861665E9,1.479047732E9
Lemi,4.8018762E7,4.9838218E7,5.1175883E7,5.2969897E7,5.2883055E7,5.283095E7,5.35721E7,5.5171809E7,5.5622133E7,5.6924139E7,5.6459932E7,5.769538E7
Luumäki,8.1835047E7,8.5699192E7,8.6224931E7,8.8820906E7,8.8597283E7,8.7464185E7,8.7998505E7,8.9221974E7,8.9497758E7,9.0976907E7,9.0317293E7,9.3024936E7
Parikkala,8.9033805E7,9.0625042E7,9.2380817E7,9.3095446E7,9.4101651E7,9.2885972E7,9.227785E7,9.0562876E7,9.1027127E7,9.1183645E7,9.0756711E7,9.2226276E7
Rautjärvi,6.8216664E7,6.793656E7,6.4407335E7,6.5261403E7,6.4436117E7,6.3686801E7,6.2509513E7,6.2354581E7,6.2755531E7,6.1649896E7,6.1635429E7,6.1811341E7
Ruokolahti,9.7330006E7,9.8255613E7,9.9599951E7,1.00527491E8,1.01293429E8,9.9894814E7,9.8888546E7,9.9266692E7,1.01958846E8,1.03385859E8,1.01018695E8,1.079368E8
Savitaipale,5.9567794E7,6.2169642E7,6.3037813E7,6.4219146E7,6.4050208E7,6.367043E7,6.3037253E7,6.3363002E7,6.4739683E7,6.5874438E7,6.5134245E7,6.7043624E7
Taipalsaari,8.4581877E7,8.7607989E7,9.0389111E7,9.1006691E7,9.1146418E7,9.1586467E7,9.3315247E7,9.4292028E7,9.6774765E7,9.7541647E7,9.7611074E7,1.00924558E8
Enonkoski,2.4007647E7,2.4227901E7,2.3886103E7,2.4335841E7,2.4623363E7,2.4647327E7,2.4640902E7,2.4647673E7,2.5622988E7,2.589987E7,2.5198719E7,2.7072798E7
Hirvensalmi,3.7518999E7,3.7974192E7,3.9773958E7,4.04952E7,4.0488077E7,4.0430253E7,4.2298361E7,4.1969406E7,4.3037204E7,4.2767201E7,4.4415452E7,4.6359062E7
Juva,1.05556025E8,1.08825685E8,1.09623558E8,1.11671268E8,1.13214823E8,1.12202408E8,1.13144807E8,1.15477691E8,1.15075161E8,1.16312241E8,1.12843076E8,1.1795092E8
Kangasniemi,8.9723958E7,9.2284867E7,9.5620961E7,9.7466757E7,9.7758805E7,9.7569777E7,9.9405659E7,9.8333511E7,1.01923229E8,1.01382209E8,1.00518386E8,1.06474174E8
Mikkeli,8.76563437E8,9.12118922E8,9.39827934E8,9.58975657E8,9.6982361E8,9.77490628E8,9.90045093E8,1.005608887E9,1.028319246E9,1.032519946E9,1.017779696E9,1.059721634E9
Mäntyharju,1.0293448E8,1.06574596E8,1.07513899E8,1.08384823E8,1.10520327E8,1.10245821E8,1.10419372E8,1.11222653E8,1.12230129E8,1.13854409E8,1.11932486E8,1.16897026E8
Pertunmaa,2.8741309E7,3.0169642E7,2.9039967E7,2.980714E7,3.0087226E7,2.982365E7,3.0477624E7,3.0399025E7,3.1162496E7,3.2313036E7,3.0762221E7,3.2020553E7
Pieksämäki,3.15835455E8,3.20340884E8,3.24346478E8,3.26745264E8,3.29676046E8,3.24929141E8,3.22822588E8,3.26019011E8,3.27755053E8,3.31265795E8,3.29621485E8,3.40499902E8
Puumala,3.8509444E7,3.9033539E7,3.9801236E7,4.0626784E7,4.2161697E7,4.093606E7,4.1225495E7,4.3025404E7,4.3788882E7,4.492286E7,4.5777319E7,4.831861E7
Rantasalmi,6.39978E7,6.1756781E7,6.1476248E7,6.2758705E7,6.3669404E7,6.2605082E7,6.266194E7,6.1995924E7,6.5297649E7,6.3248785E7,6.2507613E7,6.5814863E7
Savonlinna,5.80713552E8,6.00783893E8,6.0846133E8,6.11380188E8,6.11742646E8,6.08495411E8,6.07935056E8,6.14609953E8,6.17791577E8,6.18757614E8,6.17233968E8,6.43271888E8
Sulkava,4.8485471E7,4.6939492E7,4.4620279E7,4.4852408E7,4.4776724E7,4.4377946E7,4.5457586E7,4.4558936E7,4.5103066E7,4.6441766E7,4.6583639E7,4.8205879E7
Iisalmi,3.47379826E8,3.67161126E8,3.7370224E8,3.82061258E8,3.82025581E8,3.81041658E8,3.8529262E8,3.94236368E8,4.03395847E8,4.10312342E8,4.08039143E8,4.23390463E8
Joroinen,8.7003423E7,8.8367897E7,8.8968793E7,8.887765E7,9.015609E7,8.9985606E7,8.9325202E7,8.9745925E7,9.085911E7,9.1330682E7,9.2865493E7,9.4756388E7
Kaavi,4.6967073E7,4.9750506E7,4.9688877E7,5.0391152E7,5.0699036E7,4.978061E7,4.9867401E7,5.0626168E7,5.1418791E7,5.1303917E7,5.0942528E7,5.2752136E7
Keitele,4.0428058E7,4.1259978E7,4.0670771E7,4.1492323E7,4.1593018E7,4.1124623E7,4.1393448E7,4.0330398E7,4.16212E7,4.2161852E7,4.0952933E7,4.3252447E7
Kiuruvesi,1.31113164E8,1.33140556E8,1.37177031E8,1.37247453E8,1.38356957E8,1.36211491E8,1.3765128E8,1.40326717E8,1.46560905E8,1.42908115E8,1.40236015E8,1.45774991E8
Kuopio,1.836196371E9,1.917069205E9,1.995652276E9,2.055286395E9,2.086362877E9,2.103479163E9,2.17459786E9,2.223274408E9,2.31435206E9,2.379919857E9,2.42933579E9,2.553263871E9
Lapinlahti,1.5372456E8,1.59802299E8,1.63335233E8,1.65844701E8,1.67292682E8,1.65365481E8,1.67193597E8,1.68875181E8,1.72637878E8,1.73894755E8,1.73002043E8,1.79121879E8
Leppävirta,1.67097522E8,1.72195213E8,1.75886288E8,1.74830425E8,1.7653648E8,1.76393828E8,1.79146076E8,1.83490372E8,1.85935588E8,1.86922682E8,1.88286423E8,2.00771865E8
Pielavesi,7.2839017E7,7.4870671E7,7.521754E7,7.5848284E7,7.6375238E7,7.6118685E7,7.6043653E7,7.7266159E7,7.865176E7,7.7359108E7,7.6299598E7,7.9527836E7
Rautalampi,5.2672773E7,5.3336053E7,5.3427382E7,5.4586787E7,5.4579404E7,5.4074361E7,5.4079421E7,5.4701408E7,5.5830526E7,5.5602027E7,5.5548405E7,5.726883E7
Rautavaara,2.5759421E7,2.6513294E7,2.6974799E7,2.7236277E7,2.7914705E7,2.7026149E7,2.7489762E7,2.7442683E7,2.7921488E7,2.7559529E7,2.7255512E7,2.7427855E7
Siilinjärvi,3.39071381E8,3.5862563E8,3.69535994E8,3.79303768E8,3.83337575E8,3.83867966E8,3.9103877E8,3.99754281E8,4.10901943E8,4.17276564E8,4.15944987E8,4.30877821E8
Sonkajärvi,6.7303477E7,6.8547488E7,6.9174129E7,6.9218643E7,7.021245E7,6.8775352E7,6.9289679E7,6.927613E7,7.1725411E7,7.0886712E7,7.0364263E7,7.2286062E7
Suonenjoki,1.1670384E8,1.20048435E8,1.2160134E8,1.24112462E8,1.24225755E8,1.24211307E8,1.24296966E8,1.2664329E8,1.30948518E8,1.30510118E8,1.29835912E8,1.34548998E8
Tervo,2.4900925E7,2.6215668E7,2.6539664E7,2.7825994E7,2.7625516E7,2.7540832E7,2.8193385E7,2.7773823E7,2.8476112E7,2.8725592E7,2.8673071E7,2.9623084E7
Tuusniemi,4.1853843E7,4.3369539E7,4.3979596E7,4.5405714E7,4.4709643E7,4.4830237E7,4.4094347E7,4.3894661E7,4.6007719E7,4.5601439E7,4.4737594E7,4.7401171E7
Varkaus,3.55432027E8,3.66493519E8,3.7085416E8,3.76381865E8,3.75082018E8,3.77795218E8,3.80327835E8,3.83693793E8,3.87756283E8,3.92065621E8,3.94360702E8,4.05627608E8
Vesanto,3.5925218E7,3.5373104E7,3.5493612E7,3.5744655E7,3.6016017E7,3.4912099E7,3.5506874E7,3.5683757E7,3.6263224E7,3.63049E7,3.6769505E7,3.8054371E7
Vieremä,5.9738133E7,6.2932324E7,6.4277754E7,6.4111154E7,6.3668435E7,6.3595219E7,6.4731053E7,6.6603745E7,7.1081271E7,7.1112692E7,6.7830604E7,7.1730285E7
Heinävesi,5.8686433E7,5.9853458E7,6.0538171E7,6.0646562E7,6.0510902E7,6.4029479E7,6.1751156E7,6.0750097E7,6.2023454E7,6.0270277E7,6.0671465E7,6.3264814E7
Ilomantsi,8.6747534E7,8.8843813E7,9.0106131E7,9.1878596E7,9.1611483E7,9.0560518E7,9.0626597E7,8.9493656E7,8.9583117E7,8.8141267E7,8.7728605E7,8.9333998E7
Joensuu,1.135927094E9,1.196627616E9,1.229664425E9,1.257438572E9,1.273546497E9,1.291836964E9,1.315201982E9,1.354324654E9,1.407483104E9,1.446363078E9,1.472167997E9,1.541292893E9
Juuka,7.8858432E7,8.1552961E7,7.9644357E7,8.1552951E7,8.2125289E7,8.0343029E7,8.0908107E7,8.0665155E7,8.2366685E7,8.0758417E7,8.0563736E7,8.2296354E7
Kitee,1.73788365E8,1.78979047E8,1.79257179E8,1.83036664E8,1.85130297E8,1.79760526E8,1.82168281E8,1.827308E8,1.85405989E8,1.87406859E8,1.84427116E8,1.89303862E8
Kontiolahti,2.13957209E8,2.32011936E8,2.34809483E8,2.43687857E8,2.51521565E8,2.56050931E8,2.58617175E8,2.65279796E8,2.76899785E8,2.8405834E8,2.88799325E8,3.09351312E8
Lieksa,1.88747128E8,1.94119241E8,1.98010122E8,2.00482251E8,1.98846038E8,1.96300497E8,1.95851434E8,1.95135033E8,2.00531525E8,1.97664253E8,1.98370015E8,2.01575993E8
Liperi,1.80764089E8,1.90683076E8,1.97649193E8,2.00638429E8,2.03185235E8,2.03599901E8,2.05885516E8,2.10646964E8,2.15916452E8,2.20828914E8,2.2208105E8,2.31834081E8
Nurmes,1.58941132E8,1.62563904E8,1.66375765E8,1.68176304E8,1.69915304E8,1.69149337E8,1.67268424E8,1.68999384E8,1.72374674E8,1.71287285E8,1.73039403E8,1.77158461E8
Outokumpu,1.09857541E8,1.11667561E8,1.12494502E8,1.13212129E8,1.12747439E8,1.12891501E8,1.13936996E8,1.15460114E8,1.16280601E8,1.17791038E8,1.15735689E8,1.20298736E8
Polvijärvi,6.6403979E7,6.9281545E7,7.1474766E7,7.2592137E7,7.3844373E7,7.2923647E7,7.325665E7,7.3352849E7,7.4419214E7,7.3841497E7,7.4191211E7,7.7167363E7
Rääkkylä,3.5771804E7,3.7077508E7,3.7296608E7,3.7814954E7,3.8589213E7,3.8028264E7,3.703213E7,3.7295427E7,3.8022555E7,3.8101485E7,3.7523351E7,3.8573949E7
Tohmajärvi,7.2347656E7,7.4696114E7,7.4787628E7,7.6048953E7,7.7270214E7,7.6578859E7,7.6506088E7,7.9354988E7,7.8695928E7,7.8081147E7,7.8362579E7,7.9731314E7
Hankasalmi,8.0272932E7,8.2519338E7,8.3166605E7,8.3645749E7,8.4314222E7,8.3102108E7,8.3782695E7,8.3827168E7,8.5606099E7,8.6172167E7,8.5839988E7,8.880613E7
Joutsa,7.6465334E7,7.862599E7,8.0164389E7,8.0824743E7,8.0247835E7,7.9337032E7,8.0925628E7,8.2150983E7,8.3216749E7,8.2194824E7,8.2327362E7,8.5955261E7
Jyväskylä,2.125937232E9,2.210575482E9,2.270699817E9,2.310275819E9,2.373263729E9,2.413994017E9,2.486028966E9,2.600982452E9,2.709758941E9,2.769773979E9,2.845665469E9,2.991097764E9
Jämsä,3.62139032E8,3.73156623E8,3.80675927E8,3.83704289E8,3.84712277E8,3.8326879E8,3.8531893E8,3.88721863E8,3.97524586E8,3.99156504E8,3.93449464E8,4.07359612E8
Kannonkoski,2.3052961E7,2.2946266E7,2.3216288E7,2.2764845E7,2.2558238E7,2.2180482E7,2.2293089E7,2.2747767E7,2.2376738E7,2.3275464E7,2.3534257E7,2.4746034E7
Karstula,6.7210226E7,6.847515E7,6.9307192E7,6.9654243E7,6.9151603E7,6.9990725E7,7.0438612E7,7.0834727E7,7.0253698E7,7.1220988E7,7.0649969E7,7.2876846E7
Keuruu,1.69686553E8,1.7175347E8,1.73949458E8,1.74374308E8,1.76191445E8,1.75711837E8,1.77310587E8,1.78549593E8,1.77950195E8,1.80873406E8,1.80314807E8,1.86859086E8
Kinnula,2.4429875E7,2.5302276E7,2.498004E7,2.5355939E7,2.6217639E7,2.5988722E7,2.6153205E7,2.6047462E7,2.5807228E7,2.6096547E7,2.7054782E7,2.6788626E7
Kivijärvi,1.8044875E7,1.8279363E7,1.8523217E7,1.8323625E7,1.8487618E7,1.8231647E7,1.8252047E7,1.8111729E7,1.7917608E7,1.8180342E7,1.8894108E7,1.906052E7
Konnevesi,5.0846093E7,4.8727857E7,4.7223877E7,4.6560125E7,4.7233313E7,4.6673292E7,4.7589657E7,4.8505313E7,4.8515438E7,4.9253405E7,4.8577995E7,5.1143497E7
Kyyjärvi,2.2062164E7,2.29685E7,2.3151354E7,2.2967431E7,2.2818451E7,2.2207245E7,2.3050209E7,2.2839563E7,2.3025701E7,2.3305787E7,2.2992459E7,2.3809404E7
Laukaa,2.7958743E8,2.91170683E8,3.0018558E8,3.06321391E8,3.12680235E8,3.16253045E8,3.21562197E8,3.29270267E8,3.34612279E8,3.44116741E8,3.48695766E8,3.64136399E8
Luhanka,1.2629882E7,1.2956898E7,1.2954355E7,1.3671207E7,1.3664514E7,1.3532805E7,1.404531E7,1.4085376E7,1.4585765E7,1.4843219E7,1.5010531E7,1.648198E7
Multia,2.8177607E7,2.7763408E7,2.7777417E7,2.7966701E7,2.8156811E7,2.8288256E7,2.7546545E7,2.7494868E7,2.8356765E7,2.9455674E7,2.7753374E7,2.8078155E7
Muurame,1.59529449E8,1.7085827E8,1.74064985E8,1.774546E8,2.07826162E8,1.8467208E8,1.90698213E8,1.97920608E8,2.04782371E8,2.15447806E8,2.32565349E8,2.38196524E8
Petäjävesi,5.9446408E7,6.1053831E7,6.2978221E7,6.3955279E7,6.5029642E7,6.5032397E7,6.6449664E7,6.7262446E7,6.9022737E7,6.9703423E7,6.9622591E7,7.1789913E7
Pihtipudas,6.2763101E7,6.4285579E7,6.5505917E7,6.5536932E7,6.6085222E7,6.5101103E7,6.6614482E7,6.7300869E7,6.8237138E7,6.9616998E7,6.9308364E7,7.2343947E7
Saarijärvi,1.5449198E8,1.56737793E8,1.60128693E8,1.60378985E8,1.62603487E8,1.61525137E8,1.60969582E8,1.63703786E8,1.72173656E8,1.68383288E8,1.67552495E8,1.72940347E8
Toivakka,3.6131826E7,3.8131873E7,3.9239973E7,3.9980789E7,4.0879136E7,4.0926796E7,4.1608045E7,4.2104288E7,4.3531798E7,4.5042586E7,4.5130669E7,4.7184385E7
Uurainen,4.9518811E7,5.1342344E7,5.3650148E7,5.4503589E7,5.5504022E7,5.6504558E7,5.8476896E7,6.0332409E7,6.2914705E7,6.3243344E7,6.279166E7,6.5500066E7
Viitasaari,1.11092876E8,1.12229954E8,1.10702574E8,1.12340349E8,1.11969002E8,1.11538538E8,1.12203505E8,1.11973599E8,1.12725066E8,1.1412184E8,1.1385042E8,1.18116206E8
Äänekoski,3.09168602E8,3.19299543E8,3.26705742E8,3.28586597E8,3.30396618E8,3.30068341E8,3.32673728E8,3.40139962E8,3.4051131E8,3.42257319E8,3.45940168E8,3.53166494E8
Alajärvi,1.48398813E8,1.55974649E8,1.5389273E8,1.55426303E8,1.57688134E8,1.55954908E8,1.56958772E8,1.61546172E8,1.65522277E8,1.67010515E8,1.66059219E8,1.72476162E8
Alavus,1.77795666E8,1.84404703E8,1.87519112E8,1.91042023E8,1.91672356E8,1.91763252E8,1.92663691E8,1.96178384E8,1.99639951E8,2.02664484E8,2.0631063E8,2.10518471E8
Evijärvi,4.0989217E7,4.3010755E7,4.3496738E7,4.5433284E7,4.5499927E7,4.5112525E7,4.5226082E7,4.5811305E7,4.5731448E7,4.5645144E7,4.5270212E7,4.7139615E7
Ilmajoki,1.84260203E8,1.94175777E8,2.01466289E8,2.05683293E8,2.11124043E8,2.09208283E8,2.13952819E8,2.19008312E8,2.23933037E8,2.31260397E8,2.35923757E8,2.52814699E8
Isojoki,3.4970307E7,3.6003012E7,3.652881E7,3.6414558E7,3.6260462E7,3.5495288E7,3.5929018E7,3.6476684E7,3.5611321E7,3.6825948E7,3.6542127E7,3.7710267E7
Isokyrö,7.6495864E7,7.9504142E7,8.1315671E7,8.2512954E7,8.4541545E7,8.2495603E7,8.3286915E7,8.3277177E7,8.3913701E7,8.5055144E7,8.6382973E7,8.987616E7
Karijoki,2.2966037E7,2.4404384E7,2.4304582E7,2.3908278E7,2.3324089E7,2.3162012E7,2.344202E7,2.3772075E7,2.3748483E7,2.3635799E7,2.2800872E7,2.3445502E7
Kauhajoki,2.14808309E8,2.22944691E8,2.29812921E8,2.31040347E8,2.29999528E8,2.3003848E8,2.34462216E8,2.36325732E8,2.37964826E8,2.42052862E8,2.42149001E8,2.94375492E8
Kauhava,2.67666406E8,2.79738051E8,2.84938468E8,2.88281195E8,2.86935946E8,2.83871986E8,2.85013786E8,2.84708072E8,2.9028366E8,2.97472894E8,2.89425939E8,3.00719754E8
Kuortane,5.9776454E7,6.2212363E7,6.238356E7,6.3313142E7,6.2514315E7,6.2898811E7,6.3617522E7,6.3720557E7,6.5722784E7,6.7292385E7,6.7860976E7,7.0060893E7
Kurikka,3.52324808E8,3.63930761E8,3.69495856E8,3.72832444E8,3.75834926E8,3.7081366E8,3.72353316E8,3.75895909E8,3.81178173E8,3.8684362E8,3.88624678E8,3.98833226E8
Lappajärvi,5.1230865E7,5.3928248E7,5.4203191E7,5.5003463E7,5.5031255E7,5.5272815E7,5.4585922E7,5.4176051E7,5.4886822E7,5.4004259E7,5.2714907E7,5.2949971E7
Lapua,2.21775653E8,2.30969795E8,2.40126692E8,2.44691045E8,2.47066992E8,2.4632868E8,2.52948137E8,2.57087039E8,2.58182342E8,2.64148735E8,2.66411885E8,2.79200344E8
Seinäjoki,9.70641727E8,1.025497034E9,1.056672254E9,1.086854166E9,1.088051748E9,1.118679234E9,1.135408502E9,1.17713717E9,1.2265339E9,1.267006131E9,1.294885807E9,1.36926646E9
Soini,3.2546624E7,3.3544146E7,3.3313666E7,3.3738207E7,3.4411106E7,3.3550613E7,3.3685548E7,3.4607796E7,3.4672546E7,3.5137061E7,3.4874306E7,3.6173877E7
Teuva,9.0514255E7,9.0292811E7,9.2090821E7,9.082047E7,8.9755996E7,8.8650632E7,8.8719259E7,8.930428E7,9.064E7,9.0911165E7,9.2077196E7,9.4844383E7
Vimpeli,4.9862293E7,6.035882E7,5.1605209E7,5.1138705E7,5.1555113E7,5.1203505E7,5.0877667E7,5.1507304E7,5.2316427E7,5.2598472E7,5.2793686E7,5.4506711E7
Ähtäri,9.7436298E7,9.875005E7,1.00425737E8,1.00996565E8,1.02045811E8,1.01969924E8,1.01297241E8,1.03108265E8,1.03429452E8,1.04360736E8,1.04275239E8,1.08192745E8
Kaskinen,2.4629777E7,2.5011482E7,2.5588561E7,2.4927516E7,2.5493105E7,2.429337E7,2.4553293E7,2.5177789E7,2.6044841E7,2.4873315E7,2.5329024E7,2.598144E7
Korsnäs,3.6370642E7,3.8695347E7,3.9538264E7,4.1337253E7,3.9202968E7,3.9103391E7,3.8947087E7,3.8979055E7,3.9413021E7,3.9309414E7,4.015614E7,4.1468598E7
Kristiinankaupunki,1.12764257E8,1.1547921E8,1.17662233E8,1.19162076E8,1.19686335E8,1.18620197E8,1.20580667E8,1.21110819E8,1.27290135E8,1.26972141E8,1.27478229E8,1.31282988E8
Kruunupyy,1.06717603E8,1.12391191E8,1.15257256E8,1.19677934E8,1.18280612E8,1.18560841E8,1.19512063E8,1.18748942E8,1.21540023E8,1.2469453E8,1.29011369E8,1.36709866E8
Laihia,1.30746048E8,1.3708354E8,1.41378002E8,1.44551903E8,1.48530179E8,1.45391614E8,1.46842214E8,1.48202303E8,1.52436014E8,1.55171624E8,1.56477029E8,1.62153018E8
Luoto,6.6458979E7,7.0603712E7,7.2661488E7,7.5962967E7,7.7398413E7,7.8509385E7,8.2457112E7,8.4005466E7,8.7846769E7,9.1344561E7,9.4755346E7,1.08851302E8
Maalahti,8.9544998E7,9.2692062E7,9.6431776E7,9.9144614E7,9.9449813E7,9.9454281E7,9.8884512E7,1.01023185E8,1.02967748E8,1.06451134E8,1.07300117E8,1.13171122E8
Mustasaari,3.23895426E8,3.51130265E8,3.51161228E8,3.61809368E8,3.76306142E8,3.60555399E8,3.64915508E8,3.75746845E8,3.85356592E8,3.99966569E8,3.94224449E8,4.20084933E8
Närpiö,1.51863648E8,1.59210333E8,1.62973596E8,1.64770203E8,1.67829817E8,1.67167216E8,1.69348947E8,1.7562423E8,1.78294474E8,1.83284851E8,1.87634993E8,1.96030411E8
Pedersören kunta,1.56964748E8,1.66636146E8,1.72600844E8,1.77272734E8,1.78524862E8,1.8171466E8,1.83195966E8,1.86902712E8,1.92693193E8,1.97984805E8,2.02834607E8,2.13761113E8
Pietarsaari,3.18190421E8,3.28399805E8,3.37904947E8,3.42422735E8,3.47500951E8,3.48605623E8,3.52124859E8,3.58789527E8,3.71854246E8,3.71001463E8,3.79048357E8,4.09223666E8
Uusikaarlepyy,1.23735946E8,1.30375579E8,1.34499981E8,1.39426977E8,1.40503092E8,1.40708108E8,1.39874041E8,1.4188571E8,1.46881334E8,1.46100245E8,1.46091854E8,1.5944457E8
Vaasa,1.09746648E9,1.159620078E9,1.193369574E9,1.221167246E9,1.290522062E9,1.258423888E9,1.275280116E9,1.288554047E9,1.32675976E9,1.352687856E9,1.359336197E9,1.430765622E9
Vöyri,1.09050577E8,1.16721043E8,1.18845294E8,1.21819088E8,1.20854738E8,1.20455088E8,1.19752532E8,1.22283244E8,1.24312017E8,1.26343155E8,1.26752284E8,1.31672349E8
Halsua,1.9504215E7,2.0021463E7,2.0131617E7,2.0483632E7,2.0603813E7,2.0289159E7,2.001096E7,1.9943138E7,2.0748134E7,2.0591344E7,2.0183367E7,2.045596E7
Kannus,8.534868E7,8.8493863E7,9.2043403E7,9.2706228E7,9.5047096E7,9.2909457E7,9.3633801E7,9.403957E7,9.5805368E7,9.7725912E7,9.9112523E7,1.03305775E8
Kaustinen,6.5469819E7,6.7065175E7,7.0024214E7,7.2580671E7,7.2668284E7,7.3007459E7,7.2854937E7,7.5522956E7,7.6796895E7,7.7929449E7,7.6729643E7,8.082097E7
Kokkola,7.24446055E8,7.63006104E8,7.8501176E8,7.97793145E8,8.12673297E8,8.1875637E8,8.23621423E8,8.51201209E8,8.67743535E8,8.88319668E8,9.12592215E8,9.5106781E8
Lestijärvi,1.4025166E7,1.3153483E7,1.2831203E7,1.2740449E7,1.3311506E7,1.2750595E7,1.3270709E7,1.3275393E7,1.29344E7,1.313847E7,1.3101626E7,1.3548783E7
Perho,3.7640584E7,3.8176986E7,3.9125116E7,3.9949091E7,4.0152351E7,4.0289184E7,4.1200695E7,4.1584789E7,4.2194119E7,4.1870556E7,4.1620997E7,4.3428857E7
Toholampi,5.1171142E7,5.2332126E7,5.2916269E7,5.3170038E7,5.3978516E7,5.2252749E7,5.1819203E7,5.1731225E7,5.211401E7,5.1403981E7,5.187E7,5.4358903E7
Veteli,5.154525E7,5.2923717E7,5.3754406E7,5.4898792E7,5.6049228E7,5.6160664E7,5.5877208E7,5.5675654E7,5.6548582E7,5.7022464E7,5.6248644E7,5.7358541E7
Alavieska,3.8019225E7,3.9018977E7,4.059857E7,4.056036E7,4.2240697E7,4.1950695E7,4.1536219E7,4.2578303E7,4.429222E7,4.4006833E7,4.5134048E7,4.6033918E7
Haapajärvi,1.06031289E8,1.10235608E8,1.13054133E8,1.14363885E8,1.15339199E8,1.13846166E8,1.13967072E8,1.1770969E8,1.21161719E8,1.19954712E8,1.22341705E8,1.27790944E8
Haapavesi,1.02665735E8,1.06040014E8,1.07564345E8,1.1009315E8,1.10980071E8,1.09839095E8,1.08471616E8,1.09849916E8,1.1192026E8,1.13819092E8,1.1332591E8,1.17465524E8
Hailuoto,1.6630086E7,1.7487575E7,1.7544988E7,1.8084237E7,1.8910218E7,1.8346838E7,1.8924436E7,1.9280946E7,1.9747838E7,1.9281013E7,2.0208359E7,2.1247975E7
Ii,1.31271912E8,1.3861144E8,1.44564917E8,1.4687495E8,1.49141691E8,1.50939597E8,1.53647343E8,1.63435922E8,1.6861767E8,1.74107808E8,1.76864125E8,1.83339446E8
Kalajoki,1.89016533E8,1.99999641E8,2.03664177E8,2.07096036E8,2.14885094E8,2.12951413E8,2.14710473E8,2.20231978E8,2.23784974E8,2.28269647E8,2.28568413E8,2.41537978E8
Kempele,2.55112679E8,2.6825935E8,2.81090858E8,2.93476902E8,2.90832453E8,2.97695594E8,3.09094469E8,3.27058148E8,3.39227137E8,3.60870769E8,3.80845293E8,4.01753813E8
Kuusamo,2.44362399E8,2.52811837E8,2.58160693E8,2.60061674E8,2.62116438E8,2.62302829E8,2.65317819E8,2.68514611E8,2.75412989E8,2.82061792E8,2.85262799E8,2.99565268E8
Kärsämäki,3.8411761E7,3.9286465E7,4.017085E7,4.0487267E7,4.0528798E7,4.1437794E7,4.0689891E7,4.1657539E7,4.3322518E7,4.3090871E7,4.3417106E7,4.5220093E7
Liminka,1.23500097E8,1.31927034E8,1.39105049E8,1.42368863E8,1.4401037E8,1.49138104E8,1.53833683E8,1.60357679E8,1.67436795E8,1.71892384E8,1.757313E8,1.83905355E8
Lumijoki,2.6304771E7,2.7486795E7,2.8647772E7,2.923344E7,2.9562278E7,2.9851604E7,3.0873951E7,3.1807964E7,3.2149254E7,3.2758073E7,3.3138164E7,3.4895791E7
Merijärvi,1.5562624E7,1.5581404E7,1.5864231E7,1.5983451E7,1.6596625E7,1.5675906E7,1.5718446E7,1.6129944E7,1.6221295E7,1.6758306E7,1.6655644E7,1.7210939E7
Muhos,1.25764684E8,1.30008038E8,1.35509441E8,1.38462708E8,1.3999539E8,1.42213611E8,1.4766291E8,1.47485688E8,1.51408631E8,1.53238927E8,1.61077488E8,1.64345774E8
Nivala,1.49168224E8,1.55194016E8,1.59378842E8,1.60951067E8,1.66473169E8,1.63006157E8,1.66420026E8,1.72951137E8,1.75516946E8,1.78134253E8,1.80948984E8,1.88114602E8
Oulainen,1.11685424E8,1.19291083E8,1.19384484E8,1.19927034E8,1.24299433E8,1.25533632E8,1.22966669E8,1.27315737E8,1.29205435E8,1.2917516E8,1.28286871E8,1.34404306E8
Oulu,3.027017904E9,3.174053843E9,3.312751313E9,3.374790387E9,3.461413495E9,3.604344498E9,3.623428009E9,3.770959447E9,3.921294397E9,4.058179118E9,4.176085522E9,4.411070686E9
Pudasjärvi,1.17646576E8,1.20106715E8,1.24032331E8,1.25427174E8,1.27034525E8,1.26331323E8,1.27455355E8,1.29468091E8,1.31494197E8,1.3257826E8,1.35898935E8,1.40436507E8
Pyhäjoki,5.0385526E7,5.208482E7,5.2814915E7,5.4017518E7,5.6025139E7,5.4582264E7,5.4731302E7,5.5677382E7,5.6982105E7,5.6877513E7,5.736338E7,6.1315326E7
Pyhäjärvi,8.662614E7,8.8890139E7,9.0978599E7,9.2254387E7,9.1308544E7,9.1781638E7,9.1524873E7,9.0997842E7,9.3234639E7,9.3709743E7,9.130104E7,9.2687715E7
Pyhäntä,2.3141975E7,2.2913194E7,2.3320096E7,2.3874392E7,2.4671196E7,2.486904E7,2.5441405E7,2.5965737E7,2.6105601E7,2.7589832E7,2.7320758E7,3.096789E7
Raahe,3.99427584E8,4.12390843E8,4.23040475E8,4.21642348E8,4.33442618E8,4.32848417E8,4.32649765E8,4.49900872E8,4.72969392E8,4.58785682E8,4.60541517E8,4.74015365E8
Reisjärvi,4.1904823E7,4.3055352E7,4.387347E7,4.4701031E7,4.5042375E7,4.4442203E7,4.4030165E7,4.4851432E7,4.5659822E7,4.5918261E7,4.7549079E7,4.7959217E7
Sievi,7.6357094E7,7.8786891E7,7.8504749E7,7.9230172E7,8.2641505E7,8.1241928E7,8.1782434E7,8.827327E7,8.8753801E7,1.02490767E8,9.1606526E7,9.8633157E7
Siikajoki,8.3138896E7,8.532523E7,8.5029451E7,8.6948424E7,8.7564446E7,1.06059872E8,8.6429336E7,9.2109756E7,9.169652E7,9.024612E7,8.995714E7,9.5393744E7
Siikalatva,8.6456348E7,8.7948421E7,8.837983E7,8.9547631E7,9.1792933E7,8.8925208E7,8.8986691E7,8.9432779E7,9.1466373E7,9.2441058E7,9.2267206E7,9.5998157E7
Taivalkoski,5.8944529E7,6.114155E7,6.3140662E7,6.3216629E7,6.4673204E7,6.4149074E7,6.5054362E7,6.6532156E7,6.7705991E7,6.9097561E7,6.9104357E7,7.2339528E7
Tyrnävä,8.3791777E7,8.8684893E7,9.2137594E7,9.4079431E7,9.5559515E7,9.7354794E7,9.9777752E7,1.01560319E8,1.04853392E8,1.04865706E8,1.07155089E8,1.11217161E8
Utajärvi,4.1872171E7,4.2506957E7,4.4777453E7,4.5589911E7,4.5351038E7,4.54758E7,4.5069251E7,4.619096E7,4.612116E7,4.6768479E7,4.7208922E7,4.7856456E7
Vaala,4.8245495E7,4.922724E7,4.990751E7,5.0097084E7,5.0484152E7,5.0846239E7,5.00234E7,5.0783021E7,4.9812779E7,4.9984041E7,4.9756265E7,5.0905065E7
Ylivieska,2.11509514E8,2.24554832E8,2.33554639E8,2.38864773E8,2.48875763E8,2.48650653E8,2.54602465E8,2.63589601E8,2.68572611E8,2.73480042E8,2.77762344E8,2.9162701E8
Hyrynsalmi,3.846074E7,3.9640472E7,4.0204406E7,4.0572874E7,4.0333916E7,3.9407035E7,4.0717314E7,3.9992307E7,4.2710028E7,4.1388672E7,4.0317246E7,4.0967937E7
Kajaani,5.95050267E8,6.27878843E8,6.33162429E8,6.35010264E8,6.42601307E8,6.48603723E8,6.57067762E8,6.70140387E8,6.86310638E8,7.04682858E8,7.07405387E8,7.30544966E8
Kuhmo,1.38695133E8,1.42550637E8,1.449637E8,1.46989074E8,1.48229997E8,1.46074153E8,1.45480349E8,1.47762175E8,1.5067016E8,1.50745361E8,1.49876658E8,1.54469801E8
Paltamo,5.527497E7,5.5768251E7,5.7170495E7,5.6271975E7,5.5769434E7,5.5900947E7,5.6523384E7,5.6884928E7,5.8210842E7,5.7976195E7,6.0789851E7,6.2402662E7
Puolanka,4.3530866E7,4.4274425E7,4.463857E7,4.526958E7,4.5186698E7,4.5140185E7,4.5134389E7,4.4264739E7,4.5188415E7,4.4471152E7,4.4997225E7,4.6321672E7
Ristijärvi,2.219087E7,2.3163367E7,2.3268237E7,2.4459937E7,2.4168032E7,2.3238474E7,2.3715029E7,2.4137659E7,2.464064E7,2.4789473E7,2.3679093E7,2.4746446E7
Sotkamo,1.68486755E8,1.75591541E8,1.78960291E8,1.81473675E8,1.81706482E8,1.83135458E8,1.8655395E8,1.92890362E8,2.00214322E8,2.04300904E8,2.08304158E8,2.18984719E8
Suomussalmi,1.35210554E8,1.38717777E8,1.40465863E8,1.39902126E8,1.39089094E8,1.37779301E8,1.38337694E8,1.38939279E8,1.42924921E8,1.44195733E8,1.41178255E8,1.43425645E8
Enontekiö,2.5754173E7,2.7706947E7,2.8795573E7,2.964137E7,3.0078494E7,3.0434429E7,3.1009884E7,3.2594824E7,3.2868706E7,3.3489062E7,3.3298269E7,3.4429098E7
Inari,1.03346484E8,1.09395126E8,1.12047625E8,1.16495818E8,1.1804371E8,1.24857716E8,1.25971953E8,1.31979247E8,1.36571138E8,1.41730698E8,1.41466135E8,1.48947274E8
Kemi,3.48022638E8,3.60798079E8,3.71220789E8,3.73286625E8,3.74355105E8,3.75282087E8,3.76632242E8,3.79208907E8,3.81364521E8,3.86185614E8,3.87528863E8,3.9036761E8
Kemijärvi,1.29571886E8,1.34436734E8,1.34954118E8,1.36673303E8,1.36791735E8,1.372601E8,1.36213125E8,1.37531867E8,1.36561588E8,1.38745944E8,1.38576369E8,1.41607427E8
Keminmaa,1.37463732E8,1.43630816E8,1.50484213E8,1.50032992E8,1.50617453E8,1.50254821E8,1.51941434E8,1.55793523E8,1.56193855E8,1.59710078E8,1.60941297E8,1.66233557E8
Kittilä,9.6910729E7,1.03412451E8,1.0976091E8,1.12469076E8,1.13049968E8,1.13388367E8,1.15867315E8,1.21644964E8,1.25589418E8,1.29975266E8,1.30792615E8,1.36423238E8
Kolari,5.9707405E7,6.1781963E7,6.439715E7,6.7446243E7,6.5978722E7,6.7238532E7,6.8115951E7,7.0154192E7,7.1697369E7,7.3565898E7,7.6574753E7,8.0005251E7
Muonio,3.6011343E7,3.7449846E7,3.8997117E7,3.9973635E7,4.0554135E7,4.151678E7,4.2109949E7,4.3194899E7,4.5629486E7,4.5816726E7,4.7181574E7,4.6744073E7
Pelkosenniemi,1.5376072E7,1.566737E7,1.6340598E7,1.6669797E7,1.6711561E7,1.7261388E7,1.6847723E7,1.6999928E7,1.7464629E7,1.7527363E7,1.8331346E7,1.8446958E7
Pello,6.0051368E7,6.7115984E7,6.2387234E7,6.3911196E7,6.3534638E7,6.3509309E7,6.4601415E7,6.3727764E7,6.4074518E7,6.4136751E7,6.4404107E7,6.728318E7
Posio,5.5250837E7,5.6871316E7,5.7548251E7,5.8134101E7,5.8305715E7,5.5967608E7,5.5802547E7,5.5148637E7,5.6063912E7,5.7360399E7,5.7450523E7,5.8264266E7
Ranua,5.7944118E7,5.8185793E7,6.0415062E7,6.0688485E7,6.1340563E7,6.0283987E7,6.1348149E7,6.3044051E7,6.3189805E7,6.4892779E7,6.4914452E7,6.5754234E7
Rovaniemi,9.38711712E8,9.9267434E8,1.026552357E9,1.046068066E9,1.064412415E9,1.086484052E9,1.105569586E9,1.139658607E9,1.187128393E9,1.224488895E9,1.239760901E9,1.292877062E9
Salla,5.9773643E7,6.0906971E7,6.2127253E7,6.2528787E7,6.1774544E7,6.1495203E7,6.1857611E7,6.1409923E7,6.2496574E7,6.2990939E7,6.4410428E7,6.6457924E7
Savukoski,1.7205709E7,1.7543041E7,1.7574024E7,1.7910288E7,1.8596141E7,1.7519178E7,1.7816548E7,1.7476355E7,1.7949727E7,1.841188E7,1.9058416E7,1.9780872E7
Simo,5.3197221E7,5.5056929E7,5.6400604E7,5.6477646E7,5.7197987E7,5.6447792E7,5.5570966E7,5.5886171E7,5.6510596E7,5.709619E7,5.7971049E7,5.9861127E7
Sodankylä,1.33450709E8,1.42851773E8,1.49934504E8,1.54565694E8,1.55275085E8,1.56722747E8,1.5659493E8,1.59229399E8,1.62836962E8,1.66093316E8,1.67625154E8,1.69283382E8
Tervola,4.9956525E7,5.2206686E7,5.3736627E7,5.4100396E7,5.4351185E7,5.5038985E7,5.3158932E7,5.3784814E7,5.5748933E7,5.7086458E7,5.6484729E7,5.7897814E7
Tornio,3.55488312E8,3.68655941E8,3.79620615E8,3.82673339E8,3.84850183E8,3.89549795E8,3.95289611E8,4.04865355E8,4.09364552E8,4.20061549E8,4.25327253E8,4.39212399E8
Utsjoki,2.0602879E7,2.1325065E7,2.1940755E7,2.2063499E7,2.1754405E7,2.254135E7,2.2957718E7,2.3279158E7,2.3257455E7,2.3591809E7,2.411039E7,2.4653829E7
Ylitornio,7.0678439E7,7.3994953E7,7.4431791E7,7.5029219E7,7.6432025E7,7.5330357E7,7.5966734E7,7.5951703E7,7.6210711E7,7.6274708E7,7.6978289E7,8.0376289E7
Brändö,9719037.0,1.0155247E7,1.0066845E7,1.0673959E7,1.2023765E7,1.0974412E7,1.1372606E7,1.1014494E7,1.1000655E7,1.1847472E7,1.2412138E7,1.3464828E7
Eckerö,1.696241E7,1.8433077E7,1.8606597E7,1.8148417E7,1.8459565E7,1.9060138E7,1.9457851E7,2.0277613E7,2.0386128E7,2.1358571E7,2.071749E7,2.0976677E7
Finström,4.7723984E7,4.66016E7,4.8006935E7,4.9337458E7,4.9992045E7,4.9988819E7,5.1461414E7,5.3587979E7,5.3867112E7,5.5988431E7,5.6763027E7,5.8205719E7
Föglö,1.2929945E7,1.1789901E7,1.0965151E7,1.1959933E7,1.2978056E7,1.2136639E7,1.1959297E7,1.1340404E7,1.1515179E7,1.1687699E7,1.1746458E7,1.1853077E7
Geta,8073873.0,8712182.0,8438363.0,8906189.0,8785217.0,9132663.0,9351036.0,9441649.0,9604007.0,9134248.0,9389286.0,9665514.0
Hammarland,2.748342E7,2.889108E7,2.950061E7,2.987519E7,2.9820391E7,3.0773379E7,3.0369339E7,3.1575627E7,3.2041808E7,3.4597778E7,3.3527106E7,3.6012468E7
Jomala,7.8137328E7,8.3188189E7,8.7496942E7,9.2901609E7,9.4827446E7,9.8628717E7,1.03357199E8,1.07514665E8,1.12269468E8,1.27084914E8,1.2344686E8,1.31150305E8
Kumlinge,6773141.0,6943129.0,6942555.0,6785118.0,6747355.0,6758592.0,6689018.0,6877212.0,7050138.0,7211772.0,7247379.0,7355333.0
Kökar,4541158.0,4482664.0,4828025.0,4978466.0,4873987.0,4711940.0,4977783.0,5032834.0,5212096.0,4944633.0,5071242.0,5239357.0
Lemland,3.5576657E7,3.74049E7,3.8456986E7,4.0407767E7,4.067383E7,4.2582341E7,4.2444891E7,4.3773644E7,4.4444879E7,4.6665557E7,4.8295414E7,5.4962504E7
Lumparland,7607602.0,7784528.0,7855656.0,9514144.0,8315941.0,8099355.0,8445043.0,8382076.0,8056329.0,8008620.0,8340613.0,8638267.0
Maarianhamina,2.47677511E8,2.57514351E8,2.57797794E8,2.6243326E8,2.64583177E8,2.77257407E8,2.7453999E8,2.79629588E8,2.80511755E8,2.90564695E8,2.85631922E8,3.04970077E8
Saltvik,3.3569156E7,3.5918456E7,3.5938488E7,3.7136893E7,3.7036944E7,3.8442108E7,3.7961305E7,3.9938453E7,4.0855051E7,4.0655807E7,3.9661787E7,4.049515E7
Sottunga,2461117.0,2562160.0,2331125.0,2474471.0,2645144.0,2675806.0,2590997.0,2672839.0,2626093.0,2499060.0,2733148.0,2678417.0
Sund,1.8194534E7,1.9106646E7,1.9256508E7,1.9859943E7,1.9995901E7,2.014782E7,2.0495902E7,2.1172865E7,2.1344559E7,2.1966152E7,2.1771718E7,2.2538847E7
Vårdö,8221637.0,8183045.0,7727226.0,8100192.0,8324616.0,8720910.0,8906901.0,8896618.0,9267655.0,9597809.0,9356436.0,1.0037586E7
