City,2011_vakiluvun_muutos,2012_vakiluvun_muutos,2013_vakiluvun_muutos,2014_vakiluvun_muutos,2015_vakiluvun_muutos,2016_vakiluvun_muutos,2017_vakiluvun_muutos,2018_vakiluvun_muutos,2019_vakiluvun_muutos,2020_vakiluvun_muutos,2021_vakiluvun_muutos,2022_vakiluvun_muutos
Askola,47.0,77.0,3.0,73.0,40.0,-58.0,-56.0,-32.0,-15.0,-65.0,-31.0,-84
Espoo,4469.0,4385.0,3929.0,4790.0,4259.0,4781.0,4461.0,4588.0,6099.0,3065.0,4336.0,8142
Hanko,-45.0,-150.0,-158.0,-88.0,-157.0,-201.0,-146.0,-138.0,-180.0,-157.0,-63.0,-147
Helsinki,6835.0,8584.0,8696.0,8051.0,7493.0,6973.0,8091.0,4770.0,5793.0,3085.0,1537.0,5571
Hyvinkää,38.0,65.0,596.0,178.0,97.0,133.0,143.0,-235.0,-34.0,106.0,304.0,-83
Inkoo,15.0,-23.0,24.0,-2.0,-19.0,44.0,-104.0,-78.0,-17.0,-65.0,32.0,31
Järvenpää,286.0,680.0,307.0,437.0,510.0,629.0,1043.0,838.0,301.0,744.0,771.0,404
Karkkila,-19.0,-71.0,-45.0,-97.0,-8.0,-58.0,-11.0,-122.0,-64.0,-18.0,21.0,-114
Kauniainen,118.0,103.0,191.0,256.0,129.0,-89.0,227.0,-9.0,182.0,381.0,218.0,-112
Kerava,267.0,-58.0,422.0,404.0,-24.0,218.0,43.0,700.0,502.0,349.0,127.0,444
Kirkkonummi,250.0,375.0,332.0,321.0,429.0,384.0,137.0,92.0,324.0,496.0,351.0,289
Lapinjärvi,-24.0,-19.0,-9.0,-41.0,-5.0,-35.0,-33.0,-41.0,-59.0,15.0,-41.0,-62
Lohja,33.0,142.0,187.0,-79.0,-271.0,-204.0,-364.0,-489.0,-331.0,-79.0,102.0,-177
Loviisa,-43.0,-33.0,-26.0,-13.0,-169.0,-103.0,-123.0,-194.0,-119.0,-27.0,-102.0,-75
Myrskylä,2.0,-16.0,-5.0,-2.0,-16.0,17.0,-17.0,-47.0,-40.0,-11.0,-55.0,-52
Mäntsälä,156.0,347.0,56.0,87.0,64.0,168.0,-50.0,-117.0,35.0,62.0,54.0,75
Nurmijärvi,412.0,370.0,459.0,399.0,320.0,113.0,149.0,506.0,328.0,670.0,464.0,331
Pornainen,15.0,15.0,8.0,3.0,-23.0,-17.0,13.0,-53.0,-33.0,35.0,-4.0,-55
Porvoo,65.0,195.0,398.0,302.0,200.0,216.0,15.0,103.0,118.0,239.0,530.0,83
Pukkila,-8.0,31.0,-11.0,-23.0,-42.0,17.0,-48.0,-41.0,-39.0,-27.0,15.0,-41
Raasepori,-106.0,-130.0,-134.0,-21.0,-269.0,-328.0,-226.0,-259.0,-56.0,-8.0,-44.0,-178
Sipoo,273.0,213.0,175.0,120.0,365.0,523.0,388.0,356.0,504.0,517.0,503.0,130
Siuntio,44.0,22.0,13.0,16.0,-17.0,-4.0,-32.0,-12.0,11.0,4.0,49.0,19
Tuusula,453.0,269.0,189.0,73.0,261.0,129.0,58.0,18.0,-65.0,184.0,935.0,666
Vantaa,2946.0,2311.0,2786.0,2705.0,3802.0,4736.0,3686.0,5139.0,5609.0,3456.0,1975.0,3613
Vihti,270.0,93.0,255.0,66.0,-76.0,48.0,87.0,157.0,-53.0,2.0,79.0,-326
Aura,64.0,-4.0,-9.0,20.0,4.0,-2.0,7.0,-7.0,-43.0,18.0,-4.0,10
Kaarina,170.0,282.0,435.0,350.0,442.0,148.0,361.0,359.0,479.0,730.0,830.0,351
Kemiönsaari,-18.0,-98.0,-63.0,-69.0,-34.0,-37.0,-79.0,-69.0,-84.0,-31.0,5.0,-65
Koski Tl,5.0,9.0,-27.0,15.0,-39.0,17.0,-57.0,-19.0,-32.0,-16.0,-21.0,-44
Kustavi,12.0,3.0,-20.0,23.0,3.0,13.0,15.0,3.0,23.0,13.0,9.0,-21
Laitila,-32.0,52.0,27.0,55.0,-22.0,0.0,90.0,37.0,-59.0,-120.0,-12.0,-90
Lieto,429.0,348.0,146.0,81.0,54.0,155.0,178.0,235.0,163.0,152.0,145.0,206
Loimaa,-68.0,-111.0,-37.0,-93.0,-140.0,-200.0,-117.0,-118.0,-157.0,-105.0,-142.0,-236
Marttila,4.0,19.0,39.0,14.0,-42.0,-7.0,-33.0,30.0,-5.0,-14.0,-9.0,-12
Masku,130.0,86.0,58.0,38.0,-61.0,-31.0,-19.0,-102.0,-20.0,9.0,69.0,30
Mynämäki,3.0,-66.0,-28.0,-33.0,-58.0,-17.0,-4.0,-72.0,-112.0,-9.0,-51.0,-55
Naantali,64.0,-47.0,35.0,12.0,90.0,107.0,99.0,78.0,69.0,113.0,152.0,271
Nousiainen,-51.0,32.0,26.0,-28.0,15.0,-44.0,-2.0,-80.0,-18.0,-22.0,-4.0,-45
Oripää,8.0,12.0,-11.0,-6.0,-40.0,-14.0,19.0,-18.0,-35.0,5.0,3.0,-20
Paimio,69.0,120.0,-1.0,38.0,-8.0,93.0,17.0,102.0,18.0,72.0,119.0,97
Parainen,4.0,56.0,-54.0,-13.0,-37.0,-59.0,-113.0,-68.0,-85.0,-27.0,-19.0,-95
Pyhäranta,-30.0,-7.0,-22.0,-41.0,0.0,-61.0,2.0,-49.0,-24.0,-10.0,-9.0,-22
Pöytyä,-20.0,95.0,21.0,29.0,-57.0,-59.0,-81.0,-89.0,-57.0,-47.0,-7.0,-68
Raisio,132.0,3.0,3.0,-194.0,-81.0,-7.0,-49.0,-56.0,-122.0,351.0,403.0,132
Rusko,54.0,37.0,88.0,50.0,65.0,27.0,126.0,-12.0,76.0,27.0,25.0,49
Salo,48.0,-425.0,-380.0,-240.0,-348.0,-344.0,-562.0,-663.0,-488.0,-271.0,-162.0,-467
Sauvo,-2.0,-10.0,-1.0,-33.0,20.0,28.0,-40.0,-13.0,-49.0,5.0,9.0,-42
Somero,-62.0,-39.0,-83.0,27.0,-80.0,-66.0,-108.0,-91.0,-117.0,-65.0,-83.0,-137
Taivassalo,-10.0,-8.0,-15.0,-22.0,-12.0,-11.0,32.0,8.0,-23.0,20.0,18.0,14
Turku,1304.0,1595.0,1847.0,1752.0,2084.0,1696.0,2065.0,1662.0,1631.0,1429.0,746.0,2763
Uusikaupunki,-148.0,-186.0,-36.0,104.0,-57.0,-106.0,348.0,-52.0,-178.0,-144.0,85.0,-371
Vehmaa,-25.0,-29.0,6.0,9.0,-63.0,1.0,39.0,-31.0,8.0,-1.0,-21.0,-43
Eura,-83.0,-18.0,-38.0,-54.0,-186.0,-124.0,-94.0,-162.0,-116.0,-149.0,-66.0,-141
Eurajoki,-48.0,85.0,4.0,8.0,-7.0,131.0,103.0,-67.0,-52.0,50.0,-118.0,-123
Harjavalta,-36.0,-18.0,-79.0,-41.0,-70.0,-56.0,-89.0,-133.0,-87.0,-62.0,-84.0,-32
Huittinen,-25.0,-15.0,-80.0,-56.0,-14.0,-70.0,-196.0,-116.0,-47.0,-107.0,-67.0,-125
Jämijärvi,-38.0,-17.0,-15.0,26.0,-49.0,-33.0,-48.0,-58.0,-70.0,-32.0,-22.0,-2
Kankaanpää,-87.0,-137.0,2.0,-120.0,-109.0,-166.0,-104.0,-155.0,-231.0,-148.0,-96.0,-134
Karvia,-44.0,-54.0,-22.0,-32.0,-16.0,-26.0,-46.0,-13.0,-48.0,-20.0,-32.0,-50
Kokemäki,-65.0,-29.0,-124.0,-67.0,-111.0,-93.0,-117.0,-155.0,-123.0,-90.0,-62.0,-48
Merikarvia,-43.0,-35.0,-43.0,20.0,-61.0,-16.0,-13.0,-41.0,-48.0,-1.0,-11.0,-88
Nakkila,-8.0,-33.0,-41.0,-55.0,0.0,-103.0,-27.0,-84.0,-108.0,-73.0,-87.0,-97
Pomarkku,-45.0,-42.0,-33.0,-65.0,-35.0,-7.0,-67.0,-20.0,-57.0,-26.0,-50.0,-33
Pori,52.0,123.0,198.0,19.0,-55.0,-304.0,-472.0,-184.0,-469.0,-250.0,-202.0,-277
Rauma,105.0,22.0,137.0,-9.0,-161.0,-195.0,6.0,-260.0,-155.0,-165.0,-81.0,-292
Siikainen,7.0,-20.0,-9.0,-39.0,-66.0,-33.0,-18.0,-18.0,-21.0,-52.0,-33.0,-44
Säkylä,-50.0,-96.0,-126.0,-69.0,-116.0,-82.0,-85.0,-92.0,-90.0,-75.0,-58.0,-169
Ulvila,-52.0,-84.0,-109.0,-39.0,30.0,-40.0,-75.0,-216.0,-150.0,-136.0,-66.0,-70
Forssa,-71.0,-106.0,-60.0,-146.0,-99.0,-90.0,-147.0,-157.0,-127.0,-101.0,-227.0,-114
Hattula,25.0,38.0,-36.0,54.0,9.0,-65.0,-72.0,-135.0,-53.0,-33.0,16.0,-46
Hausjärvi,-8.0,59.0,-58.0,7.0,-86.0,-88.0,-137.0,-87.0,-157.0,-85.0,-32.0,-112
Humppila,-3.0,-7.0,-33.0,-23.0,-52.0,-43.0,-55.0,-55.0,-51.0,-10.0,-8.0,-5
Hämeenlinna,441.0,227.0,309.0,170.0,35.0,-161.0,-188.0,-130.0,101.0,215.0,123.0,72
Janakkala,68.0,-39.0,-79.0,-2.0,13.0,-144.0,-102.0,-160.0,-34.0,-176.0,103.0,-60
Jokioinen,-44.0,-33.0,-48.0,-79.0,-91.0,-84.0,-55.0,-91.0,-62.0,-72.0,-15.0,-56
Loppi,104.0,-41.0,5.0,-50.0,-116.0,-77.0,-70.0,-167.0,-33.0,25.0,-54.0,-50
Riihimäki,215.0,197.0,103.0,32.0,-81.0,-109.0,-139.0,-285.0,57.0,-83.0,-189.0,-172
Tammela,-37.0,-12.0,-68.0,-79.0,-115.0,-39.0,-86.0,-74.0,-66.0,1.0,-49.0,-88
Ypäjä,-15.0,-41.0,-26.0,-15.0,-57.0,-29.0,-10.0,-15.0,-14.0,-29.0,-32.0,-45
Akaa,79.0,43.0,-26.0,-56.0,-9.0,-120.0,-154.0,-158.0,-136.0,-84.0,76.0,6
Hämeenkyrö,44.0,-33.0,82.0,28.0,57.0,14.0,-82.0,-89.0,-106.0,-60.0,-7.0,-80
Ikaalinen,-53.0,-29.0,-43.0,-5.0,-91.0,-79.0,-9.0,-116.0,-61.0,-76.0,11.0,-73
Juupajoki,-48.0,-23.0,16.0,-6.0,-45.0,-31.0,-53.0,-20.0,-40.0,-44.0,-14.0,-18
Kangasala,216.0,235.0,219.0,126.0,136.0,583.0,247.0,239.0,192.0,346.0,408.0,337
Kihniö,-47.0,-32.0,-36.0,-31.0,-42.0,-44.0,-27.0,-57.0,-45.0,-43.0,-14.0,-37
Kuhmoinen,-49.0,-67.0,-29.0,-35.0,-40.0,-48.0,-34.0,-14.0,-32.0,-45.0,-3.0,-39
Lempäälä,300.0,552.0,389.0,404.0,303.0,209.0,84.0,377.0,317.0,305.0,336.0,416
Mänttä-Vilppula,-105.0,-186.0,-224.0,-175.0,-119.0,-156.0,-192.0,-273.0,-128.0,-182.0,-110.0,-203
Nokia,409.0,298.0,336.0,157.0,315.0,48.0,112.0,205.0,402.0,547.0,408.0,462
Orivesi,-27.0,-19.0,59.0,-51.0,-171.0,-96.0,-27.0,-64.0,-63.0,-150.0,-30.0,-43
Parkano,4.0,-64.0,-82.0,-28.0,-42.0,-74.0,-130.0,-93.0,-65.0,-52.0,-66.0,-46
Pirkkala,526.0,365.0,241.0,320.0,224.0,250.0,74.0,131.0,255.0,180.0,403.0,199
Punkalaidun,-45.0,-33.0,-30.0,-56.0,-68.0,-46.0,-54.0,-53.0,-68.0,-43.0,-64.0,-46
Pälkäne,-68.0,-44.0,-43.0,-73.0,-46.0,-49.0,-60.0,-68.0,-64.0,-20.0,24.0,-92
Ruovesi,-98.0,-72.0,-97.0,-82.0,-66.0,-58.0,-106.0,-61.0,-115.0,-68.0,-60.0,-41
Sastamala,-1.0,-16.0,-236.0,-139.0,-152.0,-158.0,-242.0,-169.0,-374.0,-225.0,-54.0,-264
Tampere,1951.0,2253.0,3025.0,2558.0,2114.0,3156.0,3579.0,3386.0,2901.0,2869.0,3214.0,4786
Urjala,-89.0,-72.0,-69.0,-121.0,-56.0,-70.0,-29.0,-37.0,-104.0,-44.0,25.0,-100
Valkeakoski,178.0,150.0,-43.0,33.0,170.0,14.0,-210.0,1.0,-165.0,-207.0,-70.0,8
Vesilahti,38.0,54.0,36.0,19.0,-3.0,-27.0,-2.0,-67.0,-38.0,12.0,77.0,57
Virrat,-61.0,-69.0,-104.0,-123.0,-155.0,-85.0,-73.0,-105.0,-195.0,-34.0,-45.0,-70
Ylöjärvi,442.0,573.0,228.0,517.0,478.0,61.0,79.0,105.0,271.0,98.0,181.0,74
Asikkala,-54.0,-37.0,-56.0,-31.0,-87.0,36.0,-75.0,-99.0,-66.0,-24.0,-26.0,-19
Hartola,-63.0,-87.0,-107.0,-27.0,-89.0,-58.0,-42.0,-102.0,-83.0,-42.0,-34.0,-47
Heinola,-94.0,-113.0,-72.0,-284.0,-120.0,-225.0,-222.0,-239.0,-222.0,-170.0,-153.0,-213
Hollola,44.0,0.0,-77.0,-77.0,-81.0,-124.0,-9.0,-180.0,-192.0,-159.0,-161.0,-147
Iitti,-3.0,-47.0,26.0,-31.0,-40.0,-21.0,-69.0,-55.0,-54.0,-86.0,-66.0,-55
Kärkölä,-84.0,-26.0,-17.0,-108.0,-43.0,-64.0,-32.0,-57.0,-83.0,-42.0,-81.0,-47
Lahti,753.0,763.0,251.0,295.0,99.0,709.0,121.0,378.0,-128.0,161.0,43.0,148
Orimattila,60.0,-69.0,47.0,-59.0,38.0,-47.0,-58.0,-130.0,-88.0,-121.0,-74.0,-73
Padasjoki,-54.0,-36.0,-54.0,-82.0,-54.0,-70.0,-46.0,-64.0,-67.0,-35.0,-48.0,-63
Sysmä,-44.0,-83.0,-39.0,-42.0,-57.0,-87.0,-94.0,-106.0,-96.0,-26.0,-47.0,-80
Hamina,3.0,-147.0,-53.0,-142.0,-210.0,-215.0,-143.0,-207.0,-175.0,-234.0,-175.0,-153
Kotka,7.0,42.0,-102.0,-253.0,-199.0,-132.0,-648.0,-656.0,-757.0,-458.0,-427.0,-624
Kouvola,-505.0,-271.0,-370.0,-473.0,-598.0,-549.0,-1110.0,-1019.0,-1064.0,-926.0,-733.0,-1025
Miehikkälä,-41.0,8.0,-32.0,-22.0,-38.0,-51.0,-42.0,-52.0,-83.0,11.0,-33.0,-44
Pyhtää,17.0,5.0,7.0,-30.0,-33.0,19.0,-76.0,-77.0,-47.0,-15.0,-6.0,-2
Virolahti,-31.0,2.0,-52.0,-36.0,-52.0,-80.0,-60.0,-57.0,-41.0,-22.0,-47.0,-55
Imatra,-68.0,-178.0,-75.0,-182.0,-202.0,-318.0,-248.0,-337.0,-424.0,-433.0,-420.0,-447
Lappeenranta,151.0,291.0,234.0,136.0,81.0,-3.0,37.0,-210.0,-65.0,28.0,-28.0,16
Lemi,4.0,-9.0,71.0,-14.0,-43.0,3.0,-13.0,-20.0,-72.0,-7.0,-47.0,-31
Luumäki,-28.0,-97.0,-30.0,-43.0,-89.0,-29.0,-84.0,-85.0,-26.0,-93.0,-70.0,-52
Parikkala,-123.0,-73.0,-82.0,-136.0,-138.0,-109.0,-157.0,-127.0,-108.0,-79.0,-88.0,-129
Rautjärvi,-105.0,-48.0,-102.0,-56.0,-89.0,-64.0,-37.0,-101.0,-109.0,-80.0,-54.0,1
Ruokolahti,-73.0,-18.0,-70.0,-103.0,-92.0,-67.0,-27.0,-119.0,-105.0,-72.0,-9.0,-71
Savitaipale,-74.0,-25.0,-35.0,-62.0,-54.0,-79.0,-54.0,-51.0,-46.0,-57.0,-65.0,-5
Taipalsaari,-56.0,-15.0,-14.0,-28.0,17.0,17.0,-58.0,-59.0,-44.0,-43.0,-33.0,-36
Enonkoski,-49.0,-34.0,-10.0,-19.0,-30.0,-20.0,-37.0,-11.0,-44.0,8.0,-7.0,-21
Hirvensalmi,-50.0,-12.0,-39.0,-12.0,-36.0,-16.0,-38.0,-84.0,-16.0,20.0,-25.0,-40
Juva,-60.0,-119.0,-99.0,-68.0,-68.0,-127.0,-87.0,-109.0,-109.0,-184.0,-45.0,-118
Kangasniemi,-99.0,-26.0,-38.0,-108.0,-65.0,-25.0,-54.0,-97.0,-96.0,-44.0,-82.0,-76
Mikkeli,75.0,-11.0,116.0,-30.0,60.0,-148.0,-256.0,-443.0,-684.0,-551.0,-461.0,-142
Mäntyharju,-63.0,-37.0,-69.0,-21.0,-107.0,-62.0,-43.0,-130.0,-133.0,-115.0,-41.0,-71
Pertunmaa,-26.0,-53.0,-15.0,-10.0,-15.0,-21.0,-57.0,-26.0,-23.0,-36.0,-10.0,-44
Pieksämäki,-169.0,-293.0,-119.0,-237.0,-250.0,-326.0,-255.0,-287.0,-251.0,-307.0,-122.0,-176
Puumala,-58.0,-45.0,-55.0,-13.0,-46.0,-26.0,-26.0,-11.0,-46.0,-14.0,-20.0,-10
Rantasalmi,-47.0,-28.0,-49.0,-57.0,-82.0,-84.0,-96.0,-39.0,-83.0,-67.0,-34.0,-22
Savonlinna,-205.0,-270.0,-328.0,-312.0,-421.0,-281.0,-578.0,-1053.0,-637.0,-312.0,-115.0,-462
Sulkava,-62.0,-32.0,-50.0,-5.0,-65.0,-63.0,-73.0,-58.0,-38.0,-10.0,-52.0,-55
Iisalmi,52.0,-12.0,36.0,-56.0,-170.0,-178.0,-128.0,-167.0,-104.0,-244.0,-166.0,-157
Joroinen,-52.0,-51.0,-78.0,-35.0,-68.0,-71.0,-122.0,-105.0,-45.0,-78.0,-65.0,-84
Kaavi,8.0,-70.0,-54.0,-47.0,-20.0,-40.0,-106.0,-58.0,-97.0,-86.0,-29.0,-89
Keitele,-18.0,-48.0,-49.0,-29.0,-19.0,-33.0,-37.0,-65.0,-42.0,-47.0,-60.0,-66
Kiuruvesi,-94.0,-74.0,-123.0,-114.0,-152.0,-156.0,-161.0,-130.0,-155.0,-144.0,-95.0,-162
Kuopio,583.0,1136.0,1053.0,1063.0,750.0,819.0,469.0,455.0,618.0,928.0,1333.0,1051
Lapinlahti,-26.0,-97.0,-113.0,-83.0,-111.0,-100.0,-190.0,-75.0,-132.0,-127.0,-111.0,-148
Leppävirta,-151.0,-131.0,-104.0,-155.0,-62.0,-88.0,-83.0,-132.0,-196.0,-52.0,-122.0,-103
Pielavesi,-81.0,-80.0,-102.0,-37.0,-47.0,-43.0,-73.0,-126.0,-107.0,-70.0,-52.0,-129
Rautalampi,6.0,-37.0,-18.0,-52.0,-71.0,-15.0,-33.0,-59.0,-75.0,-68.0,-20.0,-69
Rautavaara,-24.0,-35.0,-29.0,-16.0,-31.0,-14.0,-25.0,-47.0,-49.0,-41.0,-48.0,-36
Siilinjärvi,301.0,120.0,136.0,101.0,126.0,-26.0,-111.0,17.0,-251.0,-172.0,42.0,-61
Sonkajärvi,-71.0,-107.0,-39.0,-118.0,-58.0,-79.0,-124.0,-108.0,-70.0,-56.0,-64.0,-105
Suonenjoki,-21.0,-81.0,-40.0,-37.0,-29.0,-78.0,-46.0,-121.0,-81.0,-133.0,-40.0,-128
Tervo,-6.0,4.0,-35.0,-42.0,-19.0,3.0,-26.0,-18.0,-47.0,-17.0,-24.0,-38
Tuusniemi,-44.0,-25.0,7.0,-52.0,-31.0,-76.0,-46.0,-46.0,-74.0,-44.0,-13.0,-26
Varkaus,-171.0,-266.0,-233.0,-247.0,-222.0,-170.0,-313.0,-326.0,-363.0,-188.0,-305.0,-214
Vesanto,-36.0,-62.0,-40.0,-44.0,-53.0,-43.0,-54.0,-36.0,-44.0,-42.0,-31.0,-47
Vieremä,-20.0,-32.0,-56.0,-58.0,-59.0,-36.0,-36.0,-9.0,-97.0,-57.0,-32.0,-63
Heinävesi,-85.0,-85.0,-75.0,-29.0,-64.0,-60.0,-59.0,-126.0,-75.0,-58.0,-60.0,-75
Ilomantsi,-49.0,-141.0,-79.0,-110.0,-168.0,-99.0,-109.0,-155.0,-116.0,-108.0,-106.0,-151
Joensuu,453.0,410.0,303.0,570.0,473.0,334.0,219.0,484.0,299.0,85.0,326.0,252
Juuka,-136.0,-129.0,-121.0,-63.0,-106.0,-96.0,-121.0,-108.0,-103.0,-79.0,-83.0,-92
Kitee,-151.0,-174.0,-144.0,-211.0,-154.0,-113.0,-233.0,-128.0,-222.0,-203.0,-56.0,-150
Kontiolahti,278.0,245.0,177.0,259.0,146.0,-21.0,24.0,19.0,-28.0,36.0,178.0,122
Lieksa,-102.0,-186.0,-96.0,-186.0,-345.0,-192.0,-283.0,-199.0,-214.0,-165.0,-176.0,-171
Liperi,15.0,111.0,-1.0,-61.0,3.0,-37.0,-151.0,-5.0,-61.0,-90.0,-15.0,-17
Nurmes,-170.0,-67.0,-159.0,-126.0,-124.0,-190.0,-147.0,-199.0,-232.0,-51.0,-78.0,-180
Outokumpu,-34.0,-34.0,-81.0,-90.0,-33.0,-48.0,-88.0,-200.0,-115.0,-136.0,-46.0,-49
Polvijärvi,-26.0,-50.0,-64.0,-55.0,-53.0,-42.0,-100.0,-107.0,-61.0,-45.0,-40.0,-77
Rääkkylä,-22.0,-42.0,-23.0,-32.0,-86.0,-81.0,-28.0,-59.0,-55.0,-60.0,-34.0,-72
Tohmajärvi,-16.0,-95.0,-21.0,-82.0,-56.0,-85.0,-82.0,-89.0,-121.0,-54.0,-66.0,-81
Hankasalmi,-51.0,-38.0,-49.0,-97.0,-67.0,-81.0,-140.0,-80.0,-64.0,-93.0,-99.0,-82
Joutsa,-95.0,-60.0,-41.0,-75.0,-94.0,-15.0,-106.0,-100.0,-90.0,-80.0,-34.0,-92
Jyväskylä,1246.0,1420.0,1176.0,1122.0,1588.0,1482.0,1338.0,1117.0,1095.0,1020.0,1053.0,1414
Jämsä,-184.0,-153.0,-216.0,-330.0,-266.0,-283.0,-382.0,-270.0,-425.0,-295.0,-120.0,-420
Kannonkoski,-33.0,9.0,-33.0,-45.0,-13.0,-38.0,-16.0,-55.0,-14.0,-16.0,-12.0,-42
Karstula,-45.0,-86.0,-33.0,-57.0,-18.0,-36.0,-86.0,-115.0,-82.0,-91.0,-84.0,-109
Keuruu,-92.0,-86.0,-178.0,-133.0,-60.0,-125.0,-73.0,-157.0,-157.0,-119.0,-43.0,-193
Kinnula,-5.0,-52.0,5.0,-3.0,-21.0,-46.0,-43.0,-41.0,5.0,-23.0,-16.0,-27
Kivijärvi,-30.0,-31.0,-44.0,-15.0,-44.0,-39.0,-29.0,-29.0,-7.0,11.0,-19.0,-24
Konnevesi,-39.0,-20.0,-58.0,-15.0,-74.0,-4.0,-5.0,-50.0,-71.0,-34.0,-7.0,-65
Kyyjärvi,-5.0,-34.0,-38.0,-32.0,-20.0,-4.0,-23.0,-9.0,-30.0,-25.0,-56.0,-36
Laukaa,144.0,195.0,107.0,121.0,156.0,105.0,8.0,-51.0,-24.0,-80.0,-35.0,-13
Luhanka,-29.0,-29.0,-10.0,-2.0,0.0,-5.0,-22.0,-27.0,-17.0,9.0,4.0,-11
Multia,-43.0,-31.0,-39.0,-14.0,-53.0,-47.0,-27.0,-52.0,-18.0,-8.0,-70.0,-11
Muurame,182.0,131.0,3.0,128.0,91.0,150.0,156.0,73.0,-6.0,103.0,159.0,60
Petäjävesi,43.0,30.0,30.0,-44.0,-73.0,-27.0,-61.0,-20.0,-59.0,-69.0,-94.0,-27
Pihtipudas,-63.0,-59.0,-87.0,-93.0,-40.0,-19.0,-75.0,-74.0,-21.0,-101.0,-58.0,-87
Saarijärvi,-200.0,-122.0,-93.0,-81.0,-169.0,-225.0,-101.0,-174.0,-106.0,-101.0,-91.0,-142
Toivakka,57.0,-20.0,11.0,6.0,-41.0,1.0,-48.0,22.0,-18.0,13.0,-14.0,20
Uurainen,52.0,62.0,25.0,17.0,55.0,51.0,30.0,36.0,-102.0,-35.0,-12.0,-42
Viitasaari,-109.0,-108.0,-62.0,-115.0,-114.0,-59.0,-196.0,-147.0,-88.0,-79.0,-27.0,-119
Äänekoski,90.0,-69.0,-188.0,-168.0,-263.0,-272.0,-230.0,-293.0,-86.0,-188.0,-259.0,-198
Alajärvi,-160.0,-59.0,-41.0,-56.0,-165.0,-107.0,-68.0,-131.0,-138.0,-143.0,-108.0,-128
Alavus,-54.0,-44.0,-113.0,-125.0,-59.0,-137.0,-194.0,-169.0,-76.0,-136.0,-135.0,-95
Evijärvi,-8.0,-61.0,-1.0,-34.0,-75.0,-41.0,-36.0,-26.0,-48.0,-17.0,-4.0,-58
Ilmajoki,57.0,124.0,77.0,82.0,-22.0,8.0,38.0,-18.0,82.0,25.0,72.0,3
Isojoki,-46.0,-64.0,-33.0,-59.0,-75.0,-44.0,-47.0,-56.0,-25.0,-26.0,-34.0,-39
Isokyrö,-29.0,-50.0,-32.0,-12.0,-57.0,-73.0,-39.0,-72.0,-79.0,-51.0,9.0,-74
Karijoki,6.0,-13.0,-52.0,-53.0,-40.0,-20.0,-20.0,-55.0,-29.0,-38.0,-15.0,8
Kauhajoki,-78.0,-24.0,-86.0,-74.0,-132.0,-103.0,-162.0,-235.0,-191.0,-177.0,-117.0,-140
Kauhava,-43.0,-63.0,-137.0,-157.0,-124.0,-185.0,-321.0,-256.0,-296.0,-212.0,-202.0,-196
Kuortane,-37.0,-57.0,-30.0,-92.0,-12.0,-25.0,-53.0,-65.0,-21.0,-17.0,-6.0,-91
Kurikka,-186.0,-159.0,-157.0,-236.0,-339.0,-233.0,-298.0,-251.0,-274.0,-222.0,-259.0,-307
Lappajärvi,-4.0,-53.0,-66.0,-58.0,-44.0,-39.0,-36.0,-62.0,-82.0,-71.0,-59.0,-46
Lapua,102.0,120.0,42.0,41.0,-124.0,-34.0,-81.0,-67.0,-149.0,-57.0,-18.0,-104
Seinäjoki,892.0,853.0,798.0,526.0,650.0,522.0,624.0,612.0,493.0,349.0,606.0,587
Soini,-31.0,-31.0,-45.0,-11.0,-49.0,-38.0,-72.0,-29.0,-33.0,-45.0,-10.0,-55
Teuva,-76.0,-80.0,-111.0,-113.0,-61.0,-119.0,-94.0,-111.0,-82.0,-82.0,-42.0,-90
Vimpeli,-33.0,-17.0,-34.0,-65.0,-33.0,-48.0,-51.0,-73.0,-74.0,-43.0,-28.0,-85
Ähtäri,-70.0,-49.0,-92.0,-93.0,-110.0,-83.0,-79.0,-203.0,-87.0,-94.0,-38.0,-78
Kaskinen,-25.0,-22.0,-32.0,-26.0,-39.0,11.0,-22.0,-12.0,-16.0,32.0,11.0,-33
Korsnäs,-11.0,-17.0,-14.0,1.0,-18.0,-30.0,-17.0,-32.0,-45.0,-9.0,-18.0,-26
Kristiinankaupunki,-61.0,-41.0,-54.0,-156.0,-52.0,-66.0,-89.0,-42.0,-110.0,-82.0,-24.0,-138
Kruunupyy,-50.0,-15.0,16.0,-20.0,20.0,-62.0,-89.0,-22.0,-81.0,-12.0,26.0,-37
Laihia,63.0,60.0,14.0,61.0,22.0,49.0,-88.0,7.0,-41.0,-21.0,-80.0,-99
Luoto,105.0,45.0,99.0,42.0,40.0,29.0,88.0,76.0,77.0,117.0,88.0,110
Maalahti,9.0,-28.0,-6.0,-7.0,-28.0,-28.0,-40.0,0.0,-2.0,-24.0,36.0,-8
Mustasaari,231.0,144.0,141.0,134.0,15.0,78.0,4.0,60.0,4.0,5.0,83.0,126
Närpiö,-23.0,-32.0,-45.0,54.0,-2.0,52.0,68.0,-36.0,8.0,79.0,4.0,22
Pedersören kunta,44.0,3.0,30.0,90.0,69.0,-62.0,17.0,-68.0,65.0,93.0,-2.0,34
Pietarsaari,-33.0,57.0,-47.0,-56.0,-141.0,-59.0,2.0,-101.0,-70.0,-142.0,31.0,110
Uusikaarlepyy,58.0,15.0,-7.0,9.0,31.0,-48.0,5.0,-66.0,9.0,15.0,18.0,-63
Vaasa,828.0,501.0,647.0,644.0,654.0,1.0,-228.0,160.0,84.0,-85.0,64.0,373
Vöyri,54.0,-63.0,11.0,14.0,9.0,-30.0,-68.0,-3.0,-152.0,-73.0,-12.0,-89
Halsua,-14.0,-27.0,-19.0,-7.0,3.0,-6.0,-48.0,-6.0,-38.0,-24.0,-20.0,-31
Kannus,-40.0,39.0,-61.0,-32.0,-53.0,-12.0,-58.0,-18.0,-38.0,-38.0,-36.0,-38
Kaustinen,-22.0,7.0,1.0,-5.0,22.0,-7.0,11.0,-36.0,-12.0,-33.0,-32.0,2
Kokkola,325.0,188.0,258.0,247.0,292.0,153.0,0.0,-66.0,24.0,91.0,137.0,97
Lestijärvi,-6.0,-12.0,-17.0,-1.0,-19.0,13.0,-22.0,-52.0,-18.0,3.0,-3.0,-24
Perho,-24.0,13.0,0.0,-30.0,38.0,-24.0,-47.0,-35.0,-66.0,-53.0,-30.0,-23
Toholampi,5.0,-59.0,-45.0,-27.0,-43.0,-79.0,-40.0,-80.0,-79.0,-67.0,-28.0,-35
Veteli,-61.0,-23.0,-50.0,10.0,-40.0,-43.0,-43.0,-50.0,-52.0,-49.0,-61.0,-58
Alavieska,-20.0,11.0,-21.0,-53.0,0.0,-48.0,-29.0,-37.0,-54.0,-2.0,-26.0,-44
Haapajärvi,-30.0,32.0,-25.0,-137.0,-41.0,-106.0,-81.0,-104.0,-137.0,-114.0,-94.0,-115
Haapavesi,-34.0,-101.0,-42.0,-66.0,-8.0,-69.0,-128.0,-116.0,-96.0,-91.0,-54.0,-22
Hailuoto,0.0,-18.0,13.0,-2.0,-4.0,1.0,-27.0,7.0,-15.0,-10.0,1.0,10
Ii,117.0,75.0,36.0,56.0,-3.0,-35.0,338.0,-104.0,-18.0,4.0,64.0,-59
Kalajoki,54.0,9.0,19.0,-12.0,-11.0,-35.0,-70.0,-129.0,-14.0,27.0,12.0,-77
Kempele,318.0,201.0,222.0,284.0,177.0,231.0,238.0,388.0,432.0,441.0,320.0,184
Kuusamo,-119.0,-206.0,-215.0,-129.0,-135.0,-155.0,-147.0,-179.0,-73.0,79.0,-48.0,-19
Kärsämäki,-53.0,-59.0,-39.0,-25.0,-38.0,-3.0,-44.0,2.0,-37.0,-38.0,-5.0,-59
Liminka,127.0,268.0,145.0,163.0,197.0,63.0,133.0,28.0,30.0,47.0,-20.0,40
Lumijoki,43.0,22.0,25.0,-10.0,2.0,29.0,-24.0,-29.0,-32.0,16.0,-18.0,-30
Merijärvi,-3.0,-23.0,-23.0,-3.0,-16.0,-3.0,-12.0,-15.0,-15.0,-11.0,-2.0,-9
Muhos,52.0,39.0,50.0,-12.0,77.0,-68.0,24.0,-39.0,-72.0,-5.0,6.0,-27
Nivala,26.0,-66.0,-43.0,3.0,-69.0,13.0,-74.0,-78.0,-98.0,-139.0,-104.0,23
Oulainen,27.0,-69.0,-75.0,-47.0,-115.0,-96.0,-42.0,-42.0,-142.0,-133.0,-53.0,-77
Oulu,2695.0,2733.0,2951.0,2493.0,2234.0,2001.0,1284.0,1757.0,1922.0,1838.0,2224.0,2297
Pudasjärvi,-132.0,-75.0,-83.0,-138.0,-142.0,-70.0,-84.0,-113.0,-117.0,-94.0,-77.0,-99
Pyhäjoki,-32.0,-50.0,45.0,-66.0,-79.0,-23.0,1.0,-43.0,-69.0,-26.0,-3.0,-57
Pyhäjärvi,-59.0,-38.0,-118.0,-169.0,-57.0,-59.0,-109.0,-89.0,-117.0,-98.0,-69.0,-129
Pyhäntä,-49.0,-18.0,-21.0,17.0,25.0,-8.0,0.0,-22.0,21.0,15.0,38.0,4
Raahe,-4.0,7.0,-152.0,-124.0,-218.0,-155.0,-9.0,-190.0,-132.0,-326.0,-93.0,-187
Reisjärvi,23.0,-35.0,-36.0,-24.0,-7.0,-40.0,-41.0,-70.0,-25.0,-8.0,-20.0,-54
Sievi,-25.0,-44.0,-43.0,-44.0,-30.0,-55.0,-34.0,-55.0,-70.0,-76.0,-53.0,-46
Siikajoki,-43.0,-42.0,-4.0,-67.0,-60.0,-100.0,-23.0,-94.0,-104.0,-111.0,-6.0,-131
Siikalatva,-118.0,-78.0,-126.0,-41.0,-139.0,-94.0,-136.0,-146.0,-70.0,-28.0,-72.0,-102
Taivalkoski,-37.0,-109.0,-62.0,-20.0,-32.0,-66.0,-75.0,-34.0,-48.0,-60.0,-3.0,-88
Tyrnävä,46.0,151.0,29.0,93.0,58.0,-43.0,-20.0,28.0,-121.0,-34.0,-10.0,-31
Utajärvi,-47.0,-1.0,-5.0,-38.0,-46.0,-37.0,-56.0,-66.0,-26.0,-57.0,-51.0,-45
Vaala,-56.0,-64.0,-57.0,-54.0,-65.0,-34.0,-99.0,-72.0,-77.0,-55.0,-64.0,-47
Ylivieska,199.0,267.0,215.0,228.0,63.0,160.0,52.0,-39.0,43.0,49.0,53.0,-64
Hyrynsalmi,-64.0,-69.0,-38.0,-75.0,-68.0,-16.0,-80.0,-39.0,-16.0,-72.0,-60.0,-45
Kajaani,-112.0,-72.0,-105.0,-77.0,-169.0,-101.0,-282.0,-266.0,-264.0,-142.0,-74.0,-196
Kuhmo,-158.0,-94.0,-136.0,-154.0,-144.0,-159.0,-148.0,-170.0,-139.0,-148.0,-114.0,-173
Paltamo,-77.0,-64.0,-123.0,-56.0,-76.0,3.0,-56.0,-99.0,-63.0,-38.0,-52.0,-83
Puolanka,-66.0,-66.0,-53.0,-54.0,-48.0,-41.0,-66.0,-72.0,-69.0,-37.0,-45.0,-66
Ristijärvi,-24.0,-39.0,-23.0,-11.0,-65.0,-6.0,-28.0,-29.0,-16.0,-37.0,-25.0,-36
Sotkamo,-5.0,-15.0,-23.0,-61.0,-75.0,-52.0,-48.0,-34.0,-53.0,-35.0,47.0,6
Suomussalmi,-213.0,-130.0,-152.0,-175.0,-150.0,-149.0,-136.0,-189.0,-135.0,-133.0,-86.0,-141
Enontekiö,17.0,-13.0,11.0,-1.0,-29.0,11.0,21.0,-41.0,-14.0,-30.0,-19.0,22
Inari,-24.0,-22.0,62.0,20.0,-10.0,21.0,44.0,61.0,-23.0,-45.0,146.0,39
Kemi,-138.0,-142.0,-137.0,-191.0,-171.0,-156.0,-346.0,-235.0,-314.0,-270.0,-455.0,-483
Kemijärvi,-123.0,-202.0,-110.0,-91.0,-126.0,-105.0,-127.0,-164.0,-96.0,-83.0,-86.0,-109
Keminmaa,-1.0,13.0,-20.0,-96.0,-81.0,-72.0,-20.0,-149.0,-68.0,-95.0,-80.0,-133
Kittilä,96.0,109.0,90.0,-8.0,-54.0,-33.0,38.0,15.0,17.0,-17.0,87.0,114
Kolari,-3.0,17.0,32.0,-45.0,8.0,-21.0,27.0,-20.0,12.0,79.0,64.0,10
Muonio,-32.0,25.0,-11.0,-8.0,-17.0,-8.0,-18.0,-33.0,9.0,-11.0,24.0,-40
Pelkosenniemi,-35.0,-10.0,3.0,-19.0,11.0,-7.0,7.0,-4.0,-15.0,-8.0,-7.0,23
Pello,-68.0,-93.0,-80.0,-63.0,-53.0,-58.0,-55.0,-72.0,-65.0,-69.0,-8.0,-34
Posio,-56.0,-80.0,-91.0,-14.0,-156.0,-53.0,-114.0,-73.0,-54.0,-66.0,-51.0,-67
Ranua,-75.0,-35.0,-73.0,-61.0,-73.0,3.0,-51.0,-76.0,-113.0,-71.0,-42.0,-52
Rovaniemi,547.0,240.0,338.0,336.0,287.0,393.0,189.0,502.0,120.0,486.0,652.0,355
Salla,-110.0,-73.0,-89.0,-109.0,-54.0,-74.0,-78.0,-84.0,-91.0,7.0,9.0,-80
Savukoski,-23.0,-29.0,-1.0,-23.0,-42.0,-17.0,-32.0,3.0,-10.0,4.0,0.0,-21
Simo,-48.0,-12.0,-73.0,-60.0,-58.0,-68.0,-60.0,-65.0,-57.0,-38.0,-46.0,-27
Sodankylä,27.0,28.0,50.0,-64.0,-38.0,-129.0,-108.0,-101.0,-141.0,-37.0,-79.0,-53
Tervola,-57.0,-48.0,-33.0,-67.0,-44.0,-96.0,-31.0,-6.0,-61.0,-76.0,-43.0,-19
Tornio,32.0,-56.0,-118.0,-49.0,-123.0,-82.0,-189.0,-53.0,-273.0,-135.0,-134.0,-106
Utsjoki,-3.0,-9.0,-6.0,-19.0,-10.0,-9.0,1.0,-10.0,-20.0,7.0,-43.0,4
Ylitornio,-81.0,-94.0,-74.0,-134.0,-57.0,-91.0,-82.0,-96.0,-104.0,-28.0,-60.0,-42
Brändö,-8.0,-4.0,-1.0,-1.0,-4.0,1.0,-19.0,-3.0,-4.0,4.0,0.0,1
Eckerö,35.0,-18.0,-13.0,-15.0,3.0,-7.0,20.0,13.0,-9.0,6.0,-25.0,6
Finström,25.0,4.0,-11.0,15.0,-13.0,72.0,-14.0,8.0,5.0,10.0,35.0,-50
Föglö,-3.0,1.0,-6.0,-4.0,-14.0,7.0,-29.0,2.0,-3.0,-5.0,-25.0,3
Geta,17.0,3.0,5.0,-6.0,6.0,-1.0,-4.0,19.0,-18.0,15.0,-6.0,2
Hammarland,18.0,-4.0,18.0,-9.0,6.0,-29.0,39.0,30.0,6.0,16.0,20.0,9
Jomala,151.0,106.0,69.0,136.0,88.0,109.0,102.0,173.0,201.0,153.0,126.0,98
Kumlinge,-3.0,-23.0,-8.0,-2.0,-11.0,-9.0,6.0,1.0,-1.0,-7.0,6.0,-7
Kökar,-10.0,-4.0,6.0,3.0,-4.0,-4.0,-10.0,0.0,-4.0,-7.0,-1.0,-1
Lemland,46.0,23.0,43.0,17.0,48.0,21.0,16.0,5.0,20.0,61.0,21.0,-4
Lumparland,5.0,-7.0,21.0,5.0,-20.0,-13.0,10.0,-13.0,-16.0,6.0,4.0,-16
Maarianhamina - Mariehamn,72.0,83.0,48.0,86.0,-18.0,104.0,112.0,66.0,-64.0,26.0,37.0,15
Saltvik,8.0,13.0,-10.0,12.0,4.0,10.0,34.0,-15.0,-9.0,-43.0,4.0,-17
Sottunga,-16.0,-2.0,-1.0,1.0,-2.0,-3.0,-4.0,-1.0,-3.0,13.0,4.0,6
Sund,13.0,3.0,-6.0,6.0,-4.0,-25.0,25.0,-3.0,-5.0,-16.0,12.0,-18
Vårdö,-3.0,-27.0,11.0,6.0,2.0,-2.0,-9.0,18.0,-1.0,13.0,3.0,-12
