City,2010_perusasteen_suorittaneet_ko,2011_perusasteen_suorittaneet_ko,2012_perusasteen_suorittaneet_ko,2013_perusasteen_suorittaneet_ko,2014_perusasteen_suorittaneet_ko,2015_perusasteen_suorittaneet_ko,2016_perusasteen_suorittaneet_ko,2017_perusasteen_suorittaneet_ko,2018_perusasteen_suorittaneet_ko,2019_perusasteen_suorittaneet_ko,2020_perusasteen_suorittaneet_ko,2021_perusasteen_suorittaneet_ko
Askola,1233.0,1217.0,1185.0,1132.0,1128.0,1123.0,1092.0,1049.0,1012.0,987.0,978.0,957.0
Espoo,42949.0,43643.0,44196.0,44184.0,44799.0,45762.0,46024.0,45889.0,42876.0,44353.0,45253.0,46796.0
Hanko,3384.0,3310.0,3234.0,3090.0,3028.0,2935.0,2824.0,2723.0,2626.0,2539.0,2420.0,2355.0
Helsinki,131444.0,130587.0,130359.0,128424.0,127355.0,127661.0,126371.0,124168.0,114948.0,114006.0,112835.0,113112.0
Hyvinkää,10816.0,10700.0,10489.0,10382.0,10106.0,10013.0,9905.0,9671.0,9254.0,9176.0,9081.0,8990.0
Inkoo,1308.0,1286.0,1256.0,1228.0,1182.0,1167.0,1147.0,1103.0,1065.0,1041.0,1024.0,1011.0
Järvenpää,8229.0,8138.0,8164.0,7942.0,7891.0,7964.0,7914.0,7961.0,7800.0,7723.0,7739.0,7764.0
Karkkila,2898.0,2846.0,2756.0,2673.0,2567.0,2573.0,2500.0,2475.0,2350.0,2312.0,2292.0,2262.0
Kauniainen,998.0,980.0,1021.0,1023.0,1011.0,1009.0,986.0,970.0,956.0,1000.0,1023.0,1070.0
Kerava,7985.0,7996.0,7900.0,7823.0,7880.0,7861.0,7752.0,7643.0,7564.0,7687.0,7662.0,7702.0
Kirkkonummi,6991.0,6892.0,6922.0,6868.0,6881.0,6973.0,7013.0,6864.0,6630.0,6663.0,6718.0,6790.0
Lapinjärvi,945.0,921.0,920.0,887.0,866.0,865.0,845.0,819.0,772.0,728.0,722.0,701.0
Lohja,12350.0,12148.0,11997.0,11768.0,11488.0,11305.0,10965.0,10690.0,10291.0,10094.0,9893.0,9732.0
Loviisa,5015.0,4895.0,4772.0,4651.0,4535.0,4410.0,4331.0,4158.0,3956.0,3862.0,3746.0,3623.0
Myrskylä,621.0,610.0,586.0,581.0,567.0,549.0,536.0,517.0,507.0,477.0,469.0,451.0
Mäntsälä,4863.0,4787.0,4717.0,4621.0,4486.0,4436.0,4400.0,4328.0,4169.0,4091.0,4035.0,3953.0
Nurmijärvi,8212.0,8049.0,8080.0,7980.0,7884.0,7833.0,7750.0,7735.0,7574.0,7638.0,7752.0,7731.0
Pornainen,1085.0,1063.0,1079.0,1049.0,1025.0,1016.0,1007.0,952.0,940.0,894.0,896.0,886.0
Porvoo,11956.0,11778.0,11537.0,11269.0,11109.0,11017.0,10834.0,10538.0,10101.0,9919.0,9800.0,9700.0
Pukkila,561.0,537.0,515.0,510.0,497.0,487.0,480.0,460.0,434.0,423.0,401.0,396.0
Raasepori,8600.0,8383.0,8196.0,7957.0,7745.0,7569.0,7381.0,7077.0,6761.0,6623.0,6423.0,6307.0
Sipoo,3973.0,3912.0,3851.0,3779.0,3754.0,3774.0,3730.0,3707.0,3670.0,3717.0,3710.0,3719.0
Siuntio,1333.0,1295.0,1256.0,1258.0,1237.0,1256.0,1242.0,1224.0,1166.0,1139.0,1163.0,1165.0
Tuusula,7727.0,7705.0,7652.0,7537.0,7425.0,7503.0,7359.0,7192.0,7086.0,6964.0,6972.0,7032.0
Vantaa,47694.0,47905.0,48030.0,48209.0,48433.0,49220.0,49939.0,50423.0,49013.0,49962.0,50918.0,52160.0
Vihti,6267.0,6191.0,6080.0,5988.0,5908.0,5831.0,5804.0,5712.0,5594.0,5473.0,5401.0,5345.0
Aura,1006.0,1001.0,984.0,932.0,927.0,909.0,892.0,865.0,828.0,809.0,769.0,752.0
Kaarina,6247.0,6117.0,6018.0,5967.0,5844.0,5874.0,5693.0,5598.0,5369.0,5269.0,5172.0,5123.0
Kemiönsaari,2454.0,2385.0,2302.0,2239.0,2184.0,2092.0,2016.0,1949.0,1861.0,1810.0,1733.0,1694.0
Koski Tl,811.0,797.0,778.0,743.0,723.0,701.0,706.0,662.0,640.0,633.0,590.0,580.0
Kustavi,318.0,317.0,305.0,302.0,299.0,300.0,291.0,288.0,274.0,268.0,254.0,253.0
Laitila,2430.0,2380.0,2343.0,2318.0,2265.0,2250.0,2187.0,2188.0,2114.0,2100.0,2059.0,2015.0
Lieto,3705.0,3653.0,3615.0,3542.0,3450.0,3397.0,3322.0,3242.0,3146.0,3057.0,3040.0,2974.0
Loimaa,4878.0,4796.0,4659.0,4523.0,4386.0,4403.0,4210.0,4058.0,3929.0,3828.0,3746.0,3627.0
Marttila,624.0,623.0,609.0,591.0,587.0,565.0,552.0,528.0,505.0,482.0,486.0,456.0
Masku,1710.0,1694.0,1672.0,1656.0,1597.0,1593.0,1540.0,1478.0,1443.0,1384.0,1362.0,1301.0
Mynämäki,2159.0,2117.0,2046.0,1987.0,1942.0,1876.0,1824.0,1802.0,1714.0,1647.0,1609.0,1556.0
Naantali,4060.0,4027.0,3949.0,3848.0,3747.0,3677.0,3612.0,3492.0,3386.0,3332.0,3229.0,3181.0
Nousiainen,1090.0,1027.0,996.0,977.0,916.0,909.0,869.0,857.0,810.0,808.0,757.0,746.0
Oripää,454.0,448.0,445.0,432.0,425.0,418.0,412.0,411.0,386.0,369.0,379.0,378.0
Paimio,2349.0,2271.0,2251.0,2092.0,2039.0,1999.0,1948.0,1906.0,1856.0,1820.0,1758.0,1753.0
Parainen,3743.0,3667.0,3583.0,3489.0,3422.0,3350.0,3302.0,3138.0,3054.0,2928.0,2840.0,2797.0
Pyhäranta,664.0,640.0,621.0,587.0,564.0,573.0,540.0,510.0,484.0,484.0,468.0,448.0
Pöytyä,2523.0,2490.0,2428.0,2392.0,2323.0,2309.0,2235.0,2163.0,2059.0,1999.0,1979.0,1945.0
Raisio,5883.0,5834.0,5757.0,5623.0,5473.0,5404.0,5237.0,5057.0,4813.0,4671.0,4665.0,4614.0
Rusko,1117.0,1107.0,1114.0,1082.0,1046.0,1048.0,1029.0,997.0,974.0,966.0,928.0,926.0
Salo,15597.0,15247.0,14856.0,14444.0,14110.0,13936.0,13614.0,13237.0,12588.0,12195.0,11985.0,11652.0
Sauvo,794.0,772.0,739.0,742.0,705.0,685.0,681.0,655.0,636.0,617.0,607.0,604.0
Somero,3179.0,3106.0,3050.0,2930.0,2873.0,2772.0,2680.0,2571.0,2490.0,2428.0,2343.0,2268.0
Taivassalo,599.0,595.0,574.0,554.0,542.0,523.0,500.0,483.0,466.0,465.0,454.0,448.0
Turku,40708.0,40008.0,39607.0,38694.0,37993.0,37842.0,37328.0,36571.0,34739.0,34159.0,34006.0,33781.0
Uusikaupunki,4229.0,4125.0,3977.0,3865.0,3751.0,3708.0,3637.0,3618.0,3536.0,3475.0,3434.0,3475.0
Vehmaa,697.0,676.0,664.0,656.0,638.0,605.0,597.0,583.0,562.0,532.0,542.0,521.0
Eura,3961.0,3845.0,3788.0,3663.0,3525.0,3429.0,3319.0,3209.0,3043.0,2925.0,2822.0,2725.0
Eurajoki,2470.0,2368.0,2333.0,2268.0,2210.0,2162.0,2202.0,2231.0,2098.0,1996.0,1952.0,1843.0
Harjavalta,2268.0,2205.0,2155.0,2069.0,1999.0,1950.0,1897.0,1811.0,1738.0,1687.0,1663.0,1607.0
Huittinen,3182.0,3127.0,3066.0,2948.0,2836.0,2776.0,2710.0,2599.0,2459.0,2403.0,2305.0,2262.0
Jämijärvi,652.0,627.0,607.0,579.0,570.0,561.0,535.0,501.0,466.0,426.0,409.0,388.0
Kankaanpää,4093.0,3913.0,3811.0,3703.0,3573.0,3471.0,3373.0,3299.0,3169.0,3057.0,2978.0,2890.0
Karvia,985.0,950.0,910.0,877.0,848.0,825.0,792.0,761.0,724.0,693.0,675.0,639.0
Kokemäki,2509.0,2437.0,2362.0,2271.0,2204.0,2123.0,2058.0,1959.0,1868.0,1824.0,1724.0,1658.0
Merikarvia,1253.0,1215.0,1172.0,1123.0,1094.0,1068.0,1040.0,983.0,943.0,900.0,873.0,830.0
Nakkila,1665.0,1634.0,1576.0,1510.0,1467.0,1448.0,1374.0,1346.0,1279.0,1215.0,1160.0,1115.0
Pomarkku,854.0,827.0,777.0,761.0,727.0,701.0,682.0,642.0,616.0,591.0,581.0,556.0
Pori,21399.0,20797.0,20360.0,19786.0,19181.0,18852.0,18313.0,17728.0,17020.0,16423.0,16082.0,15669.0
Rauma,10080.0,9893.0,9679.0,9453.0,9269.0,9137.0,9021.0,8855.0,8440.0,8362.0,8264.0,8175.0
Siikainen,598.0,587.0,574.0,556.0,536.0,504.0,470.0,459.0,437.0,425.0,407.0,385.0
Säkylä,2226.0,2178.0,2125.0,2038.0,1978.0,1903.0,1820.0,1777.0,1683.0,1632.0,1585.0,1544.0
Ulvila,3191.0,3116.0,2998.0,2939.0,2846.0,2773.0,2691.0,2593.0,2430.0,2366.0,2270.0,2198.0
Forssa,5479.0,5374.0,5251.0,5133.0,4966.0,4795.0,4672.0,4555.0,4384.0,4279.0,4199.0,4103.0
Hattula,2025.0,1953.0,1948.0,1852.0,1831.0,1786.0,1737.0,1689.0,1619.0,1530.0,1481.0,1441.0
Hausjärvi,2113.0,2089.0,2054.0,1947.0,1885.0,1861.0,1803.0,1731.0,1652.0,1609.0,1573.0,1542.0
Humppila,789.0,771.0,745.0,715.0,687.0,676.0,653.0,617.0,574.0,544.0,524.0,507.0
Hämeenlinna,15940.0,15631.0,15360.0,15006.0,14637.0,14586.0,14201.0,13746.0,13077.0,12697.0,12450.0,12244.0
Janakkala,4166.0,4088.0,4041.0,3913.0,3810.0,3748.0,3648.0,3526.0,3388.0,3331.0,3196.0,3153.0
Jokioinen,1442.0,1427.0,1376.0,1331.0,1306.0,1231.0,1177.0,1165.0,1112.0,1076.0,1071.0,1043.0
Loppi,2208.0,2217.0,2176.0,2117.0,2052.0,2035.0,1926.0,1876.0,1788.0,1722.0,1719.0,1671.0
Riihimäki,7012.0,6875.0,6766.0,6630.0,6495.0,6404.0,6203.0,5963.0,5760.0,5680.0,5576.0,5479.0
Tammela,1726.0,1659.0,1602.0,1555.0,1494.0,1432.0,1383.0,1341.0,1262.0,1224.0,1216.0,1187.0
Ypäjä,720.0,696.0,687.0,655.0,628.0,625.0,592.0,582.0,558.0,535.0,521.0,502.0
Akaa,4333.0,4254.0,4179.0,3996.0,3918.0,3849.0,3696.0,3564.0,3411.0,3364.0,3304.0,3213.0
Hämeenkyrö,2734.0,2635.0,2549.0,2499.0,2412.0,2361.0,2292.0,2182.0,2065.0,2013.0,1986.0,1908.0
Ikaalinen,2102.0,2062.0,1984.0,1921.0,1852.0,1811.0,1723.0,1684.0,1635.0,1548.0,1525.0,1521.0
Juupajoki,704.0,664.0,635.0,628.0,606.0,578.0,551.0,520.0,502.0,480.0,463.0,454.0
Kangasala,5751.0,5616.0,5524.0,5403.0,5277.0,5177.0,5138.0,4963.0,4775.0,4708.0,4678.0,4599.0
Kihniö,778.0,745.0,716.0,705.0,671.0,648.0,616.0,591.0,555.0,539.0,533.0,517.0
Kuhmoinen,982.0,929.0,898.0,877.0,838.0,800.0,760.0,718.0,713.0,688.0,648.0,612.0
Lempäälä,3536.0,3506.0,3472.0,3427.0,3371.0,3317.0,3191.0,3107.0,3007.0,2949.0,2924.0,2826.0
Mänttä-Vilppula,3500.0,3429.0,3316.0,3173.0,3027.0,2977.0,2858.0,2745.0,2590.0,2520.0,2415.0,2295.0
Nokia,7146.0,6996.0,6808.0,6634.0,6540.0,6438.0,6304.0,6134.0,5922.0,5757.0,5671.0,5611.0
Orivesi,2730.0,2673.0,2587.0,2515.0,2437.0,2381.0,2275.0,2182.0,2113.0,2030.0,1960.0,1892.0
Parkano,2172.0,2125.0,2075.0,1963.0,1909.0,1890.0,1826.0,1760.0,1691.0,1631.0,1565.0,1523.0
Pirkkala,2736.0,2748.0,2732.0,2646.0,2623.0,2636.0,2558.0,2466.0,2369.0,2325.0,2353.0,2322.0
Punkalaidun,1099.0,1077.0,1027.0,983.0,948.0,924.0,885.0,839.0,804.0,775.0,740.0,699.0
Pälkäne,1945.0,1899.0,1815.0,1768.0,1707.0,1644.0,1588.0,1535.0,1463.0,1418.0,1374.0,1344.0
Ruovesi,1682.0,1605.0,1537.0,1479.0,1396.0,1347.0,1291.0,1235.0,1186.0,1120.0,1090.0,1026.0
Sastamala,7392.0,7171.0,7035.0,6804.0,6568.0,6466.0,6244.0,6097.0,5862.0,5690.0,5456.0,5334.0
Tampere,43315.0,42787.0,42130.0,41141.0,40207.0,39900.0,39521.0,38710.0,36819.0,36606.0,36048.0,35997.0
Urjala,1822.0,1763.0,1710.0,1652.0,1568.0,1519.0,1484.0,1432.0,1386.0,1331.0,1272.0,1228.0
Valkeakoski,5092.0,4962.0,4853.0,4681.0,4529.0,4442.0,4299.0,4154.0,4018.0,3931.0,3755.0,3669.0
Vesilahti,887.0,877.0,841.0,803.0,783.0,776.0,732.0,739.0,688.0,649.0,633.0,630.0
Virrat,2398.0,2311.0,2257.0,2173.0,2113.0,2018.0,1953.0,1883.0,1812.0,1729.0,1667.0,1622.0
Ylöjärvi,5975.0,5877.0,5778.0,5642.0,5494.0,5479.0,5275.0,5102.0,4891.0,4850.0,4760.0,4644.0
Asikkala,2461.0,2419.0,2334.0,2259.0,2166.0,2079.0,2094.0,2007.0,1931.0,1875.0,1808.0,1738.0
Hartola,1293.0,1260.0,1191.0,1119.0,1079.0,1066.0,1034.0,1002.0,965.0,914.0,868.0,853.0
Heinola,6009.0,5866.0,5753.0,5608.0,5424.0,5345.0,5214.0,5029.0,4849.0,4726.0,4596.0,4482.0
Hollola,5494.0,5389.0,5266.0,5155.0,5019.0,4963.0,4778.0,4654.0,4414.0,4296.0,4200.0,4095.0
Iitti,2107.0,2070.0,1995.0,1965.0,1880.0,1845.0,1781.0,1724.0,1684.0,1631.0,1563.0,1492.0
Kärkölä,1530.0,1484.0,1462.0,1427.0,1378.0,1336.0,1281.0,1243.0,1205.0,1162.0,1135.0,1115.0
Lahti,29926.0,29393.0,28915.0,28107.0,27347.0,27110.0,26813.0,26222.0,25313.0,24750.0,24562.0,24097.0
Orimattila,4567.0,4502.0,4371.0,4264.0,4131.0,4082.0,3942.0,3868.0,3693.0,3611.0,3526.0,3464.0
Padasjoki,1321.0,1268.0,1229.0,1192.0,1142.0,1095.0,1049.0,1017.0,953.0,918.0,887.0,863.0
Sysmä,1654.0,1589.0,1555.0,1506.0,1477.0,1436.0,1375.0,1314.0,1249.0,1199.0,1187.0,1132.0
Hamina,5829.0,5716.0,5569.0,5458.0,5269.0,5165.0,5029.0,4883.0,4668.0,4513.0,4341.0,4186.0
Kotka,13650.0,13391.0,13188.0,12911.0,12689.0,12496.0,12357.0,11858.0,11002.0,10654.0,10405.0,10147.0
Kouvola,22995.0,22598.0,22054.0,21336.0,20739.0,20392.0,19800.0,18999.0,18072.0,17484.0,16873.0,16330.0
Miehikkälä,906.0,851.0,851.0,815.0,792.0,756.0,739.0,697.0,659.0,620.0,608.0,583.0
Pyhtää,1426.0,1412.0,1355.0,1322.0,1287.0,1275.0,1244.0,1176.0,1110.0,1071.0,1038.0,992.0
Virolahti,1132.0,1100.0,1100.0,1044.0,995.0,973.0,917.0,886.0,833.0,806.0,776.0,750.0
Imatra,8363.0,8157.0,7930.0,7709.0,7434.0,7285.0,7014.0,6770.0,6402.0,6198.0,5979.0,5770.0
Lappeenranta,17694.0,17296.0,17038.0,16473.0,16055.0,15746.0,15401.0,14907.0,14010.0,13669.0,13210.0,12922.0
Lemi,843.0,846.0,809.0,810.0,764.0,756.0,736.0,707.0,675.0,632.0,621.0,591.0
Luumäki,1702.0,1661.0,1590.0,1544.0,1500.0,1449.0,1392.0,1331.0,1260.0,1242.0,1167.0,1126.0
Parikkala,2071.0,1998.0,1930.0,1868.0,1774.0,1690.0,1602.0,1520.0,1418.0,1362.0,1301.0,1252.0
Rautjärvi,1448.0,1372.0,1333.0,1276.0,1206.0,1166.0,1141.0,1110.0,1030.0,965.0,927.0,897.0
Ruokolahti,1824.0,1758.0,1713.0,1641.0,1588.0,1552.0,1475.0,1431.0,1350.0,1269.0,1222.0,1205.0
Savitaipale,1365.0,1319.0,1294.0,1258.0,1187.0,1149.0,1095.0,1043.0,988.0,958.0,926.0,872.0
Taipalsaari,1046.0,1014.0,991.0,975.0,922.0,902.0,892.0,866.0,825.0,809.0,790.0,739.0
Enonkoski,562.0,538.0,514.0,488.0,483.0,466.0,445.0,430.0,413.0,386.0,371.0,363.0
Hirvensalmi,895.0,874.0,856.0,801.0,775.0,755.0,744.0,703.0,652.0,611.0,611.0,585.0
Juva,2222.0,2180.0,2127.0,2029.0,1971.0,1906.0,1825.0,1743.0,1671.0,1630.0,1515.0,1455.0
Kangasniemi,2088.0,1984.0,1935.0,1874.0,1795.0,1717.0,1664.0,1616.0,1534.0,1430.0,1373.0,1312.0
Mikkeli,12870.0,12480.0,12201.0,11883.0,11446.0,11215.0,10987.0,10591.0,10174.0,9826.0,9538.0,9199.0
Mäntyharju,2275.0,2174.0,2128.0,2071.0,2039.0,1967.0,1877.0,1822.0,1734.0,1686.0,1622.0,1585.0
Pertunmaa,735.0,706.0,674.0,652.0,630.0,632.0,599.0,576.0,554.0,531.0,509.0,496.0
Pieksämäki,5649.0,5516.0,5313.0,5134.0,4921.0,4774.0,4592.0,4364.0,4180.0,4045.0,3895.0,3743.0
Puumala,925.0,885.0,841.0,795.0,762.0,737.0,715.0,684.0,644.0,624.0,598.0,572.0
Rantasalmi,1249.0,1227.0,1167.0,1127.0,1069.0,1016.0,978.0,910.0,895.0,847.0,813.0,773.0
Savonlinna,10260.0,9974.0,9631.0,9239.0,8860.0,8658.0,8306.0,7953.0,7511.0,7195.0,7041.0,6817.0
Sulkava,1090.0,1050.0,1017.0,990.0,982.0,926.0,885.0,842.0,799.0,779.0,744.0,719.0
Iisalmi,5420.0,5281.0,5150.0,5012.0,4826.0,4706.0,4503.0,4400.0,4208.0,4109.0,3983.0,3827.0
Joroinen,1455.0,1431.0,1373.0,1302.0,1285.0,1217.0,1164.0,1105.0,1034.0,1004.0,996.0,965.0
Kaavi,1223.0,1218.0,1171.0,1135.0,1091.0,1077.0,1043.0,985.0,907.0,859.0,808.0,793.0
Keitele,896.0,837.0,809.0,785.0,741.0,727.0,702.0,682.0,641.0,615.0,571.0,552.0
Kiuruvesi,2826.0,2765.0,2685.0,2554.0,2463.0,2349.0,2244.0,2088.0,2030.0,1942.0,1831.0,1790.0
Kuopio,23225.0,22578.0,22135.0,21585.0,20992.0,20496.0,19999.0,19399.0,18594.0,18314.0,17973.0,17800.0
Lapinlahti,3111.0,3042.0,2913.0,2772.0,2672.0,2592.0,2453.0,2355.0,2247.0,2169.0,2098.0,1985.0
Leppävirta,2945.0,2812.0,2708.0,2589.0,2496.0,2457.0,2370.0,2274.0,2197.0,2109.0,2048.0,1926.0
Pielavesi,1739.0,1668.0,1617.0,1526.0,1479.0,1418.0,1372.0,1317.0,1239.0,1190.0,1159.0,1126.0
Rautalampi,1128.0,1132.0,1096.0,1058.0,1013.0,947.0,934.0,891.0,837.0,811.0,762.0,721.0
Rautavaara,810.0,789.0,751.0,717.0,690.0,683.0,657.0,626.0,601.0,578.0,519.0,489.0
Siilinjärvi,3692.0,3596.0,3529.0,3449.0,3355.0,3318.0,3243.0,3124.0,3026.0,2940.0,2875.0,2786.0
Sonkajärvi,1519.0,1469.0,1409.0,1381.0,1324.0,1284.0,1224.0,1134.0,1065.0,1016.0,983.0,933.0
Suonenjoki,2234.0,2204.0,2117.0,2055.0,1996.0,1958.0,1857.0,1796.0,1716.0,1660.0,1589.0,1534.0
Tervo,627.0,610.0,592.0,560.0,526.0,509.0,508.0,484.0,455.0,444.0,423.0,403.0
Tuusniemi,952.0,925.0,885.0,855.0,826.0,823.0,763.0,718.0,700.0,675.0,649.0,612.0
Varkaus,6024.0,5923.0,5786.0,5572.0,5334.0,5168.0,4943.0,4805.0,4632.0,4485.0,4396.0,4233.0
Vesanto,963.0,930.0,899.0,866.0,825.0,793.0,758.0,717.0,696.0,666.0,651.0,617.0
Vieremä,1206.0,1166.0,1135.0,1079.0,1011.0,982.0,941.0,884.0,836.0,807.0,757.0,736.0
Heinävesi,1466.0,1412.0,1345.0,1293.0,1246.0,1227.0,1182.0,1111.0,1044.0,989.0,952.0,915.0
Ilomantsi,2183.0,2123.0,2030.0,1946.0,1877.0,1791.0,1731.0,1630.0,1544.0,1479.0,1410.0,1360.0
Joensuu,14923.0,14613.0,14361.0,13933.0,13515.0,13455.0,13188.0,12915.0,12256.0,12035.0,11897.0,11788.0
Juuka,1999.0,1925.0,1842.0,1774.0,1718.0,1672.0,1589.0,1506.0,1442.0,1366.0,1323.0,1269.0
Kitee,3535.0,3452.0,3307.0,3220.0,3080.0,3017.0,2964.0,2816.0,2705.0,2555.0,2493.0,2455.0
Kontiolahti,2231.0,2169.0,2171.0,2119.0,2110.0,2044.0,1984.0,1955.0,1863.0,1803.0,1761.0,1742.0
Lieksa,4365.0,4270.0,4119.0,4039.0,3864.0,3664.0,3492.0,3295.0,3137.0,3015.0,2909.0,2815.0
Liperi,2614.0,2530.0,2457.0,2359.0,2285.0,2221.0,2155.0,2041.0,1970.0,1898.0,1832.0,1772.0
Nurmes,3743.0,3531.0,3451.0,3329.0,3190.0,3106.0,2961.0,2841.0,2685.0,2531.0,2461.0,2400.0
Outokumpu,2156.0,2057.0,1997.0,1890.0,1840.0,1795.0,1727.0,1680.0,1579.0,1542.0,1453.0,1442.0
Polvijärvi,1516.0,1421.0,1403.0,1310.0,1299.0,1241.0,1198.0,1144.0,1074.0,1043.0,1007.0,969.0
Rääkkylä,871.0,824.0,798.0,767.0,742.0,720.0,664.0,652.0,612.0,580.0,552.0,533.0
Tohmajärvi,1585.0,1556.0,1495.0,1475.0,1398.0,1367.0,1275.0,1251.0,1186.0,1140.0,1090.0,1014.0
Hankasalmi,1702.0,1659.0,1595.0,1521.0,1447.0,1431.0,1353.0,1289.0,1220.0,1168.0,1118.0,1083.0
Joutsa,1817.0,1756.0,1705.0,1648.0,1605.0,1558.0,1502.0,1425.0,1366.0,1304.0,1243.0,1189.0
Jyväskylä,23896.0,23465.0,23024.0,22458.0,21961.0,21839.0,21509.0,20985.0,20110.0,19895.0,19709.0,19685.0
Jämsä,6205.0,6024.0,5892.0,5660.0,5443.0,5317.0,5123.0,4921.0,4684.0,4516.0,4361.0,4208.0
Kannonkoski,609.0,571.0,553.0,516.0,490.0,487.0,470.0,447.0,419.0,400.0,381.0,365.0
Karstula,1498.0,1422.0,1379.0,1317.0,1264.0,1221.0,1201.0,1125.0,1078.0,1040.0,1003.0,947.0
Keuruu,3076.0,2966.0,2875.0,2762.0,2674.0,2607.0,2513.0,2400.0,2261.0,2188.0,2127.0,2072.0
Kinnula,691.0,658.0,621.0,613.0,584.0,581.0,547.0,522.0,496.0,483.0,466.0,439.0
Kivijärvi,526.0,523.0,509.0,471.0,457.0,434.0,412.0,397.0,376.0,374.0,355.0,328.0
Konnevesi,996.0,958.0,937.0,864.0,864.0,823.0,788.0,755.0,716.0,683.0,652.0,638.0
Kyyjärvi,564.0,545.0,525.0,505.0,486.0,470.0,446.0,436.0,428.0,413.0,402.0,368.0
Laukaa,3860.0,3741.0,3646.0,3579.0,3434.0,3374.0,3242.0,3112.0,3045.0,2913.0,2793.0,2711.0
Luhanka,373.0,348.0,336.0,316.0,296.0,289.0,276.0,256.0,241.0,229.0,223.0,210.0
Multia,625.0,608.0,570.0,532.0,513.0,479.0,464.0,434.0,417.0,408.0,390.0,371.0
Muurame,1504.0,1464.0,1469.0,1451.0,1392.0,1388.0,1329.0,1296.0,1221.0,1189.0,1196.0,1180.0
Petäjävesi,1046.0,1026.0,991.0,966.0,921.0,888.0,840.0,790.0,771.0,716.0,669.0,637.0
Pihtipudas,1549.0,1490.0,1432.0,1378.0,1299.0,1258.0,1223.0,1180.0,1137.0,1108.0,1064.0,1025.0
Saarijärvi,3289.0,3169.0,3084.0,2936.0,2845.0,2734.0,2615.0,2527.0,2422.0,2352.0,2268.0,2197.0
Toivakka,702.0,685.0,655.0,649.0,615.0,596.0,566.0,539.0,517.0,488.0,473.0,456.0
Uurainen,829.0,796.0,781.0,733.0,711.0,704.0,690.0,671.0,636.0,607.0,576.0,578.0
Viitasaari,2328.0,2232.0,2169.0,2068.0,2008.0,1950.0,1880.0,1786.0,1697.0,1643.0,1580.0,1548.0
Äänekoski,5558.0,5434.0,5291.0,5108.0,4894.0,4775.0,4587.0,4432.0,4277.0,4104.0,3985.0,3873.0
Alajärvi,3075.0,2962.0,2880.0,2791.0,2723.0,2621.0,2505.0,2447.0,2340.0,2234.0,2141.0,2080.0
Alavus,3709.0,3651.0,3557.0,3394.0,3261.0,3208.0,3104.0,2985.0,2809.0,2735.0,2629.0,2528.0
Evijärvi,878.0,855.0,839.0,824.0,783.0,747.0,732.0,684.0,657.0,625.0,626.0,600.0
Ilmajoki,2784.0,2666.0,2597.0,2495.0,2407.0,2364.0,2263.0,2209.0,2136.0,2094.0,2033.0,1982.0
Isojoki,953.0,917.0,889.0,856.0,804.0,758.0,739.0,688.0,639.0,608.0,603.0,574.0
Isokyrö,1299.0,1270.0,1227.0,1170.0,1122.0,1090.0,1047.0,996.0,956.0,936.0,884.0,873.0
Karijoki,576.0,571.0,557.0,523.0,506.0,473.0,439.0,426.0,401.0,388.0,364.0,356.0
Kauhajoki,4075.0,3985.0,3938.0,3803.0,3715.0,3659.0,3487.0,3319.0,3189.0,3059.0,2977.0,2891.0
Kauhava,4963.0,4841.0,4739.0,4611.0,4453.0,4367.0,4199.0,4005.0,3807.0,3656.0,3525.0,3458.0
Kuortane,1257.0,1229.0,1182.0,1124.0,1086.0,1046.0,1026.0,973.0,953.0,901.0,879.0,842.0
Kurikka,6638.0,6467.0,6223.0,6018.0,5767.0,5570.0,5365.0,5087.0,4872.0,4746.0,4583.0,4445.0
Lappajärvi,1046.0,1005.0,978.0,932.0,883.0,833.0,802.0,780.0,748.0,705.0,664.0,639.0
Lapua,3640.0,3539.0,3440.0,3339.0,3252.0,3131.0,3014.0,2916.0,2846.0,2752.0,2659.0,2589.0
Seinäjoki,11409.0,11207.0,10998.0,10746.0,10473.0,10399.0,10130.0,9874.0,9697.0,9531.0,9322.0,9254.0
Soini,857.0,828.0,791.0,763.0,732.0,705.0,676.0,647.0,623.0,604.0,578.0,556.0
Teuva,1864.0,1800.0,1721.0,1657.0,1594.0,1565.0,1487.0,1394.0,1350.0,1311.0,1264.0,1210.0
Vimpeli,922.0,892.0,877.0,829.0,788.0,776.0,746.0,718.0,678.0,659.0,633.0,608.0
Ähtäri,1773.0,1712.0,1684.0,1611.0,1561.0,1514.0,1459.0,1405.0,1312.0,1272.0,1216.0,1185.0
Kaskinen,470.0,444.0,431.0,410.0,389.0,391.0,373.0,348.0,337.0,338.0,362.0,362.0
Korsnäs,725.0,695.0,688.0,655.0,634.0,612.0,584.0,568.0,520.0,491.0,480.0,469.0
Kristiinankaupunki,2557.0,2490.0,2433.0,2349.0,2228.0,2185.0,2106.0,2010.0,1922.0,1839.0,1790.0,1751.0
Kruunupyy,1997.0,1956.0,1885.0,1852.0,1790.0,1761.0,1713.0,1600.0,1555.0,1513.0,1473.0,1431.0
Laihia,2015.0,1965.0,1894.0,1822.0,1750.0,1689.0,1640.0,1574.0,1515.0,1484.0,1448.0,1379.0
Luoto,1001.0,980.0,956.0,928.0,905.0,912.0,896.0,855.0,822.0,821.0,804.0,786.0
Maalahti,1594.0,1557.0,1524.0,1471.0,1446.0,1402.0,1331.0,1278.0,1217.0,1186.0,1129.0,1076.0
Mustasaari,3661.0,3566.0,3440.0,3361.0,3294.0,3195.0,3102.0,2973.0,2874.0,2763.0,2708.0,2615.0
Närpiö,3127.0,3126.0,3071.0,3005.0,3002.0,2963.0,2987.0,2935.0,2712.0,2656.0,2698.0,2640.0
Pedersören kunta,2450.0,2403.0,2358.0,2312.0,2271.0,2220.0,2157.0,2045.0,1979.0,1935.0,1877.0,1810.0
Pietarsaari,5482.0,5467.0,5430.0,5261.0,5160.0,5043.0,4956.0,4813.0,4519.0,4444.0,4357.0,4317.0
Uusikaarlepyy,2136.0,2094.0,2079.0,2071.0,1999.0,1965.0,1909.0,1848.0,1755.0,1698.0,1695.0,1666.0
Vaasa,13881.0,13719.0,13415.0,13084.0,12745.0,12615.0,12296.0,11909.0,11281.0,11034.0,10812.0,10713.0
Vöyri,1906.0,1895.0,1832.0,1781.0,1736.0,1695.0,1634.0,1556.0,1491.0,1404.0,1354.0,1314.0
Halsua,470.0,460.0,433.0,424.0,426.0,412.0,412.0,383.0,379.0,351.0,340.0,329.0
Kannus,1539.0,1478.0,1443.0,1411.0,1377.0,1322.0,1290.0,1228.0,1177.0,1165.0,1115.0,1094.0
Kaustinen,1209.0,1204.0,1165.0,1138.0,1084.0,1056.0,1038.0,996.0,946.0,921.0,892.0,866.0
Kokkola,11088.0,10890.0,10613.0,10371.0,9981.0,9827.0,9636.0,9257.0,8842.0,8599.0,8385.0,8191.0
Lestijärvi,309.0,296.0,288.0,262.0,255.0,248.0,235.0,230.0,212.0,192.0,183.0,180.0
Perho,878.0,850.0,837.0,818.0,782.0,761.0,741.0,706.0,678.0,650.0,632.0,607.0
Toholampi,988.0,980.0,953.0,920.0,897.0,884.0,835.0,811.0,768.0,729.0,704.0,686.0
Veteli,995.0,953.0,949.0,909.0,879.0,857.0,821.0,787.0,742.0,721.0,699.0,669.0
Alavieska,734.0,706.0,699.0,678.0,655.0,626.0,601.0,589.0,552.0,536.0,513.0,493.0
Haapajärvi,2151.0,2104.0,2062.0,2021.0,1892.0,1851.0,1794.0,1738.0,1659.0,1582.0,1510.0,1468.0
Haapavesi,1838.0,1785.0,1719.0,1689.0,1586.0,1567.0,1499.0,1413.0,1363.0,1296.0,1298.0,1261.0
Hailuoto,254.0,249.0,235.0,235.0,228.0,211.0,215.0,195.0,184.0,180.0,167.0,156.0
Ii,2133.0,2110.0,2041.0,2006.0,1921.0,1897.0,1849.0,1832.0,1745.0,1717.0,1677.0,1632.0
Kalajoki,3248.0,3179.0,3104.0,3009.0,2907.0,2859.0,2785.0,2687.0,2568.0,2516.0,2454.0,2407.0
Kempele,2319.0,2358.0,2322.0,2323.0,2307.0,2286.0,2241.0,2166.0,2145.0,2154.0,2090.0,2066.0
Kuusamo,4072.0,4003.0,3865.0,3722.0,3577.0,3460.0,3341.0,3240.0,3085.0,2980.0,2939.0,2848.0
Kärsämäki,878.0,844.0,815.0,782.0,746.0,711.0,705.0,664.0,659.0,647.0,624.0,605.0
Liminka,1126.0,1134.0,1132.0,1101.0,1087.0,1104.0,1044.0,1030.0,1026.0,1018.0,1025.0,988.0
Lumijoki,462.0,453.0,441.0,426.0,416.0,395.0,388.0,365.0,349.0,335.0,342.0,333.0
Merijärvi,373.0,360.0,334.0,320.0,307.0,302.0,289.0,285.0,261.0,257.0,257.0,239.0
Muhos,1704.0,1674.0,1585.0,1569.0,1483.0,1479.0,1432.0,1369.0,1297.0,1283.0,1271.0,1285.0
Nivala,2560.0,2457.0,2378.0,2274.0,2228.0,2173.0,2123.0,2037.0,1944.0,1886.0,1840.0,1802.0
Oulainen,1952.0,1894.0,1849.0,1784.0,1699.0,1649.0,1589.0,1561.0,1524.0,1468.0,1402.0,1360.0
Oulu,31139.0,30900.0,30416.0,30024.0,29490.0,29424.0,28978.0,28385.0,27216.0,26924.0,26784.0,26801.0
Pudasjärvi,2894.0,2806.0,2727.0,2629.0,2497.0,2414.0,2339.0,2223.0,2135.0,2070.0,1984.0,1903.0
Pyhäjoki,874.0,852.0,806.0,792.0,741.0,708.0,701.0,670.0,640.0,610.0,605.0,633.0
Pyhäjärvi,1950.0,1895.0,1853.0,1744.0,1655.0,1635.0,1575.0,1497.0,1413.0,1353.0,1285.0,1245.0
Pyhäntä,452.0,416.0,404.0,391.0,383.0,382.0,368.0,349.0,335.0,335.0,331.0,369.0
Raahe,5985.0,5844.0,5742.0,5584.0,5345.0,5248.0,5110.0,4992.0,4827.0,4731.0,4547.0,4479.0
Reisjärvi,909.0,893.0,872.0,835.0,807.0,802.0,771.0,753.0,717.0,690.0,668.0,651.0
Sievi,1274.0,1262.0,1206.0,1180.0,1111.0,1097.0,1055.0,1006.0,959.0,920.0,875.0,870.0
Siikajoki,1429.0,1395.0,1331.0,1284.0,1214.0,1162.0,1118.0,1114.0,1017.0,985.0,965.0,940.0
Siikalatva,1907.0,1834.0,1777.0,1710.0,1641.0,1575.0,1492.0,1435.0,1362.0,1297.0,1248.0,1206.0
Taivalkoski,1272.0,1238.0,1203.0,1137.0,1122.0,1069.0,1033.0,979.0,974.0,935.0,901.0,860.0
Tyrnävä,1160.0,1123.0,1104.0,1069.0,1021.0,1015.0,990.0,957.0,951.0,903.0,877.0,819.0
Utajärvi,919.0,868.0,835.0,820.0,803.0,776.0,754.0,717.0,677.0,645.0,618.0,598.0
Vaala,1070.0,1019.0,993.0,957.0,907.0,883.0,845.0,788.0,742.0,703.0,679.0,633.0
Ylivieska,2906.0,2831.0,2796.0,2755.0,2689.0,2615.0,2600.0,2553.0,2492.0,2459.0,2475.0,2403.0
Hyrynsalmi,999.0,962.0,927.0,899.0,846.0,801.0,779.0,741.0,716.0,711.0,660.0,635.0
Kajaani,8334.0,8095.0,7863.0,7550.0,7288.0,7085.0,6827.0,6487.0,6092.0,5892.0,5730.0,5765.0
Kuhmo,2913.0,2806.0,2697.0,2610.0,2516.0,2409.0,2318.0,2208.0,2103.0,2024.0,1920.0,1844.0
Paltamo,1214.0,1167.0,1146.0,1090.0,1053.0,1008.0,984.0,921.0,879.0,843.0,797.0,752.0
Puolanka,1136.0,1101.0,1064.0,1015.0,985.0,965.0,930.0,882.0,811.0,768.0,743.0,703.0
Ristijärvi,525.0,506.0,479.0,468.0,445.0,409.0,375.0,357.0,331.0,309.0,299.0,285.0
Sotkamo,2752.0,2659.0,2565.0,2518.0,2392.0,2310.0,2220.0,2115.0,2037.0,1953.0,1902.0,1856.0
Suomussalmi,2861.0,2740.0,2642.0,2516.0,2429.0,2342.0,2218.0,2124.0,2039.0,1996.0,1906.0,1830.0
Enontekiö,558.0,547.0,515.0,503.0,481.0,479.0,480.0,461.0,414.0,403.0,390.0,386.0
Inari,1889.0,1844.0,1806.0,1758.0,1722.0,1685.0,1655.0,1612.0,1545.0,1499.0,1458.0,1428.0
Kemi,5937.0,5760.0,5648.0,5418.0,5267.0,5119.0,4997.0,4759.0,4524.0,4373.0,4217.0,4056.0
Kemijärvi,2693.0,2569.0,2466.0,2347.0,2281.0,2177.0,2057.0,1946.0,1822.0,1757.0,1709.0,1640.0
Keminmaa,1802.0,1744.0,1679.0,1616.0,1554.0,1510.0,1436.0,1381.0,1315.0,1239.0,1212.0,1157.0
Kittilä,1561.0,1536.0,1501.0,1483.0,1406.0,1354.0,1312.0,1239.0,1203.0,1188.0,1143.0,1125.0
Kolari,1073.0,1048.0,1019.0,999.0,962.0,938.0,901.0,859.0,815.0,757.0,755.0,729.0
Muonio,613.0,598.0,578.0,571.0,544.0,547.0,530.0,490.0,463.0,449.0,430.0,416.0
Pelkosenniemi,329.0,307.0,295.0,284.0,259.0,253.0,244.0,238.0,225.0,213.0,207.0,197.0
Pello,1335.0,1295.0,1240.0,1176.0,1120.0,1086.0,1055.0,999.0,946.0,904.0,865.0,830.0
Posio,1356.0,1338.0,1271.0,1232.0,1213.0,1139.0,1113.0,1023.0,976.0,946.0,929.0,875.0
Ranua,1316.0,1256.0,1222.0,1159.0,1127.0,1132.0,1084.0,1032.0,971.0,941.0,898.0,885.0
Rovaniemi,11739.0,11551.0,11312.0,10890.0,10574.0,10285.0,10018.0,9576.0,9183.0,8968.0,8760.0,8669.0
Salla,1507.0,1471.0,1421.0,1343.0,1285.0,1231.0,1159.0,1074.0,1007.0,961.0,916.0,875.0
Savukoski,375.0,361.0,349.0,330.0,312.0,295.0,284.0,272.0,262.0,249.0,243.0,234.0
Simo,999.0,954.0,929.0,876.0,843.0,829.0,784.0,757.0,726.0,681.0,664.0,620.0
Sodankylä,2428.0,2351.0,2288.0,2189.0,2081.0,2048.0,1982.0,1850.0,1763.0,1692.0,1637.0,1563.0
Tervola,1007.0,980.0,950.0,901.0,842.0,811.0,772.0,729.0,674.0,638.0,600.0,591.0
Tornio,5132.0,5028.0,4878.0,4701.0,4574.0,4472.0,4387.0,4070.0,3938.0,3787.0,3710.0,3671.0
Utsjoki,412.0,399.0,382.0,371.0,351.0,350.0,322.0,322.0,310.0,293.0,296.0,280.0
Ylitornio,1612.0,1524.0,1469.0,1395.0,1332.0,1290.0,1238.0,1164.0,1117.0,1080.0,1036.0,998.0
Brändö,174.0,161.0,156.0,150.0,144.0,151.0,151.0,136.0,131.0,129.0,129.0,132.0
Eckerö,347.0,357.0,352.0,338.0,335.0,342.0,335.0,260.0,261.0,252.0,254.0,242.0
Finström,799.0,805.0,795.0,763.0,773.0,763.0,786.0,708.0,683.0,683.0,667.0,669.0
Föglö,233.0,233.0,236.0,224.0,221.0,215.0,216.0,183.0,185.0,187.0,178.0,164.0
Geta,189.0,187.0,188.0,191.0,181.0,182.0,176.0,154.0,156.0,144.0,150.0,148.0
Hammarland,500.0,488.0,477.0,487.0,480.0,476.0,466.0,434.0,403.0,413.0,406.0,405.0
Jomala,1059.0,1094.0,1068.0,1055.0,1050.0,1054.0,1108.0,959.0,918.0,967.0,950.0,976.0
Kumlinge,151.0,150.0,135.0,128.0,126.0,122.0,115.0,107.0,100.0,96.0,98.0,98.0
Kökar,97.0,95.0,94.0,97.0,102.0,91.0,89.0,69.0,66.0,66.0,65.0,63.0
Lemland,434.0,439.0,433.0,445.0,433.0,440.0,452.0,384.0,364.0,365.0,359.0,348.0
Lumparland,118.0,113.0,110.0,115.0,122.0,109.0,110.0,100.0,96.0,91.0,87.0,90.0
Maarianhamina,3149.0,3092.0,3046.0,2963.0,2960.0,3011.0,3015.0,2627.0,2549.0,2590.0,2590.0,2635.0
Saltvik,583.0,568.0,559.0,536.0,534.0,531.0,522.0,489.0,471.0,456.0,450.0,457.0
Sottunga,40.0,38.0,36.0,36.0,34.0,35.0,30.0,29.0,27.0,24.0,26.0,31.0
Sund,352.0,364.0,356.0,341.0,327.0,328.0,309.0,287.0,277.0,269.0,263.0,261.0
Vårdö,144.0,141.0,132.0,133.0,133.0,132.0,140.0,110.0,114.0,115.0,119.0,120.0
