City,2010_koulutetut_yhteensa_ko,2011_koulutetut_yhteensa_ko,2012_koulutetut_yhteensa_ko,2013_koulutetut_yhteensa_ko,2014_koulutetut_yhteensa_ko,2015_koulutetut_yhteensa_ko,2016_koulutetut_yhteensa_ko,2017_koulutetut_yhteensa_ko,2018_koulutetut_yhteensa_ko,2019_koulutetut_yhteensa_ko,2020_koulutetut_yhteensa_ko,2021_koulutetut_yhteensa_ko
Askola,2417.0,2479.0,2560.0,2610.0,2687.0,2709.0,2693.0,2706.0,2736.0,2787.0,2784.0,2820.0
Espoo,147039.0,150238.0,153385.0,156726.0,159748.0,162183.0,165684.0,169486.0,176253.0,180373.0,182141.0,184648.0
Hanko,4371.0,4402.0,4386.0,4454.0,4464.0,4443.0,4408.0,4416.0,4432.0,4403.0,4416.0,4446.0
Helsinki,360173.0,367252.0,375080.0,384217.0,391717.0,397017.0,403570.0,411755.0,424568.0,430079.0,433265.0,433814.0
Hyvinkää,25057.0,25378.0,25814.0,26517.0,27031.0,27295.0,27585.0,28020.0,28344.0,28532.0,28886.0,29251.0
Inkoo,2997.0,3049.0,3066.0,3130.0,3161.0,3176.0,3218.0,3240.0,3261.0,3279.0,3279.0,3341.0
Järvenpää,21955.0,22397.0,23017.0,23532.0,23979.0,24347.0,24896.0,25811.0,26693.0,27075.0,27721.0,28377.0
Karkkila,4401.0,4470.0,4499.0,4568.0,4609.0,4570.0,4604.0,4657.0,4708.0,4731.0,4772.0,4860.0
Kauniainen,5599.0,5722.0,5809.0,6012.0,6237.0,6330.0,6282.0,6490.0,6477.0,6573.0,6857.0,6994.0
Kerava,19030.0,19314.0,19548.0,20036.0,20359.0,20390.0,20647.0,20768.0,21498.0,21873.0,22156.0,22206.0
Kirkkonummi,19905.0,20243.0,20600.0,20980.0,21357.0,21755.0,22171.0,22577.0,23056.0,23466.0,24003.0,24417.0
Lapinjärvi,1400.0,1400.0,1398.0,1426.0,1418.0,1410.0,1407.0,1410.0,1418.0,1411.0,1436.0,1422.0
Lohja,24382.0,24696.0,25038.0,25570.0,25902.0,26093.0,26316.0,26458.0,26605.0,26762.0,27000.0,27387.0
Loviisa,7672.0,7761.0,7864.0,7986.0,8125.0,8162.0,8182.0,8312.0,8419.0,8471.0,8570.0,8638.0
Myrskylä,975.0,990.0,1016.0,1034.0,1036.0,1045.0,1064.0,1078.0,1061.0,1064.0,1057.0,1051.0
Mäntsälä,9794.0,10047.0,10405.0,10620.0,10858.0,10992.0,11189.0,11323.0,11513.0,11688.0,11843.0,12040.0
Nurmijärvi,20549.0,21082.0,21494.0,22067.0,22554.0,22918.0,23193.0,23489.0,24260.0,24663.0,25357.0,25900.0
Pornainen,2404.0,2474.0,2531.0,2582.0,2651.0,2664.0,2688.0,2768.0,2794.0,2836.0,2914.0,2953.0
Porvoo,25916.0,26339.0,26897.0,27538.0,28029.0,28299.0,28673.0,29048.0,29671.0,30041.0,30456.0,31025.0
Pukkila,985.0,1014.0,1059.0,1068.0,1063.0,1052.0,1082.0,1067.0,1076.0,1069.0,1079.0,1108.0
Raasepori,14684.0,14878.0,15027.0,15236.0,15524.0,15539.0,15549.0,15713.0,15857.0,16016.0,16228.0,16348.0
Sipoo,9575.0,9869.0,10190.0,10403.0,10612.0,10946.0,11423.0,11796.0,12207.0,12697.0,13230.0,13634.0
Siuntio,3167.0,3268.0,3328.0,3359.0,3428.0,3421.0,3426.0,3460.0,3546.0,3634.0,3673.0,3729.0
Tuusula,19676.0,20198.0,20620.0,21003.0,21301.0,21565.0,21894.0,22223.0,22555.0,22723.0,23078.0,23879.0
Vantaa,108262.0,110785.0,112795.0,115099.0,117110.0,119581.0,122879.0,125770.0,131776.0,135668.0,137750.0,138586.0
Vihti,14883.0,15261.0,15503.0,15862.0,16059.0,16148.0,16349.0,16614.0,16946.0,17137.0,17323.0,17487.0
Aura,1943.0,1994.0,2002.0,2036.0,2066.0,2076.0,2111.0,2170.0,2215.0,2223.0,2283.0,2300.0
Kaarina,17302.0,17641.0,17966.0,18411.0,18835.0,19201.0,19542.0,20010.0,20569.0,21095.0,21806.0,22470.0
Kemiönsaari,3488.0,3547.0,3571.0,3610.0,3647.0,3701.0,3724.0,3756.0,3816.0,3793.0,3895.0,3937.0
Koski Tl,1183.0,1196.0,1229.0,1242.0,1264.0,1255.0,1278.0,1282.0,1298.0,1298.0,1319.0,1320.0
Kustavi,437.0,451.0,470.0,466.0,490.0,498.0,522.0,542.0,561.0,583.0,603.0,614.0
Laitila,4303.0,4295.0,4371.0,4407.0,4494.0,4517.0,4565.0,4680.0,4773.0,4783.0,4750.0,4789.0
Lieto,9783.0,10171.0,10507.0,10727.0,10933.0,11064.0,11314.0,11604.0,11901.0,12172.0,12366.0,12597.0
Loimaa,8904.0,8989.0,9026.0,9147.0,9252.0,9152.0,9221.0,9266.0,9324.0,9366.0,9383.0,9400.0
Marttila,996.0,1001.0,1020.0,1058.0,1075.0,1067.0,1075.0,1092.0,1127.0,1152.0,1140.0,1162.0
Masku,5187.0,5306.0,5409.0,5494.0,5590.0,5606.0,5651.0,5735.0,5738.0,5811.0,5861.0,5981.0
Mynämäki,4170.0,4242.0,4304.0,4351.0,4406.0,4440.0,4495.0,4558.0,4598.0,4583.0,4629.0,4661.0
Naantali,10718.0,10878.0,11002.0,11214.0,11389.0,11530.0,11713.0,11975.0,12219.0,12374.0,12615.0,12881.0
Nousiainen,2530.0,2561.0,2617.0,2661.0,2699.0,2725.0,2750.0,2782.0,2787.0,2814.0,2842.0,2853.0
Oripää,642.0,650.0,655.0,657.0,654.0,641.0,644.0,663.0,680.0,674.0,677.0,690.0
Paimio,5721.0,5841.0,5974.0,6064.0,6162.0,6218.0,6368.0,6400.0,6527.0,6565.0,6681.0,6820.0
Parainen,8493.0,8596.0,8731.0,8799.0,8928.0,9013.0,9063.0,9160.0,9233.0,9329.0,9432.0,9544.0
Pyhäranta,1130.0,1133.0,1146.0,1151.0,1155.0,1150.0,1140.0,1182.0,1183.0,1167.0,1166.0,1181.0
Pöytyä,4061.0,4120.0,4227.0,4313.0,4384.0,4353.0,4389.0,4393.0,4452.0,4475.0,4494.0,4557.0
Raisio,13451.0,13671.0,13786.0,13963.0,14026.0,14127.0,14369.0,14543.0,14763.0,14837.0,15161.0,15512.0
Rusko,3143.0,3214.0,3272.0,3391.0,3481.0,3540.0,3609.0,3749.0,3785.0,3868.0,3894.0,3931.0
Salo,28363.0,28783.0,28942.0,29181.0,29479.0,29541.0,29757.0,29881.0,30189.0,30358.0,30591.0,30983.0
Sauvo,1605.0,1635.0,1660.0,1680.0,1708.0,1721.0,1743.0,1748.0,1760.0,1762.0,1783.0,1806.0
Somero,4408.0,4450.0,4502.0,4567.0,4669.0,4693.0,4740.0,4766.0,4814.0,4807.0,4857.0,4907.0
Taivassalo,835.0,843.0,852.0,857.0,847.0,848.0,865.0,903.0,925.0,920.0,936.0,962.0
Turku,108565.0,110575.0,112685.0,115325.0,117466.0,119403.0,121456.0,124073.0,127544.0,129624.0,131278.0,132103.0
Uusikaupunki,8785.0,8813.0,8836.0,8939.0,9166.0,9181.0,9178.0,9551.0,9630.0,9559.0,9458.0,9498.0
Vehmaa,1220.0,1234.0,1233.0,1254.0,1289.0,1274.0,1285.0,1348.0,1339.0,1358.0,1354.0,1356.0
Eura,5960.0,6044.0,6121.0,6246.0,6343.0,6306.0,6337.0,6388.0,6429.0,6466.0,6483.0,6563.0
Eurajoki,4795.0,4829.0,4924.0,5005.0,5062.0,5126.0,5206.0,5287.0,5375.0,5454.0,5545.0,5581.0
Harjavalta,3947.0,3984.0,4024.0,4038.0,4069.0,4052.0,4071.0,4087.0,4068.0,4056.0,4060.0,4069.0
Huittinen,5528.0,5575.0,5645.0,5715.0,5773.0,5820.0,5818.0,5812.0,5854.0,5898.0,5912.0,5930.0
Jämijärvi,974.0,981.0,1008.0,1019.0,1039.0,1016.0,1025.0,1022.0,1024.0,1006.0,991.0,998.0
Kankaanpää,7336.0,7418.0,7422.0,7541.0,7611.0,7632.0,7605.0,7589.0,7647.0,7601.0,7567.0,7596.0
Karvia,1216.0,1224.0,1227.0,1244.0,1250.0,1257.0,1277.0,1272.0,1302.0,1294.0,1302.0,1298.0
Kokemäki,4075.0,4089.0,4160.0,4165.0,4198.0,4187.0,4186.0,4195.0,4177.0,4153.0,4177.0,4186.0
Merikarvia,1540.0,1549.0,1560.0,1566.0,1593.0,1580.0,1603.0,1642.0,1653.0,1643.0,1672.0,1690.0
Nakkila,2879.0,2915.0,2960.0,2993.0,3037.0,3064.0,3056.0,3096.0,3107.0,3115.0,3126.0,3117.0
Pomarkku,1139.0,1140.0,1143.0,1124.0,1105.0,1105.0,1119.0,1114.0,1120.0,1116.0,1117.0,1117.0
Pori,48030.0,48734.0,49419.0,50281.0,51069.0,51438.0,51825.0,52101.0,52668.0,52995.0,53282.0,53674.0
Rauma,22222.0,22485.0,22772.0,23226.0,23467.0,23521.0,23506.0,23733.0,24033.0,24005.0,23953.0,24040.0
Siikainen,769.0,791.0,781.0,790.0,795.0,782.0,787.0,786.0,796.0,791.0,779.0,773.0
Säkylä,3912.0,3933.0,3929.0,3920.0,3959.0,3942.0,3970.0,3964.0,4006.0,4007.0,4000.0,3994.0
Ulvila,7439.0,7495.0,7571.0,7594.0,7641.0,7741.0,7766.0,7849.0,7886.0,7888.0,7923.0,7945.0
Forssa,9396.0,9475.0,9560.0,9657.0,9758.0,9870.0,9926.0,9941.0,10013.0,10056.0,10091.0,10040.0
Hattula,5436.0,5532.0,5592.0,5645.0,5733.0,5782.0,5800.0,5827.0,5828.0,5869.0,5918.0,5998.0
Hausjärvi,4610.0,4660.0,4706.0,4783.0,4860.0,4853.0,4861.0,4863.0,4891.0,4877.0,4889.0,4915.0
Humppila,1200.0,1222.0,1235.0,1243.0,1253.0,1240.0,1256.0,1254.0,1255.0,1259.0,1260.0,1273.0
Hämeenlinna,38116.0,38911.0,39512.0,40197.0,40707.0,40893.0,41205.0,41653.0,42303.0,42855.0,43358.0,43878.0
Janakkala,8879.0,9031.0,9106.0,9262.0,9380.0,9496.0,9537.0,9619.0,9701.0,9799.0,9820.0,9962.0
Jokioinen,2965.0,2953.0,2982.0,3015.0,3008.0,3029.0,3046.0,3049.0,3059.0,3066.0,3049.0,3077.0
Loppi,4103.0,4190.0,4214.0,4279.0,4311.0,4292.0,4356.0,4377.0,4380.0,4441.0,4541.0,4578.0
Riihimäki,15897.0,16173.0,16457.0,16704.0,16943.0,17040.0,17171.0,17309.0,17355.0,17559.0,17712.0,17746.0
Tammela,3421.0,3470.0,3532.0,3558.0,3587.0,3577.0,3610.0,3616.0,3647.0,3642.0,3685.0,3717.0
Ypäjä,1359.0,1373.0,1363.0,1374.0,1403.0,1372.0,1381.0,1394.0,1402.0,1432.0,1435.0,1439.0
Akaa,8834.0,9008.0,9146.0,9290.0,9352.0,9446.0,9531.0,9598.0,9645.0,9644.0,9722.0,9907.0
Hämeenkyrö,5466.0,5611.0,5671.0,5809.0,5910.0,5992.0,6065.0,6098.0,6194.0,6189.0,6221.0,6312.0
Ikaalinen,4022.0,4028.0,4079.0,4092.0,4152.0,4147.0,4157.0,4170.0,4172.0,4214.0,4184.0,4217.0
Juupajoki,983.0,991.0,990.0,1011.0,1020.0,1022.0,1039.0,1025.0,1027.0,1032.0,1022.0,1032.0
Kangasala,16674.0,16974.0,17328.0,17666.0,17933.0,18145.0,18630.0,19045.0,19505.0,19779.0,20181.0,20650.0
Kihniö,1085.0,1068.0,1067.0,1057.0,1062.0,1048.0,1051.0,1053.0,1044.0,1029.0,1026.0,1034.0
Kuhmoinen,1252.0,1256.0,1243.0,1256.0,1268.0,1265.0,1262.0,1273.0,1280.0,1280.0,1296.0,1310.0
Lempäälä,11441.0,11639.0,12043.0,12349.0,12706.0,12983.0,13273.0,13442.0,13890.0,14246.0,14553.0,14926.0
Mänttä-Vilppula,5989.0,5989.0,5945.0,5926.0,5957.0,5920.0,5931.0,5921.0,5900.0,5909.0,5887.0,5902.0
Nokia,17074.0,17497.0,17926.0,18359.0,18642.0,18982.0,19215.0,19549.0,20012.0,20534.0,21142.0,21653.0
Orivesi,5000.0,5071.0,5165.0,5255.0,5299.0,5267.0,5299.0,5372.0,5414.0,5436.0,5438.0,5509.0
Parkano,3527.0,3576.0,3612.0,3660.0,3682.0,3656.0,3677.0,3681.0,3690.0,3713.0,3719.0,3708.0
Pirkkala,10095.0,10506.0,10791.0,11116.0,11388.0,11556.0,11822.0,12011.0,12299.0,12536.0,12681.0,13059.0
Punkalaidun,1624.0,1618.0,1643.0,1655.0,1648.0,1633.0,1629.0,1626.0,1624.0,1616.0,1609.0,1602.0
Pälkäne,3594.0,3608.0,3643.0,3688.0,3747.0,3771.0,3787.0,3800.0,3831.0,3858.0,3883.0,3944.0
Ruovesi,2521.0,2530.0,2549.0,2562.0,2561.0,2565.0,2562.0,2552.0,2554.0,2533.0,2527.0,2551.0
Sastamala,13234.0,13467.0,13625.0,13774.0,13945.0,13951.0,14065.0,14093.0,14269.0,14238.0,14356.0,14525.0
Tampere,134435.0,136902.0,139745.0,143362.0,146472.0,148753.0,151786.0,155681.0,160536.0,163561.0,166764.0,169848.0
Urjala,2597.0,2616.0,2605.0,2596.0,2589.0,2589.0,2572.0,2607.0,2630.0,2623.0,2637.0,2691.0
Valkeakoski,11666.0,11940.0,12123.0,12271.0,12441.0,12662.0,12799.0,12851.0,13011.0,13019.0,13065.0,13144.0
Vesilahti,2237.0,2292.0,2362.0,2415.0,2456.0,2488.0,2527.0,2539.0,2564.0,2602.0,2667.0,2762.0
Virrat,3881.0,3908.0,3929.0,3927.0,3894.0,3878.0,3873.0,3897.0,3891.0,3838.0,3884.0,3901.0
Ylöjärvi,16555.0,16963.0,17418.0,17741.0,18270.0,18654.0,18939.0,19259.0,19621.0,19981.0,20257.0,20597.0
Asikkala,4464.0,4533.0,4594.0,4641.0,4721.0,4754.0,4776.0,4803.0,4825.0,4851.0,4920.0,4938.0
Hartola,1550.0,1557.0,1565.0,1546.0,1559.0,1515.0,1500.0,1505.0,1482.0,1479.0,1487.0,1472.0
Heinola,10730.0,10837.0,10964.0,11124.0,11172.0,11215.0,11210.0,11272.0,11294.0,11280.0,11285.0,11364.0
Hollola,12886.0,13099.0,13277.0,13417.0,13521.0,13602.0,13711.0,13853.0,14002.0,14070.0,14109.0,14174.0
Iitti,3631.0,3691.0,3738.0,3786.0,3847.0,3857.0,3884.0,3905.0,3906.0,3915.0,3924.0,3936.0
Kärkölä,2339.0,2354.0,2375.0,2406.0,2399.0,2404.0,2424.0,2447.0,2464.0,2457.0,2477.0,2463.0
Lahti,65107.0,66456.0,67739.0,68883.0,69927.0,70283.0,71264.0,72047.0,73444.0,74033.0,74532.0,75052.0
Orimattila,8152.0,8334.0,8445.0,8598.0,8701.0,8811.0,8888.0,8974.0,9069.0,9131.0,9125.0,9166.0
Padasjoki,1546.0,1555.0,1577.0,1588.0,1586.0,1603.0,1607.0,1606.0,1617.0,1607.0,1602.0,1601.0
Sysmä,2009.0,2040.0,2036.0,2058.0,2064.0,2071.0,2076.0,2076.0,2058.0,2042.0,2049.0,2063.0
Hamina,11678.0,11815.0,11892.0,12019.0,12111.0,12073.0,12090.0,12184.0,12288.0,12338.0,12381.0,12414.0
Kotka,31202.0,31527.0,31803.0,32147.0,32265.0,32395.0,32522.0,32692.0,33081.0,32935.0,32937.0,33000.0
Kouvola,48847.0,49160.0,49639.0,50227.0,50581.0,50571.0,50858.0,50915.0,51245.0,51177.0,51224.0,51294.0
Miehikkälä,946.0,969.0,986.0,999.0,1015.0,1020.0,1005.0,1011.0,1018.0,993.0,1016.0,1023.0
Pyhtää,2818.0,2855.0,2921.0,2958.0,2997.0,2992.0,3026.0,3035.0,3057.0,3058.0,3090.0,3130.0
Virolahti,1780.0,1780.0,1787.0,1811.0,1825.0,1818.0,1822.0,1811.0,1830.0,1834.0,1842.0,1838.0
Imatra,15376.0,15589.0,15767.0,15985.0,16179.0,16200.0,16226.0,16250.0,16367.0,16260.0,16153.0,16076.0
Lappeenranta,41171.0,41765.0,42379.0,43191.0,43786.0,44210.0,44657.0,45289.0,46217.0,46748.0,47467.0,47799.0
Lemi,1560.0,1559.0,1597.0,1644.0,1673.0,1662.0,1674.0,1699.0,1721.0,1706.0,1730.0,1738.0
Luumäki,2561.0,2577.0,2572.0,2602.0,2619.0,2626.0,2659.0,2658.0,2678.0,2687.0,2696.0,2695.0
Parikkala,2891.0,2881.0,2900.0,2900.0,2909.0,2885.0,2882.0,2840.0,2816.0,2805.0,2788.0,2760.0
Rautjärvi,1903.0,1890.0,1893.0,1885.0,1910.0,1908.0,1895.0,1902.0,1914.0,1881.0,1866.0,1856.0
Ruokolahti,2869.0,2863.0,2910.0,2945.0,2921.0,2912.0,2936.0,2961.0,2957.0,2958.0,2954.0,2985.0
Savitaipale,1883.0,1890.0,1895.0,1927.0,1945.0,1932.0,1927.0,1951.0,1967.0,1960.0,1944.0,1946.0
Taipalsaari,2732.0,2753.0,2774.0,2801.0,2844.0,2878.0,2911.0,2928.0,2936.0,2940.0,2966.0,3001.0
Enonkoski,800.0,781.0,772.0,792.0,793.0,781.0,793.0,784.0,791.0,781.0,802.0,802.0
Hirvensalmi,1140.0,1124.0,1151.0,1175.0,1196.0,1186.0,1199.0,1218.0,1221.0,1245.0,1268.0,1288.0
Juva,3558.0,3564.0,3555.0,3582.0,3601.0,3604.0,3617.0,3616.0,3613.0,3594.0,3568.0,3587.0
Kangasniemi,2932.0,2963.0,3013.0,3054.0,3064.0,3074.0,3108.0,3117.0,3125.0,3147.0,3170.0,3193.0
Mikkeli,31355.0,31938.0,32356.0,32918.0,33469.0,33780.0,33943.0,34219.0,34365.0,34197.0,34050.0,34123.0
Mäntyharju,3132.0,3185.0,3218.0,3224.0,3247.0,3247.0,3292.0,3320.0,3300.0,3274.0,3253.0,3291.0
Pertunmaa,886.0,904.0,892.0,908.0,924.0,914.0,927.0,911.0,922.0,934.0,927.0,937.0
Pieksämäki,10954.0,10916.0,10957.0,11058.0,11111.0,11083.0,11039.0,11083.0,11068.0,11026.0,10969.0,11032.0
Puumala,1254.0,1245.0,1257.0,1259.0,1290.0,1273.0,1278.0,1300.0,1326.0,1317.0,1337.0,1364.0
Rantasalmi,2100.0,2099.0,2127.0,2130.0,2145.0,2142.0,2125.0,2106.0,2100.0,2070.0,2076.0,2089.0
Savonlinna,20443.0,20670.0,20917.0,21119.0,21267.0,21231.0,21348.0,21330.0,20908.0,20793.0,20820.0,21055.0
Sulkava,1413.0,1403.0,1413.0,1419.0,1430.0,1443.0,1442.0,1428.0,1440.0,1436.0,1462.0,1446.0
Iisalmi,12486.0,12699.0,12870.0,13004.0,13135.0,13143.0,13200.0,13209.0,13293.0,13335.0,13317.0,13360.0
Joroinen,2895.0,2908.0,2941.0,2943.0,2948.0,2978.0,2974.0,2966.0,2942.0,2945.0,2918.0,2904.0
Kaavi,1542.0,1571.0,1571.0,1578.0,1583.0,1580.0,1592.0,1605.0,1628.0,1611.0,1592.0,1600.0
Keitele,1257.0,1293.0,1286.0,1283.0,1299.0,1305.0,1302.0,1284.0,1285.0,1282.0,1287.0,1273.0
Kiuruvesi,4525.0,4545.0,4605.0,4641.0,4675.0,4672.0,4668.0,4718.0,4685.0,4649.0,4622.0,4602.0
Kuopio,67927.0,69131.0,70650.0,72321.0,73948.0,75128.0,76382.0,77517.0,78854.0,79892.0,81111.0,82557.0
Lapinlahti,5201.0,5258.0,5299.0,5398.0,5454.0,5462.0,5508.0,5491.0,5549.0,5563.0,5544.0,5588.0
Leppävirta,5629.0,5655.0,5668.0,5725.0,5735.0,5754.0,5797.0,5841.0,5831.0,5778.0,5824.0,5850.0
Pielavesi,2403.0,2415.0,2421.0,2434.0,2469.0,2473.0,2498.0,2504.0,2481.0,2448.0,2438.0,2461.0
Rautalampi,1737.0,1755.0,1766.0,1805.0,1816.0,1813.0,1798.0,1811.0,1830.0,1810.0,1811.0,1839.0
Rautavaara,812.0,819.0,826.0,828.0,841.0,827.0,845.0,853.0,843.0,832.0,846.0,834.0
Siilinjärvi,12047.0,12392.0,12577.0,12781.0,12935.0,13104.0,13209.0,13256.0,13407.0,13419.0,13442.0,13580.0
Sonkajärvi,2316.0,2306.0,2293.0,2303.0,2287.0,2284.0,2299.0,2284.0,2280.0,2272.0,2286.0,2289.0
Suonenjoki,3991.0,4035.0,4078.0,4108.0,4129.0,4157.0,4172.0,4228.0,4228.0,4236.0,4237.0,4272.0
Tervo,841.0,863.0,885.0,893.0,897.0,897.0,904.0,911.0,910.0,903.0,911.0,915.0
Tuusniemi,1460.0,1463.0,1484.0,1522.0,1524.0,1512.0,1519.0,1522.0,1515.0,1486.0,1475.0,1493.0
Varkaus,12660.0,12722.0,12736.0,12825.0,12931.0,12977.0,13092.0,13032.0,13016.0,12884.0,12851.0,12807.0
Vesanto,1093.0,1097.0,1091.0,1099.0,1110.0,1101.0,1106.0,1103.0,1104.0,1104.0,1098.0,1106.0
Vieremä,2000.0,2023.0,2035.0,2041.0,2069.0,2071.0,2082.0,2120.0,2134.0,2131.0,2135.0,2125.0
Heinävesi,1824.0,1822.0,1831.0,1829.0,1847.0,1826.0,1849.0,1860.0,1836.0,1822.0,1838.0,1847.0
Ilomantsi,2872.0,2904.0,2892.0,2922.0,2927.0,2881.0,2870.0,2870.0,2837.0,2816.0,2802.0,2777.0
Joensuu,44880.0,45720.0,46492.0,47285.0,48266.0,48894.0,49549.0,50223.0,51443.0,52112.0,52421.0,52969.0
Juuka,2653.0,2650.0,2643.0,2646.0,2681.0,2669.0,2687.0,2670.0,2648.0,2628.0,2619.0,2622.0
Kitee,6178.0,6176.0,6196.0,6198.0,6189.0,6158.0,6131.0,6114.0,6158.0,6127.0,6060.0,6058.0
Kontiolahti,7776.0,7997.0,8196.0,8413.0,8614.0,8805.0,8860.0,8962.0,9138.0,9226.0,9335.0,9549.0
Lieksa,6480.0,6488.0,6502.0,6531.0,6530.0,6498.0,6547.0,6535.0,6547.0,6507.0,6488.0,6462.0
Liperi,6799.0,6896.0,7065.0,7186.0,7247.0,7330.0,7378.0,7416.0,7525.0,7550.0,7562.0,7642.0
Nurmes,5474.0,5561.0,5582.0,5601.0,5657.0,5637.0,5625.0,5643.0,5635.0,5627.0,5668.0,5652.0
Outokumpu,4027.0,4080.0,4092.0,4120.0,4080.0,4101.0,4110.0,4102.0,4057.0,4040.0,4016.0,4000.0
Polvijärvi,2422.0,2483.0,2493.0,2533.0,2527.0,2539.0,2565.0,2563.0,2543.0,2535.0,2529.0,2546.0
Rääkkylä,1306.0,1328.0,1320.0,1335.0,1355.0,1320.0,1316.0,1317.0,1317.0,1310.0,1293.0,1295.0
Tohmajärvi,2525.0,2568.0,2566.0,2574.0,2583.0,2588.0,2601.0,2584.0,2592.0,2551.0,2556.0,2559.0
Hankasalmi,2789.0,2806.0,2833.0,2848.0,2861.0,2852.0,2843.0,2804.0,2833.0,2840.0,2829.0,2813.0
Joutsa,2444.0,2451.0,2482.0,2497.0,2493.0,2476.0,2515.0,2508.0,2509.0,2488.0,2490.0,2521.0
Jyväskylä,81075.0,82742.0,84486.0,86172.0,87780.0,89277.0,91080.0,92880.0,94886.0,96376.0,97500.0,98622.0
Jämsä,12164.0,12214.0,12315.0,12438.0,12475.0,12432.0,12450.0,12431.0,12494.0,12417.0,12421.0,12520.0
Kannonkoski,692.0,700.0,721.0,729.0,725.0,723.0,713.0,718.0,707.0,723.0,731.0,746.0
Karstula,2185.0,2215.0,2216.0,2246.0,2251.0,2285.0,2299.0,2305.0,2276.0,2265.0,2245.0,2244.0
Keuruu,5696.0,5726.0,5769.0,5774.0,5779.0,5794.0,5796.0,5853.0,5854.0,5828.0,5824.0,5873.0
Kinnula,765.0,789.0,778.0,789.0,815.0,808.0,808.0,794.0,791.0,798.0,799.0,808.0
Kivijärvi,551.0,546.0,560.0,574.0,580.0,581.0,572.0,562.0,561.0,556.0,578.0,581.0
Konnevesi,1445.0,1461.0,1480.0,1499.0,1497.0,1491.0,1508.0,1534.0,1530.0,1514.0,1522.0,1541.0
Kyyjärvi,656.0,669.0,668.0,664.0,656.0,655.0,659.0,659.0,660.0,655.0,655.0,648.0
Laukaa,9577.0,9798.0,10006.0,10152.0,10317.0,10489.0,10662.0,10753.0,10822.0,10940.0,11057.0,11153.0
Luhanka,345.0,350.0,339.0,349.0,364.0,369.0,379.0,386.0,384.0,389.0,404.0,421.0
Multia,910.0,907.0,919.0,913.0,923.0,912.0,904.0,910.0,901.0,901.0,904.0,885.0
Muurame,5215.0,5358.0,5492.0,5589.0,5704.0,5794.0,5993.0,6160.0,6271.0,6316.0,6413.0,6575.0
Petäjävesi,2053.0,2084.0,2130.0,2172.0,2182.0,2174.0,2205.0,2211.0,2217.0,2238.0,2246.0,2229.0
Pihtipudas,2058.0,2081.0,2101.0,2122.0,2108.0,2130.0,2171.0,2168.0,2168.0,2176.0,2159.0,2178.0
Saarijärvi,5288.0,5302.0,5324.0,5406.0,5449.0,5429.0,5352.0,5405.0,5361.0,5342.0,5357.0,5411.0
Toivakka,1210.0,1260.0,1256.0,1272.0,1301.0,1306.0,1331.0,1316.0,1354.0,1370.0,1398.0,1409.0
Uurainen,1673.0,1724.0,1778.0,1829.0,1856.0,1887.0,1935.0,1964.0,2017.0,1975.0,1985.0,1995.0
Viitasaari,3636.0,3671.0,3665.0,3722.0,3728.0,3708.0,3727.0,3681.0,3652.0,3644.0,3636.0,3650.0
Äänekoski,10407.0,10592.0,10700.0,10750.0,10861.0,10829.0,10808.0,10855.0,10883.0,11008.0,11070.0,11034.0
Alajärvi,5006.0,5004.0,5059.0,5136.0,5170.0,5173.0,5218.0,5261.0,5289.0,5309.0,5285.0,5302.0
Alavus,5986.0,6043.0,6130.0,6207.0,6265.0,6287.0,6314.0,6313.0,6371.0,6393.0,6385.0,6386.0
Evijärvi,1316.0,1320.0,1311.0,1332.0,1341.0,1320.0,1311.0,1326.0,1326.0,1316.0,1316.0,1341.0
Ilmajoki,6309.0,6448.0,6586.0,6736.0,6866.0,6878.0,6983.0,7083.0,7169.0,7292.0,7422.0,7530.0
Isojoki,1015.0,1026.0,1021.0,1039.0,1045.0,1025.0,1025.0,1028.0,1038.0,1046.0,1045.0,1053.0
Isokyrö,2617.0,2637.0,2645.0,2674.0,2707.0,2699.0,2687.0,2701.0,2694.0,2665.0,2689.0,2708.0
Karijoki,694.0,712.0,727.0,720.0,710.0,708.0,716.0,720.0,700.0,687.0,675.0,680.0
Kauhajoki,7301.0,7339.0,7412.0,7500.0,7545.0,7536.0,7639.0,7654.0,7623.0,7610.0,7616.0,7626.0
Kauhava,8705.0,8829.0,8910.0,8960.0,9012.0,9012.0,9054.0,9036.0,9055.0,9003.0,9014.0,8978.0
Kuortane,1947.0,1953.0,1953.0,1973.0,1945.0,1968.0,1977.0,1984.0,1983.0,2016.0,2036.0,2076.0
Kurikka,11726.0,11822.0,11961.0,12064.0,12145.0,12083.0,12105.0,12151.0,12165.0,12123.0,12159.0,12159.0
Lappajärvi,1823.0,1866.0,1846.0,1851.0,1851.0,1849.0,1847.0,1821.0,1802.0,1786.0,1769.0,1747.0
Lapua,7576.0,7744.0,7886.0,8036.0,8167.0,8151.0,8226.0,8285.0,8350.0,8367.0,8446.0,8528.0
Seinäjoki,33780.0,34733.0,35619.0,36556.0,37318.0,37962.0,38675.0,39504.0,40357.0,41045.0,41585.0,42290.0
Soini,1050.0,1056.0,1052.0,1050.0,1069.0,1067.0,1064.0,1046.0,1053.0,1050.0,1058.0,1066.0
Teuva,2971.0,2980.0,2983.0,2941.0,2926.0,2909.0,2898.0,2915.0,2879.0,2862.0,2867.0,2886.0
Vimpeli,1656.0,1674.0,1675.0,1699.0,1698.0,1693.0,1693.0,1691.0,1679.0,1651.0,1651.0,1660.0
Ähtäri,3473.0,3499.0,3501.0,3501.0,3511.0,3492.0,3466.0,3447.0,3402.0,3372.0,3390.0,3394.0
Kaskinen,759.0,760.0,757.0,763.0,770.0,734.0,748.0,753.0,758.0,745.0,746.0,741.0
Korsnäs,1127.0,1139.0,1152.0,1176.0,1197.0,1198.0,1203.0,1206.0,1228.0,1226.0,1234.0,1234.0
Kristiinankaupunki,3474.0,3492.0,3545.0,3600.0,3634.0,3640.0,3633.0,3655.0,3727.0,3724.0,3697.0,3700.0
Kruunupyy,3229.0,3255.0,3335.0,3384.0,3442.0,3485.0,3497.0,3528.0,3579.0,3588.0,3615.0,3661.0
Laihia,4117.0,4196.0,4297.0,4338.0,4414.0,4481.0,4553.0,4561.0,4630.0,4629.0,4674.0,4713.0
Luoto,2121.0,2213.0,2276.0,2385.0,2447.0,2458.0,2506.0,2586.0,2684.0,2738.0,2818.0,2899.0
Maalahti,2962.0,3004.0,3017.0,3077.0,3106.0,3114.0,3168.0,3212.0,3274.0,3313.0,3354.0,3410.0
Mustasaari,10669.0,10929.0,11134.0,11284.0,11440.0,11590.0,11688.0,11824.0,11981.0,12089.0,12162.0,12363.0
Närpiö,4662.0,4671.0,4729.0,4769.0,4804.0,4814.0,4807.0,4894.0,5049.0,5097.0,5101.0,5137.0
Pedersören kunta,5234.0,5342.0,5422.0,5514.0,5644.0,5776.0,5802.0,5925.0,5937.0,6053.0,6148.0,6241.0
Pietarsaari,10038.0,10099.0,10277.0,10438.0,10568.0,10608.0,10682.0,10842.0,11033.0,11079.0,11106.0,11203.0
Uusikaarlepyy,3762.0,3830.0,3846.0,3883.0,3955.0,3977.0,3994.0,4061.0,4118.0,4148.0,4180.0,4223.0
Vaasa,37840.0,38754.0,39576.0,40517.0,41411.0,42117.0,42472.0,42690.0,43588.0,44023.0,44453.0,44785.0
Vöyri,3413.0,3474.0,3494.0,3580.0,3609.0,3629.0,3644.0,3690.0,3737.0,3713.0,3707.0,3726.0
Halsua,578.0,580.0,581.0,581.0,579.0,591.0,590.0,581.0,597.0,593.0,583.0,572.0
Kannus,2835.0,2874.0,2932.0,2948.0,2960.0,2985.0,3020.0,3037.0,3072.0,3075.0,3104.0,3116.0
Kaustinen,2167.0,2147.0,2192.0,2209.0,2250.0,2279.0,2295.0,2354.0,2361.0,2377.0,2389.0,2410.0
Kokkola,24606.0,25130.0,25606.0,26103.0,26650.0,27048.0,27368.0,27720.0,28100.0,28385.0,28760.0,29102.0
Lestijärvi,388.0,400.0,398.0,403.0,414.0,404.0,415.0,406.0,395.0,403.0,408.0,410.0
Perho,1181.0,1179.0,1200.0,1205.0,1229.0,1266.0,1263.0,1283.0,1281.0,1268.0,1248.0,1252.0
Toholampi,1674.0,1687.0,1673.0,1663.0,1673.0,1642.0,1616.0,1625.0,1612.0,1593.0,1584.0,1595.0
Veteli,1790.0,1779.0,1775.0,1785.0,1818.0,1815.0,1817.0,1811.0,1812.0,1796.0,1789.0,1780.0
Alavieska,1320.0,1346.0,1379.0,1397.0,1391.0,1402.0,1412.0,1405.0,1411.0,1396.0,1408.0,1416.0
Haapajärvi,3559.0,3578.0,3659.0,3690.0,3740.0,3773.0,3771.0,3818.0,3826.0,3827.0,3828.0,3819.0
Haapavesi,3679.0,3719.0,3716.0,3729.0,3762.0,3781.0,3775.0,3782.0,3773.0,3774.0,3736.0,3765.0
Hailuoto,598.0,602.0,608.0,615.0,624.0,634.0,630.0,630.0,637.0,629.0,643.0,657.0
Ii,4636.0,4741.0,4852.0,4928.0,5029.0,5066.0,5124.0,5378.0,5420.0,5458.0,5515.0,5663.0
Kalajoki,6420.0,6513.0,6593.0,6709.0,6833.0,6896.0,6968.0,7016.0,7074.0,7117.0,7205.0,7287.0
Kempele,8727.0,8969.0,9140.0,9364.0,9604.0,9793.0,10040.0,10342.0,10654.0,10985.0,11338.0,11627.0
Kuusamo,8956.0,9015.0,9071.0,9098.0,9177.0,9230.0,9261.0,9276.0,9329.0,9402.0,9496.0,9584.0
Kärsämäki,1322.0,1323.0,1316.0,1328.0,1336.0,1334.0,1336.0,1346.0,1360.0,1359.0,1360.0,1387.0
Liminka,4301.0,4400.0,4555.0,4654.0,4784.0,4894.0,4967.0,5091.0,5166.0,5248.0,5318.0,5419.0
Lumijoki,886.0,908.0,919.0,951.0,961.0,972.0,1001.0,1015.0,1004.0,996.0,1017.0,1045.0
Merijärvi,502.0,509.0,514.0,510.0,521.0,514.0,517.0,524.0,527.0,519.0,512.0,522.0
Muhos,4513.0,4589.0,4677.0,4747.0,4818.0,4878.0,4911.0,4997.0,5060.0,5073.0,5089.0,5136.0
Nivala,5384.0,5483.0,5496.0,5572.0,5634.0,5656.0,5723.0,5765.0,5804.0,5829.0,5814.0,5833.0
Oulainen,4028.0,4106.0,4118.0,4147.0,4202.0,4184.0,4178.0,4203.0,4248.0,4219.0,4208.0,4228.0
Oulu,111205.0,113764.0,116491.0,119321.0,122018.0,124225.0,126464.0,128660.0,131909.0,134432.0,136713.0,139104.0
Pudasjärvi,4076.0,4093.0,4140.0,4202.0,4226.0,4220.0,4241.0,4282.0,4273.0,4279.0,4321.0,4347.0
Pyhäjoki,1754.0,1766.0,1780.0,1834.0,1821.0,1799.0,1794.0,1822.0,1832.0,1806.0,1798.0,1784.0
Pyhäjärvi,2904.0,2916.0,2937.0,2964.0,2931.0,2920.0,2928.0,2918.0,2906.0,2893.0,2880.0,2856.0
Pyhäntä,747.0,747.0,752.0,754.0,780.0,801.0,814.0,832.0,815.0,829.0,837.0,842.0
Raahe,13730.0,13837.0,13947.0,14033.0,14130.0,14113.0,14119.0,14233.0,14339.0,14415.0,14419.0,14519.0
Reisjärvi,1341.0,1380.0,1371.0,1386.0,1401.0,1402.0,1405.0,1399.0,1392.0,1402.0,1415.0,1419.0
Sievi,2286.0,2297.0,2331.0,2328.0,2370.0,2375.0,2397.0,2430.0,2456.0,2450.0,2472.0,2469.0
Siikajoki,2725.0,2749.0,2766.0,2794.0,2807.0,2808.0,2808.0,2815.0,2839.0,2807.0,2791.0,2813.0
Siikalatva,2993.0,2988.0,3003.0,2988.0,3029.0,3010.0,3011.0,2988.0,2962.0,2970.0,2991.0,2992.0
Taivalkoski,2213.0,2221.0,2211.0,2245.0,2275.0,2286.0,2309.0,2310.0,2315.0,2333.0,2314.0,2345.0
Tyrnävä,2922.0,2967.0,3049.0,3089.0,3184.0,3216.0,3261.0,3282.0,3326.0,3316.0,3351.0,3414.0
Utajärvi,1432.0,1459.0,1495.0,1515.0,1507.0,1506.0,1496.0,1504.0,1503.0,1509.0,1515.0,1505.0
Vaala,1674.0,1697.0,1688.0,1685.0,1707.0,1691.0,1701.0,1697.0,1682.0,1659.0,1665.0,1667.0
Ylivieska,7725.0,7939.0,8160.0,8347.0,8522.0,8652.0,8766.0,8826.0,8871.0,8945.0,8994.0,9133.0
Hyrynsalmi,1334.0,1337.0,1330.0,1351.0,1343.0,1329.0,1334.0,1313.0,1301.0,1303.0,1297.0,1271.0
Kajaani,22037.0,22280.0,22521.0,22832.0,23085.0,23238.0,23467.0,23600.0,23816.0,23840.0,23945.0,23852.0
Kuhmo,5059.0,5055.0,5101.0,5104.0,5103.0,5097.0,5060.0,5065.0,5060.0,5038.0,5040.0,5025.0
Paltamo,1937.0,1924.0,1908.0,1892.0,1908.0,1898.0,1922.0,1944.0,1928.0,1921.0,1939.0,1944.0
Puolanka,1443.0,1435.0,1444.0,1461.0,1460.0,1455.0,1461.0,1462.0,1483.0,1468.0,1464.0,1469.0
Ristijärvi,768.0,776.0,777.0,785.0,795.0,781.0,803.0,797.0,786.0,799.0,784.0,786.0
Sotkamo,5826.0,5947.0,6045.0,6071.0,6135.0,6194.0,6232.0,6297.0,6391.0,6458.0,6516.0,6604.0
Suomussalmi,4870.0,4851.0,4870.0,4869.0,4849.0,4820.0,4813.0,4821.0,4775.0,4713.0,4714.0,4750.0
Enontekiö,1027.0,1049.0,1075.0,1101.0,1120.0,1102.0,1121.0,1145.0,1160.0,1157.0,1151.0,1148.0
Inari,3745.0,3808.0,3855.0,3962.0,4049.0,4065.0,4112.0,4219.0,4334.0,4379.0,4407.0,4567.0
Kemi,12643.0,12697.0,12696.0,12769.0,12754.0,12787.0,12788.0,12795.0,12805.0,12751.0,12664.0,12514.0
Kemijärvi,4547.0,4587.0,4568.0,4595.0,4613.0,4625.0,4645.0,4647.0,4644.0,4633.0,4636.0,4637.0
Keminmaa,4840.0,4904.0,4970.0,5020.0,5047.0,5048.0,5092.0,5156.0,5143.0,5163.0,5136.0,5138.0
Kittilä,3430.0,3535.0,3672.0,3776.0,3839.0,3851.0,3878.0,3996.0,4077.0,4090.0,4123.0,4239.0
Kolari,2167.0,2179.0,2231.0,2280.0,2271.0,2285.0,2303.0,2347.0,2367.0,2408.0,2469.0,2523.0
Muonio,1317.0,1312.0,1338.0,1350.0,1382.0,1380.0,1393.0,1409.0,1414.0,1435.0,1454.0,1487.0
Pelkosenniemi,577.0,572.0,574.0,589.0,594.0,607.0,606.0,611.0,626.0,618.0,624.0,625.0
Pello,2081.0,2081.0,2079.0,2085.0,2092.0,2082.0,2074.0,2087.0,2084.0,2070.0,2045.0,2077.0
Posio,1923.0,1919.0,1933.0,1910.0,1912.0,1891.0,1886.0,1894.0,1880.0,1872.0,1858.0,1881.0
Ranua,1935.0,1929.0,1957.0,1967.0,1978.0,1952.0,2004.0,2016.0,2027.0,2009.0,2008.0,1991.0
Rovaniemi,35869.0,36602.0,37164.0,37903.0,38568.0,39160.0,39825.0,40472.0,41415.0,41811.0,42403.0,43034.0
Salla,2069.0,2043.0,2045.0,2058.0,2039.0,2052.0,2068.0,2070.0,2066.0,2054.0,2113.0,2161.0
Savukoski,637.0,632.0,625.0,633.0,636.0,618.0,618.0,609.0,621.0,625.0,637.0,647.0
Simo,1765.0,1775.0,1775.0,1789.0,1786.0,1778.0,1765.0,1765.0,1762.0,1770.0,1782.0,1786.0
Sodankylä,4792.0,4911.0,5035.0,5178.0,5236.0,5232.0,5230.0,5318.0,5340.0,5295.0,5331.0,5345.0
Tervola,1731.0,1732.0,1743.0,1768.0,1768.0,1759.0,1741.0,1762.0,1793.0,1789.0,1771.0,1762.0
Tornio,12322.0,12510.0,12652.0,12751.0,12860.0,12903.0,12951.0,13160.0,13311.0,13299.0,13320.0,13315.0
Utsjoki,671.0,677.0,688.0,694.0,697.0,698.0,699.0,695.0,710.0,711.0,733.0,716.0
Ylitornio,2351.0,2389.0,2398.0,2416.0,2393.0,2406.0,2383.0,2389.0,2371.0,2333.0,2374.0,2364.0
Brändö,240.0,253.0,255.0,261.0,270.0,260.0,260.0,260.0,264.0,267.0,268.0,265.0
Eckerö,426.0,445.0,437.0,443.0,439.0,441.0,448.0,526.0,538.0,543.0,546.0,533.0
Finström,1140.0,1147.0,1170.0,1199.0,1225.0,1220.0,1251.0,1324.0,1353.0,1345.0,1374.0,1402.0
Föglö,247.0,249.0,250.0,252.0,250.0,246.0,250.0,262.0,264.0,259.0,260.0,253.0
Geta,201.0,208.0,209.0,220.0,228.0,226.0,230.0,251.0,260.0,254.0,260.0,259.0
Hammarland,689.0,710.0,717.0,721.0,719.0,736.0,727.0,789.0,830.0,833.0,847.0,872.0
Jomala,2009.0,2096.0,2191.0,2274.0,2359.0,2416.0,2437.0,2670.0,2817.0,2928.0,3061.0,3155.0
Kumlinge,159.0,161.0,165.0,167.0,168.0,161.0,160.0,170.0,176.0,179.0,174.0,178.0
Kökar,119.0,111.0,110.0,116.0,116.0,119.0,122.0,141.0,144.0,146.0,148.0,147.0
Lemland,928.0,961.0,978.0,1011.0,1036.0,1075.0,1083.0,1182.0,1186.0,1189.0,1241.0,1252.0
Lumparland,193.0,203.0,200.0,204.0,203.0,204.0,202.0,222.0,218.0,213.0,217.0,219.0
Maarianhamina,6061.0,6206.0,6322.0,6453.0,6532.0,6493.0,6571.0,7032.0,7159.0,7078.0,7110.0,7095.0
Saltvik,846.0,872.0,881.0,900.0,913.0,921.0,920.0,991.0,1004.0,1015.0,1000.0,991.0
Sottunga,59.0,56.0,56.0,58.0,60.0,60.0,61.0,59.0,60.0,61.0,63.0,57.0
Sund,459.0,457.0,477.0,492.0,508.0,508.0,513.0,564.0,564.0,569.0,562.0,570.0
Vårdö,224.0,225.0,214.0,224.0,227.0,232.0,224.0,242.0,249.0,248.0,252.0,253.0
