City,2010_miehet_he,2011_miehet_he,2012_miehet_he,2013_miehet_he,2014_miehet_he,2015_miehet_he,2016_miehet_he,2017_miehet_he,2018_miehet_he,2019_miehet_he,2020_miehet_he,2021_miehet_he
Askola,2455.0,2482.0,2505.0,2518.0,2549.0,2565.0,2530.0,2519.0,2519.0,2496.0,2486.0,2453.0
Espoo,122287.0,124542.0,126856.0,128937.0,131429.0,133648.0,136237.0,138553.0,141016.0,144163.0,145892.0,147968.0
Hanko,4785.0,4760.0,4679.0,4592.0,4546.0,4425.0,4331.0,4257.0,4187.0,4118.0,4036.0,4016.0
Helsinki,276361.0,280064.0,284562.0,288957.0,293113.0,297151.0,301010.0,305237.0,307633.0,310702.0,312196.0,313429.0
Hyvinkää,22232.0,22219.0,22236.0,22505.0,22643.0,22643.0,22795.0,22886.0,22752.0,22710.0,22760.0,22896.0
Inkoo,2735.0,2732.0,2727.0,2732.0,2746.0,2743.0,2798.0,2746.0,2695.0,2677.0,2634.0,2660.0
Järvenpää,18826.0,18963.0,19302.0,19492.0,19730.0,19953.0,20258.0,20719.0,21177.0,21360.0,21633.0,21970.0
Karkkila,4540.0,4541.0,4502.0,4483.0,4428.0,4407.0,4397.0,4404.0,4347.0,4322.0,4302.0,4329.0
Kauniainen,4217.0,4256.0,4332.0,4417.0,4539.0,4610.0,4571.0,4654.0,4627.0,4720.0,4929.0,5024.0
Kerava,16730.0,16847.0,16820.0,17017.0,17260.0,17304.0,17395.0,17433.0,17825.0,18103.0,18252.0,18392.0
Kirkkonummi,18426.0,18548.0,18711.0,18882.0,19024.0,19255.0,19474.0,19542.0,19572.0,19747.0,19979.0,20155.0
Lapinjärvi,1426.0,1417.0,1407.0,1403.0,1393.0,1392.0,1371.0,1352.0,1333.0,1308.0,1323.0,1313.0
Lohja,23411.0,23421.0,23461.0,23519.0,23442.0,23363.0,23251.0,23089.0,22850.0,22707.0,22675.0,22697.0
Loviisa,7769.0,7758.0,7751.0,7735.0,7729.0,7650.0,7601.0,7534.0,7476.0,7447.0,7432.0,7362.0
Myrskylä,1004.0,1005.0,994.0,989.0,984.0,970.0,976.0,956.0,938.0,910.0,906.0,883.0
Mäntsälä,9840.0,9948.0,10124.0,10149.0,10204.0,10259.0,10374.0,10340.0,10262.0,10334.0,10385.0,10449.0
Nurmijärvi,19896.0,20101.0,20281.0,20488.0,20704.0,20905.0,20941.0,21014.0,21314.0,21528.0,21911.0,22234.0
Pornainen,2575.0,2586.0,2590.0,2585.0,2613.0,2598.0,2596.0,2579.0,2567.0,2568.0,2608.0,2618.0
Porvoo,23836.0,23900.0,24045.0,24271.0,24425.0,24505.0,24669.0,24685.0,24686.0,24758.0,24818.0,25082.0
Pukkila,1020.0,1009.0,1026.0,1021.0,1007.0,995.0,1010.0,994.0,968.0,957.0,946.0,951.0
Raasepori,14264.0,14212.0,14170.0,14089.0,14102.0,13954.0,13823.0,13741.0,13597.0,13616.0,13640.0,13581.0
Sipoo,9083.0,9235.0,9359.0,9445.0,9502.0,9695.0,9985.0,10167.0,10367.0,10598.0,10899.0,11134.0
Siuntio,3098.0,3116.0,3138.0,3136.0,3146.0,3147.0,3165.0,3135.0,3129.0,3145.0,3138.0,3161.0
Tuusula,18554.0,18780.0,18924.0,19036.0,19011.0,19174.0,19223.0,19292.0,19333.0,19281.0,19467.0,19906.0
Vantaa,97965.0,99489.0,100808.0,102377.0,103787.0,105765.0,108428.0,110613.0,113444.0,116438.0,118484.0,120079.0
Vihti,14056.0,14195.0,14283.0,14406.0,14437.0,14419.0,14473.0,14531.0,14567.0,14514.0,14525.0,14564.0
Aura,1932.0,1946.0,1953.0,1944.0,1957.0,1951.0,1948.0,1945.0,1934.0,1910.0,1934.0,1952.0
Kaarina,15046.0,15173.0,15346.0,15562.0,15751.0,15958.0,15986.0,16174.0,16339.0,16558.0,16921.0,17301.0
Kemiönsaari,3564.0,3553.0,3531.0,3502.0,3467.0,3470.0,3466.0,3421.0,3387.0,3344.0,3323.0,3310.0
Koski Tl,1212.0,1206.0,1204.0,1198.0,1209.0,1190.0,1207.0,1173.0,1158.0,1148.0,1129.0,1125.0
Kustavi,437.0,443.0,449.0,445.0,460.0,460.0,468.0,489.0,489.0,496.0,504.0,510.0
Laitila,4187.0,4160.0,4198.0,4184.0,4219.0,4219.0,4213.0,4302.0,4339.0,4312.0,4247.0,4246.0
Lieto,9099.0,9308.0,9506.0,9567.0,9570.0,9577.0,9659.0,9728.0,9860.0,9937.0,9998.0,10082.0
Loimaa,8295.0,8257.0,8220.0,8231.0,8198.0,8137.0,8064.0,8007.0,7958.0,7895.0,7862.0,7808.0
Marttila,1025.0,1028.0,1041.0,1051.0,1050.0,1020.0,1026.0,1013.0,1037.0,1034.0,1022.0,1016.0
Masku,4732.0,4811.0,4866.0,4909.0,4936.0,4933.0,4929.0,4916.0,4858.0,4867.0,4874.0,4887.0
Mynämäki,4030.0,4029.0,4018.0,3987.0,3954.0,3917.0,3902.0,3898.0,3860.0,3819.0,3816.0,3813.0
Naantali,9128.0,9182.0,9160.0,9153.0,9149.0,9218.0,9266.0,9316.0,9336.0,9365.0,9420.0,9500.0
Nousiainen,2475.0,2459.0,2460.0,2497.0,2471.0,2468.0,2440.0,2450.0,2421.0,2417.0,2402.0,2423.0
Oripää,700.0,707.0,713.0,710.0,708.0,692.0,685.0,701.0,706.0,688.0,698.0,700.0
Paimio,5145.0,5170.0,5230.0,5239.0,5251.0,5237.0,5288.0,5304.0,5406.0,5409.0,5449.0,5490.0
Parainen,7659.0,7673.0,7691.0,7681.0,7690.0,7656.0,7654.0,7604.0,7576.0,7545.0,7536.0,7548.0
Pyhäranta,1138.0,1129.0,1119.0,1103.0,1087.0,1090.0,1063.0,1065.0,1046.0,1047.0,1036.0,1033.0
Pöytyä,4327.0,4331.0,4378.0,4411.0,4414.0,4372.0,4338.0,4311.0,4257.0,4245.0,4245.0,4224.0
Raisio,11976.0,12018.0,12019.0,12003.0,11927.0,11907.0,11898.0,11888.0,11857.0,11820.0,12006.0,12220.0
Rusko,2894.0,2906.0,2925.0,2956.0,2987.0,3025.0,3042.0,3119.0,3128.0,3173.0,3179.0,3178.0
Salo,27121.0,27182.0,26969.0,26804.0,26679.0,26526.0,26344.0,26064.0,25777.0,25553.0,25451.0,25408.0
Sauvo,1549.0,1541.0,1525.0,1521.0,1501.0,1526.0,1541.0,1531.0,1532.0,1517.0,1519.0,1514.0
Somero,4630.0,4600.0,4573.0,4543.0,4569.0,4499.0,4478.0,4435.0,4390.0,4323.0,4293.0,4268.0
Taivassalo,859.0,856.0,853.0,847.0,833.0,837.0,826.0,850.0,848.0,833.0,850.0,867.0
Turku,83829.0,84479.0,85342.0,86418.0,87324.0,88435.0,89477.0,90557.0,91487.0,92217.0,93111.0,93656.0
Uusikaupunki,7866.0,7799.0,7688.0,7683.0,7792.0,7788.0,7732.0,8029.0,8006.0,7926.0,7856.0,7921.0
Vehmaa,1159.0,1161.0,1145.0,1150.0,1156.0,1132.0,1129.0,1164.0,1150.0,1157.0,1168.0,1149.0
Eura,6226.0,6192.0,6165.0,6150.0,6128.0,6093.0,6010.0,5961.0,5885.0,5865.0,5818.0,5784.0
Eurajoki,4654.0,4642.0,4684.0,4684.0,4689.0,4680.0,4824.0,4946.0,4858.0,4818.0,4843.0,4777.0
Harjavalta,3637.0,3624.0,3622.0,3593.0,3593.0,3566.0,3553.0,3512.0,3428.0,3387.0,3366.0,3340.0
Huittinen,5257.0,5270.0,5278.0,5246.0,5203.0,5183.0,5144.0,5061.0,5009.0,4994.0,4953.0,4896.0
Jämijärvi,1027.0,1004.0,1006.0,994.0,1000.0,984.0,974.0,950.0,921.0,896.0,875.0,877.0
Kankaanpää,6955.0,6920.0,6851.0,6844.0,6786.0,6705.0,6634.0,6574.0,6516.0,6376.0,6301.0,6235.0
Karvia,1374.0,1347.0,1324.0,1314.0,1305.0,1293.0,1288.0,1264.0,1260.0,1223.0,1207.0,1186.0
Kokemäki,3945.0,3883.0,3901.0,3835.0,3808.0,3775.0,3734.0,3674.0,3606.0,3543.0,3525.0,3494.0
Merikarvia,1691.0,1656.0,1633.0,1601.0,1610.0,1581.0,1586.0,1578.0,1553.0,1537.0,1543.0,1539.0
Nakkila,2882.0,2870.0,2842.0,2830.0,2822.0,2810.0,2751.0,2755.0,2703.0,2656.0,2613.0,2574.0
Pomarkku,1247.0,1218.0,1202.0,1182.0,1166.0,1149.0,1141.0,1101.0,1088.0,1060.0,1048.0,1034.0
Pori,41177.0,41212.0,41308.0,41451.0,41490.0,41483.0,41426.0,41232.0,41226.0,41044.0,40889.0,40809.0
Rauma,19573.0,19618.0,19646.0,19741.0,19777.0,19726.0,19673.0,19709.0,19598.0,19508.0,19455.0,19434.0
Siikainen,870.0,873.0,855.0,850.0,842.0,809.0,791.0,783.0,771.0,751.0,734.0,710.0
Säkylä,3746.0,3727.0,3691.0,3617.0,3590.0,3522.0,3474.0,3430.0,3387.0,3329.0,3297.0,3254.0
Ulvila,6744.0,6756.0,6726.0,6635.0,6625.0,6645.0,6616.0,6573.0,6460.0,6370.0,6300.0,6292.0
Forssa,8675.0,8619.0,8554.0,8546.0,8465.0,8428.0,8403.0,8361.0,8285.0,8217.0,8176.0,8094.0
Hattula,4822.0,4827.0,4865.0,4881.0,4909.0,4924.0,4886.0,4874.0,4799.0,4769.0,4750.0,4758.0
Hausjärvi,4466.0,4468.0,4490.0,4466.0,4487.0,4449.0,4386.0,4332.0,4295.0,4218.0,4179.0,4185.0
Humppila,1268.0,1273.0,1276.0,1256.0,1256.0,1230.0,1195.0,1163.0,1132.0,1119.0,1118.0,1114.0
Hämeenlinna,31989.0,32191.0,32395.0,32607.0,32769.0,32823.0,32781.0,32749.0,32710.0,32737.0,32872.0,32962.0
Janakkala,8417.0,8429.0,8442.0,8400.0,8445.0,8466.0,8399.0,8356.0,8312.0,8323.0,8229.0,8291.0
Jokioinen,2822.0,2811.0,2795.0,2760.0,2725.0,2684.0,2648.0,2629.0,2574.0,2537.0,2491.0,2473.0
Loppi,4227.0,4291.0,4287.0,4282.0,4253.0,4203.0,4173.0,4134.0,4060.0,4039.0,4048.0,4030.0
Riihimäki,14096.0,14272.0,14385.0,14460.0,14466.0,14439.0,14408.0,14369.0,14275.0,14288.0,14281.0,14203.0
Tammela,3308.0,3281.0,3268.0,3221.0,3211.0,3148.0,3144.0,3114.0,3080.0,3043.0,3054.0,3039.0
Ypäjä,1270.0,1264.0,1249.0,1241.0,1233.0,1215.0,1200.0,1197.0,1189.0,1183.0,1170.0,1149.0
Akaa,8413.0,8461.0,8489.0,8509.0,8477.0,8490.0,8446.0,8390.0,8331.0,8263.0,8249.0,8281.0
Hämeenkyrö,5254.0,5271.0,5256.0,5287.0,5316.0,5339.0,5351.0,5324.0,5284.0,5208.0,5192.0,5178.0
Ikaalinen,3654.0,3651.0,3617.0,3595.0,3624.0,3574.0,3550.0,3555.0,3507.0,3472.0,3472.0,3470.0
Juupajoki,1066.0,1045.0,1034.0,1050.0,1051.0,1017.0,1003.0,978.0,966.0,951.0,940.0,938.0
Kangasala,14698.0,14791.0,14940.0,15046.0,15133.0,15225.0,15501.0,15615.0,15726.0,15824.0,15992.0,16107.0
Kihniö,1136.0,1104.0,1093.0,1072.0,1061.0,1042.0,1018.0,1005.0,979.0,952.0,933.0,918.0
Kuhmoinen,1257.0,1236.0,1201.0,1191.0,1162.0,1143.0,1132.0,1122.0,1114.0,1098.0,1075.0,1074.0
Lempäälä,10221.0,10416.0,10686.0,10892.0,11073.0,11213.0,11328.0,11358.0,11503.0,11626.0,11813.0,11990.0
Mänttä-Vilppula,5596.0,5560.0,5461.0,5342.0,5246.0,5205.0,5138.0,5052.0,4947.0,4882.0,4802.0,4755.0
Nokia,15607.0,15826.0,15973.0,16186.0,16284.0,16445.0,16461.0,16512.0,16626.0,16849.0,17097.0,17282.0
Orivesi,4714.0,4716.0,4704.0,4722.0,4712.0,4626.0,4591.0,4579.0,4557.0,4519.0,4451.0,4431.0
Parkano,3527.0,3546.0,3516.0,3461.0,3454.0,3434.0,3407.0,3338.0,3300.0,3268.0,3241.0,3202.0
Pirkkala,8549.0,8801.0,8945.0,9084.0,9224.0,9349.0,9458.0,9530.0,9594.0,9751.0,9851.0,10037.0
Punkalaidun,1672.0,1652.0,1632.0,1623.0,1592.0,1566.0,1559.0,1522.0,1487.0,1452.0,1433.0,1401.0
Pälkäne,3452.0,3415.0,3402.0,3399.0,3368.0,3337.0,3315.0,3287.0,3260.0,3231.0,3211.0,3241.0
Ruovesi,2550.0,2504.0,2482.0,2435.0,2387.0,2347.0,2315.0,2245.0,2192.0,2129.0,2084.0,2074.0
Sastamala,12720.0,12729.0,12735.0,12630.0,12559.0,12494.0,12406.0,12298.0,12246.0,12122.0,11992.0,12022.0
Tampere,102945.0,103947.0,105123.0,106724.0,107951.0,109047.0,110686.0,112471.0,114154.0,115535.0,116774.0,118584.0
Urjala,2655.0,2618.0,2577.0,2534.0,2476.0,2449.0,2416.0,2414.0,2407.0,2358.0,2335.0,2347.0
Valkeakoski,10228.0,10296.0,10416.0,10406.0,10420.0,10496.0,10528.0,10456.0,10445.0,10338.0,10274.0,10278.0
Vesilahti,2244.0,2255.0,2283.0,2297.0,2299.0,2297.0,2286.0,2294.0,2261.0,2244.0,2261.0,2311.0
Virrat,3730.0,3701.0,3666.0,3614.0,3559.0,3500.0,3444.0,3428.0,3383.0,3268.0,3273.0,3239.0
Ylöjärvi,15301.0,15495.0,15780.0,15949.0,16162.0,16389.0,16374.0,16446.0,16512.0,16706.0,16776.0,16803.0
Asikkala,4224.0,4217.0,4200.0,4168.0,4155.0,4129.0,4156.0,4110.0,4071.0,4022.0,4013.0,3958.0
Hartola,1676.0,1647.0,1601.0,1537.0,1521.0,1482.0,1462.0,1444.0,1399.0,1343.0,1323.0,1296.0
Heinola,9835.0,9773.0,9747.0,9739.0,9589.0,9489.0,9401.0,9274.0,9142.0,9082.0,9025.0,8934.0
Hollola,11873.0,11884.0,11892.0,11853.0,11830.0,11760.0,11716.0,11705.0,11587.0,11475.0,11415.0,11346.0
Iitti,3451.0,3462.0,3424.0,3451.0,3455.0,3439.0,3432.0,3411.0,3379.0,3346.0,3328.0,3281.0
Kärkölä,2468.0,2428.0,2411.0,2399.0,2347.0,2335.0,2312.0,2289.0,2254.0,2214.0,2200.0,2161.0
Lahti,55705.0,56155.0,56503.0,56699.0,56831.0,56973.0,57499.0,57676.0,57989.0,57948.0,58042.0,58098.0
Orimattila,8083.0,8101.0,8066.0,8091.0,8081.0,8112.0,8103.0,8116.0,8050.0,8003.0,7927.0,7932.0
Padasjoki,1721.0,1696.0,1671.0,1640.0,1605.0,1572.0,1536.0,1523.0,1480.0,1461.0,1433.0,1414.0
Sysmä,2095.0,2069.0,2045.0,2031.0,2008.0,1992.0,1939.0,1897.0,1835.0,1799.0,1796.0,1757.0
Hamina,10586.0,10574.0,10503.0,10492.0,10420.0,10322.0,10241.0,10172.0,10075.0,10017.0,9907.0,9823.0
Kotka,26984.0,27006.0,27045.0,26994.0,26858.0,26818.0,26771.0,26425.0,26157.0,25747.0,25539.0,25298.0
Kouvola,43144.0,42928.0,42798.0,42596.0,42384.0,42121.0,41845.0,41364.0,40925.0,40385.0,39992.0,39687.0
Miehikkälä,1138.0,1121.0,1124.0,1095.0,1071.0,1049.0,1018.0,995.0,981.0,937.0,948.0,952.0
Pyhtää,2654.0,2679.0,2663.0,2676.0,2677.0,2662.0,2658.0,2618.0,2578.0,2560.0,2562.0,2563.0
Virolahti,1777.0,1760.0,1781.0,1743.0,1730.0,1706.0,1663.0,1644.0,1621.0,1576.0,1572.0,1544.0
Imatra,13896.0,13891.0,13785.0,13728.0,13634.0,13526.0,13406.0,13305.0,13153.0,12990.0,12797.0,12604.0
Lappeenranta,35564.0,35625.0,35776.0,35877.0,35977.0,36079.0,36159.0,36168.0,36087.0,36118.0,36154.0,36179.0
Lemi,1630.0,1624.0,1611.0,1659.0,1646.0,1615.0,1613.0,1608.0,1585.0,1553.0,1537.0,1516.0
Luumäki,2591.0,2571.0,2529.0,2524.0,2519.0,2470.0,2432.0,2385.0,2341.0,2333.0,2292.0,2265.0
Parikkala,2889.0,2843.0,2806.0,2767.0,2709.0,2637.0,2576.0,2505.0,2448.0,2389.0,2345.0,2298.0
Rautjärvi,1985.0,1930.0,1900.0,1858.0,1836.0,1778.0,1731.0,1730.0,1687.0,1646.0,1603.0,1565.0
Ruokolahti,2843.0,2783.0,2770.0,2737.0,2683.0,2637.0,2601.0,2578.0,2516.0,2477.0,2441.0,2439.0
Savitaipale,1942.0,1902.0,1873.0,1865.0,1829.0,1798.0,1766.0,1726.0,1711.0,1698.0,1667.0,1637.0
Taipalsaari,2509.0,2469.0,2457.0,2451.0,2446.0,2454.0,2459.0,2432.0,2404.0,2377.0,2351.0,2342.0
Enonkoski,812.0,791.0,780.0,773.0,771.0,764.0,743.0,731.0,722.0,705.0,706.0,708.0
Hirvensalmi,1233.0,1204.0,1194.0,1180.0,1173.0,1158.0,1148.0,1137.0,1111.0,1113.0,1118.0,1110.0
Juva,3500.0,3461.0,3413.0,3358.0,3309.0,3270.0,3216.0,3163.0,3118.0,3080.0,2985.0,2978.0
Kangasniemi,3016.0,2949.0,2939.0,2932.0,2866.0,2841.0,2822.0,2806.0,2752.0,2715.0,2678.0,2637.0
Mikkeli,26552.0,26603.0,26547.0,26630.0,26606.0,26664.0,26614.0,26507.0,26323.0,25966.0,25737.0,25492.0
Mäntyharju,3184.0,3159.0,3151.0,3109.0,3092.0,3053.0,3011.0,3006.0,2935.0,2878.0,2834.0,2823.0
Pertunmaa,984.0,983.0,955.0,942.0,943.0,919.0,917.0,893.0,879.0,861.0,848.0,849.0
Pieksämäki,9691.0,9636.0,9509.0,9466.0,9361.0,9225.0,9052.0,8949.0,8793.0,8690.0,8564.0,8533.0
Puumala,1262.0,1229.0,1207.0,1183.0,1171.0,1146.0,1140.0,1124.0,1109.0,1093.0,1090.0,1076.0
Rantasalmi,2010.0,1999.0,1962.0,1932.0,1911.0,1890.0,1833.0,1805.0,1777.0,1745.0,1717.0,1694.0
Savonlinna,17946.0,17865.0,17765.0,17569.0,17468.0,17267.0,17164.0,16819.0,16442.0,16149.0,16016.0,15930.0
Sulkava,1471.0,1447.0,1425.0,1393.0,1390.0,1362.0,1337.0,1300.0,1277.0,1258.0,1248.0,1214.0
Iisalmi,10827.0,10848.0,10839.0,10886.0,10859.0,10786.0,10706.0,10654.0,10626.0,10588.0,10465.0,10451.0
Joroinen,2700.0,2683.0,2642.0,2612.0,2613.0,2590.0,2562.0,2509.0,2455.0,2431.0,2399.0,2360.0
Kaavi,1685.0,1702.0,1662.0,1627.0,1611.0,1606.0,1582.0,1537.0,1515.0,1457.0,1419.0,1409.0
Keitele,1306.0,1305.0,1281.0,1252.0,1229.0,1216.0,1197.0,1181.0,1134.0,1122.0,1100.0,1062.0
Kiuruvesi,4575.0,4521.0,4484.0,4424.0,4373.0,4319.0,4258.0,4181.0,4105.0,4038.0,3981.0,3935.0
Kuopio,54369.0,54778.0,55344.0,55870.0,56502.0,56916.0,57319.0,57605.0,57798.0,58046.0,58507.0,59104.0
Lapinlahti,5219.0,5229.0,5198.0,5140.0,5093.0,5036.0,4992.0,4895.0,4864.0,4791.0,4730.0,4684.0
Leppävirta,5315.0,5257.0,5194.0,5144.0,5074.0,5039.0,4980.0,4943.0,4893.0,4789.0,4753.0,4679.0
Pielavesi,2590.0,2554.0,2522.0,2464.0,2460.0,2453.0,2433.0,2388.0,2338.0,2271.0,2238.0,2205.0
Rautalampi,1748.0,1756.0,1728.0,1708.0,1672.0,1653.0,1654.0,1640.0,1601.0,1567.0,1535.0,1527.0
Rautavaara,1024.0,999.0,978.0,970.0,960.0,949.0,948.0,925.0,894.0,866.0,835.0,811.0
Siilinjärvi,10515.0,10667.0,10718.0,10799.0,10833.0,10874.0,10866.0,10744.0,10740.0,10616.0,10513.0,10510.0
Sonkajärvi,2431.0,2407.0,2350.0,2320.0,2266.0,2243.0,2192.0,2124.0,2081.0,2039.0,2016.0,1976.0
Suonenjoki,3764.0,3765.0,3723.0,3705.0,3702.0,3682.0,3650.0,3620.0,3574.0,3538.0,3459.0,3454.0
Tervo,893.0,875.0,879.0,865.0,846.0,837.0,840.0,827.0,813.0,782.0,767.0,755.0
Tuusniemi,1474.0,1440.0,1438.0,1428.0,1392.0,1391.0,1346.0,1326.0,1290.0,1264.0,1234.0,1233.0
Varkaus,11305.0,11210.0,11069.0,10951.0,10823.0,10724.0,10617.0,10474.0,10328.0,10164.0,10041.0,9894.0
Vesanto,1223.0,1211.0,1185.0,1161.0,1131.0,1103.0,1091.0,1073.0,1057.0,1034.0,1015.0,1005.0
Vieremä,2041.0,2027.0,2009.0,1981.0,1949.0,1927.0,1904.0,1892.0,1884.0,1848.0,1809.0,1795.0
Heinävesi,2004.0,1965.0,1937.0,1897.0,1876.0,1847.0,1818.0,1781.0,1705.0,1673.0,1637.0,1624.0
Ilomantsi,2946.0,2928.0,2882.0,2835.0,2785.0,2701.0,2673.0,2607.0,2537.0,2465.0,2419.0,2361.0
Joensuu,35547.0,35767.0,36016.0,36155.0,36508.0,36782.0,36974.0,37071.0,37217.0,37338.0,37354.0,37489.0
Juuka,2863.0,2793.0,2734.0,2671.0,2626.0,2563.0,2544.0,2477.0,2405.0,2354.0,2327.0,2293.0
Kitee,5831.0,5750.0,5646.0,5571.0,5462.0,5375.0,5319.0,5219.0,5175.0,5076.0,4978.0,4948.0
Kontiolahti,6978.0,7107.0,7217.0,7314.0,7439.0,7498.0,7495.0,7489.0,7539.0,7550.0,7564.0,7672.0
Lieksa,6445.0,6404.0,6322.0,6271.0,6184.0,6004.0,5918.0,5778.0,5701.0,5596.0,5508.0,5423.0
Liperi,6182.0,6208.0,6257.0,6264.0,6236.0,6230.0,6201.0,6139.0,6176.0,6132.0,6089.0,6081.0
Nurmes,5533.0,5450.0,5420.0,5344.0,5278.0,5208.0,5083.0,5021.0,4913.0,4808.0,4793.0,4759.0
Outokumpu,3714.0,3683.0,3644.0,3603.0,3557.0,3548.0,3546.0,3494.0,3402.0,3335.0,3277.0,3270.0
Polvijärvi,2470.0,2457.0,2421.0,2383.0,2351.0,2328.0,2301.0,2262.0,2199.0,2166.0,2143.0,2125.0
Rääkkylä,1332.0,1328.0,1305.0,1291.0,1277.0,1221.0,1180.0,1166.0,1134.0,1110.0,1083.0,1065.0
Tohmajärvi,2575.0,2570.0,2520.0,2515.0,2475.0,2456.0,2428.0,2410.0,2353.0,2299.0,2259.0,2208.0
Hankasalmi,2746.0,2722.0,2715.0,2694.0,2640.0,2613.0,2579.0,2499.0,2479.0,2456.0,2402.0,2349.0
Joutsa,2559.0,2528.0,2484.0,2462.0,2440.0,2384.0,2404.0,2338.0,2281.0,2235.0,2209.0,2189.0
Jyväskylä,63691.0,64332.0,65109.0,65806.0,66345.0,67215.0,68245.0,68982.0,69541.0,70066.0,70660.0,71204.0
Jämsä,11322.0,11211.0,11157.0,11060.0,10896.0,10770.0,10605.0,10420.0,10285.0,10105.0,9981.0,9935.0
Kannonkoski,808.0,788.0,795.0,775.0,756.0,748.0,726.0,711.0,686.0,686.0,677.0,685.0
Karstula,2260.0,2246.0,2191.0,2157.0,2127.0,2106.0,2090.0,2062.0,2006.0,1976.0,1913.0,1874.0
Keuruu,5197.0,5147.0,5087.0,5022.0,4971.0,4956.0,4873.0,4871.0,4825.0,4761.0,4707.0,4688.0
Kinnula,976.0,983.0,952.0,954.0,956.0,940.0,906.0,884.0,874.0,874.0,860.0,846.0
Kivijärvi,700.0,688.0,674.0,668.0,657.0,631.0,610.0,596.0,583.0,577.0,586.0,575.0
Konnevesi,1527.0,1506.0,1486.0,1458.0,1447.0,1409.0,1405.0,1399.0,1374.0,1340.0,1330.0,1329.0
Kyyjärvi,765.0,756.0,746.0,722.0,708.0,710.0,712.0,694.0,689.0,681.0,670.0,635.0
Laukaa,9093.0,9125.0,9229.0,9314.0,9411.0,9475.0,9580.0,9541.0,9528.0,9507.0,9471.0,9464.0
Luhanka,429.0,418.0,404.0,404.0,409.0,403.0,400.0,386.0,373.0,368.0,375.0,376.0
Multia,965.0,949.0,941.0,916.0,922.0,885.0,856.0,846.0,812.0,807.0,800.0,771.0
Muurame,4649.0,4750.0,4827.0,4826.0,4882.0,4926.0,5011.0,5097.0,5142.0,5143.0,5169.0,5267.0
Petäjävesi,2060.0,2072.0,2079.0,2088.0,2066.0,2045.0,2048.0,2018.0,2010.0,1969.0,1929.0,1877.0
Pihtipudas,2261.0,2235.0,2195.0,2159.0,2105.0,2074.0,2076.0,2046.0,1996.0,1991.0,1945.0,1918.0
Saarijärvi,5216.0,5117.0,5086.0,5056.0,5030.0,4960.0,4830.0,4785.0,4687.0,4630.0,4582.0,4544.0
Toivakka,1246.0,1262.0,1259.0,1263.0,1272.0,1260.0,1261.0,1237.0,1254.0,1242.0,1245.0,1249.0
Uurainen,1757.0,1798.0,1828.0,1840.0,1865.0,1896.0,1918.0,1940.0,1965.0,1919.0,1906.0,1905.0
Viitasaari,3592.0,3544.0,3477.0,3427.0,3365.0,3315.0,3281.0,3181.0,3092.0,3030.0,2984.0,2991.0
Äänekoski,10111.0,10189.0,10165.0,10063.0,9992.0,9874.0,9758.0,9613.0,9466.0,9457.0,9348.0,9250.0
Alajärvi,5246.0,5175.0,5156.0,5152.0,5102.0,5033.0,4993.0,4948.0,4905.0,4846.0,4770.0,4712.0
Alavus,6231.0,6206.0,6181.0,6141.0,6102.0,6074.0,6002.0,5909.0,5821.0,5818.0,5755.0,5690.0
Evijärvi,1417.0,1426.0,1398.0,1398.0,1383.0,1340.0,1315.0,1294.0,1269.0,1238.0,1221.0,1208.0
Ilmajoki,5991.0,6026.0,6094.0,6142.0,6170.0,6149.0,6138.0,6145.0,6151.0,6192.0,6216.0,6230.0
Isojoki,1231.0,1218.0,1189.0,1182.0,1147.0,1120.0,1112.0,1087.0,1064.0,1045.0,1026.0,996.0
Isokyrö,2508.0,2487.0,2465.0,2447.0,2449.0,2418.0,2389.0,2372.0,2331.0,2303.0,2285.0,2285.0
Karijoki,772.0,785.0,775.0,758.0,735.0,711.0,697.0,691.0,667.0,649.0,631.0,623.0
Kauhajoki,7153.0,7108.0,7087.0,7050.0,7007.0,6956.0,6900.0,6805.0,6713.0,6615.0,6546.0,6497.0
Kauhava,8667.0,8645.0,8605.0,8575.0,8501.0,8414.0,8309.0,8178.0,8063.0,7917.0,7837.0,7736.0
Kuortane,2010.0,1990.0,1964.0,1966.0,1914.0,1907.0,1897.0,1865.0,1826.0,1808.0,1802.0,1798.0
Kurikka,11399.0,11311.0,11206.0,11125.0,11063.0,10886.0,10782.0,10615.0,10477.0,10340.0,10228.0,10096.0
Lappajärvi,1691.0,1687.0,1668.0,1642.0,1609.0,1581.0,1565.0,1546.0,1536.0,1517.0,1479.0,1446.0
Lapua,7149.0,7235.0,7289.0,7291.0,7295.0,7232.0,7225.0,7168.0,7149.0,7085.0,7075.0,7058.0
Seinäjoki,28056.0,28449.0,28896.0,29369.0,29611.0,29935.0,30161.0,30494.0,30849.0,31116.0,31275.0,31654.0
Soini,1226.0,1197.0,1188.0,1161.0,1149.0,1129.0,1113.0,1080.0,1063.0,1038.0,1021.0,1022.0
Teuva,2993.0,2965.0,2923.0,2861.0,2799.0,2773.0,2716.0,2679.0,2645.0,2601.0,2564.0,2538.0
Vimpeli,1641.0,1623.0,1619.0,1606.0,1575.0,1558.0,1536.0,1513.0,1483.0,1455.0,1435.0,1421.0
Ähtäri,3241.0,3219.0,3214.0,3157.0,3105.0,3058.0,3016.0,2971.0,2891.0,2853.0,2822.0,2811.0
Kaskinen,725.0,716.0,709.0,690.0,672.0,646.0,648.0,639.0,636.0,631.0,645.0,643.0
Korsnäs,1162.0,1157.0,1148.0,1150.0,1143.0,1132.0,1116.0,1105.0,1096.0,1078.0,1073.0,1062.0
Kristiinankaupunki,3605.0,3562.0,3540.0,3521.0,3418.0,3401.0,3375.0,3325.0,3303.0,3257.0,3216.0,3212.0
Kruunupyy,3382.0,3356.0,3341.0,3368.0,3349.0,3358.0,3339.0,3304.0,3277.0,3245.0,3238.0,3252.0
Laihia,3921.0,3974.0,4002.0,4012.0,4035.0,4068.0,4095.0,4058.0,4080.0,4064.0,4040.0,4000.0
Luoto,2489.0,2523.0,2539.0,2596.0,2614.0,2650.0,2666.0,2701.0,2744.0,2788.0,2839.0,2894.0
Maalahti,2843.0,2843.0,2842.0,2847.0,2843.0,2841.0,2828.0,2825.0,2820.0,2815.0,2791.0,2810.0
Mustasaari,9387.0,9531.0,9583.0,9636.0,9705.0,9721.0,9742.0,9722.0,9780.0,9786.0,9765.0,9814.0
Närpiö,4789.0,4772.0,4748.0,4719.0,4750.0,4750.0,4762.0,4808.0,4781.0,4812.0,4867.0,4893.0
Pedersören kunta,5548.0,5596.0,5604.0,5628.0,5705.0,5739.0,5711.0,5736.0,5680.0,5729.0,5766.0,5772.0
Pietarsaari,9745.0,9736.0,9768.0,9750.0,9715.0,9650.0,9633.0,9662.0,9628.0,9580.0,9527.0,9540.0
Uusikaarlepyy,3838.0,3853.0,3845.0,3856.0,3863.0,3893.0,3867.0,3873.0,3845.0,3830.0,3835.0,3851.0
Vaasa,31959.0,32362.0,32637.0,32999.0,33399.0,33798.0,33850.0,33814.0,33950.0,34082.0,34000.0,34131.0
Vöyri,3398.0,3424.0,3410.0,3426.0,3427.0,3441.0,3440.0,3403.0,3404.0,3319.0,3268.0,3271.0
Halsua,677.0,666.0,647.0,637.0,630.0,629.0,628.0,596.0,596.0,585.0,570.0,559.0
Kannus,2816.0,2804.0,2818.0,2795.0,2784.0,2774.0,2759.0,2714.0,2716.0,2691.0,2696.0,2680.0
Kaustinen,2167.0,2157.0,2167.0,2172.0,2171.0,2175.0,2166.0,2169.0,2140.0,2129.0,2126.0,2103.0
Kokkola,22697.0,22871.0,23002.0,23140.0,23292.0,23448.0,23568.0,23567.0,23561.0,23555.0,23657.0,23745.0
Lestijärvi,433.0,430.0,423.0,411.0,415.0,406.0,415.0,412.0,389.0,384.0,383.0,384.0
Perho,1470.0,1465.0,1483.0,1480.0,1458.0,1475.0,1466.0,1443.0,1430.0,1404.0,1375.0,1359.0
Toholampi,1749.0,1749.0,1726.0,1705.0,1682.0,1675.0,1646.0,1631.0,1598.0,1555.0,1514.0,1513.0
Veteli,1770.0,1745.0,1719.0,1699.0,1712.0,1692.0,1679.0,1664.0,1637.0,1606.0,1579.0,1554.0
Alavieska,1408.0,1414.0,1433.0,1416.0,1400.0,1402.0,1376.0,1369.0,1351.0,1329.0,1329.0,1313.0
Haapajärvi,3860.0,3853.0,3884.0,3878.0,3816.0,3805.0,3740.0,3698.0,3646.0,3569.0,3488.0,3449.0
Haapavesi,3817.0,3810.0,3727.0,3703.0,3670.0,3667.0,3627.0,3566.0,3493.0,3435.0,3401.0,3389.0
Hailuoto,528.0,520.0,512.0,522.0,518.0,511.0,512.0,502.0,502.0,491.0,486.0,486.0
Ii,4880.0,4932.0,4974.0,4964.0,4979.0,4976.0,4969.0,5166.0,5091.0,5089.0,5108.0,5136.0
Kalajoki,6383.0,6417.0,6429.0,6423.0,6381.0,6357.0,6342.0,6309.0,6236.0,6244.0,6250.0,6237.0
Kempele,7932.0,8091.0,8191.0,8281.0,8403.0,8478.0,8633.0,8745.0,8924.0,9141.0,9356.0,9509.0
Kuusamo,8434.0,8348.0,8224.0,8111.0,8026.0,7988.0,7913.0,7843.0,7745.0,7693.0,7706.0,7672.0
Kärsämäki,1474.0,1446.0,1419.0,1407.0,1397.0,1385.0,1388.0,1359.0,1378.0,1370.0,1353.0,1345.0
Liminka,4639.0,4694.0,4833.0,4896.0,4967.0,5074.0,5133.0,5196.0,5208.0,5223.0,5248.0,5210.0
Lumijoki,1016.0,1041.0,1053.0,1071.0,1076.0,1074.0,1091.0,1067.0,1049.0,1040.0,1052.0,1061.0
Merijärvi,651.0,642.0,633.0,632.0,627.0,611.0,608.0,597.0,591.0,593.0,588.0,592.0
Muhos,4501.0,4524.0,4545.0,4580.0,4568.0,4629.0,4598.0,4618.0,4572.0,4521.0,4530.0,4532.0
Nivala,5609.0,5628.0,5620.0,5607.0,5582.0,5554.0,5549.0,5512.0,5471.0,5424.0,5363.0,5299.0
Oulainen,3845.0,3869.0,3840.0,3790.0,3780.0,3723.0,3685.0,3674.0,3651.0,3588.0,3541.0,3525.0
Oulu,91948.0,93226.0,94742.0,96337.0,97719.0,98909.0,99993.0,100768.0,101708.0,102615.0,103402.0,104565.0
Pudasjärvi,4624.0,4557.0,4526.0,4482.0,4398.0,4337.0,4307.0,4268.0,4208.0,4157.0,4117.0,4062.0
Pyhäjoki,1741.0,1732.0,1717.0,1736.0,1699.0,1654.0,1664.0,1646.0,1638.0,1593.0,1594.0,1601.0
Pyhäjärvi,3018.0,2984.0,2964.0,2888.0,2798.0,2764.0,2749.0,2696.0,2653.0,2596.0,2532.0,2500.0
Pyhäntä,840.0,812.0,810.0,796.0,814.0,839.0,831.0,824.0,825.0,829.0,837.0,872.0
Raahe,13096.0,13055.0,13054.0,12976.0,12917.0,12813.0,12711.0,12686.0,12624.0,12561.0,12395.0,12372.0
Reisjärvi,1538.0,1550.0,1522.0,1506.0,1491.0,1481.0,1472.0,1445.0,1410.0,1397.0,1390.0,1382.0
Sievi,2716.0,2716.0,2704.0,2653.0,2656.0,2638.0,2611.0,2604.0,2580.0,2562.0,2531.0,2503.0
Siikajoki,2945.0,2921.0,2888.0,2905.0,2877.0,2860.0,2801.0,2776.0,2724.0,2677.0,2632.0,2645.0
Siikalatva,3293.0,3227.0,3168.0,3103.0,3078.0,3018.0,2963.0,2900.0,2813.0,2775.0,2757.0,2717.0
Taivalkoski,2376.0,2360.0,2299.0,2280.0,2259.0,2230.0,2194.0,2153.0,2133.0,2111.0,2070.0,2071.0
Tyrnävä,3261.0,3295.0,3369.0,3360.0,3434.0,3468.0,3452.0,3447.0,3450.0,3389.0,3375.0,3392.0
Utajärvi,1552.0,1552.0,1552.0,1556.0,1535.0,1502.0,1488.0,1449.0,1424.0,1409.0,1377.0,1343.0
Vaala,1757.0,1718.0,1690.0,1663.0,1631.0,1600.0,1584.0,1526.0,1475.0,1447.0,1422.0,1389.0
Ylivieska,7020.0,7117.0,7250.0,7395.0,7508.0,7548.0,7603.0,7618.0,7614.0,7646.0,7650.0,7652.0
Hyrynsalmi,1407.0,1381.0,1341.0,1321.0,1285.0,1260.0,1260.0,1213.0,1194.0,1184.0,1144.0,1125.0
Kajaani,18695.0,18688.0,18669.0,18633.0,18582.0,18537.0,18537.0,18410.0,18332.0,18250.0,18240.0,18321.0
Kuhmo,4890.0,4828.0,4777.0,4698.0,4623.0,4554.0,4460.0,4393.0,4318.0,4247.0,4175.0,4127.0
Paltamo,1991.0,1954.0,1912.0,1868.0,1842.0,1802.0,1796.0,1768.0,1703.0,1682.0,1657.0,1621.0
Puolanka,1582.0,1553.0,1526.0,1490.0,1460.0,1449.0,1419.0,1399.0,1360.0,1324.0,1304.0,1278.0
Ristijärvi,769.0,759.0,743.0,731.0,728.0,704.0,695.0,683.0,672.0,663.0,639.0,616.0
Sotkamo,5295.0,5293.0,5294.0,5289.0,5255.0,5218.0,5214.0,5195.0,5187.0,5180.0,5182.0,5196.0
Suomussalmi,4678.0,4585.0,4491.0,4412.0,4339.0,4250.0,4183.0,4110.0,4011.0,3951.0,3896.0,3861.0
Enontekiö,995.0,1006.0,1006.0,1011.0,1009.0,987.0,988.0,999.0,976.0,969.0,955.0,954.0
Inari,3547.0,3558.0,3543.0,3580.0,3575.0,3561.0,3573.0,3575.0,3587.0,3588.0,3544.0,3589.0
Kemi,11111.0,10988.0,10951.0,10908.0,10807.0,10732.0,10674.0,10471.0,10374.0,10214.0,10109.0,9885.0
Kemijärvi,4265.0,4190.0,4094.0,4020.0,3957.0,3906.0,3853.0,3786.0,3721.0,3672.0,3638.0,3588.0
Keminmaa,4309.0,4329.0,4332.0,4336.0,4311.0,4260.0,4217.0,4216.0,4137.0,4092.0,4049.0,4010.0
Kittilä,3135.0,3185.0,3205.0,3241.0,3265.0,3226.0,3211.0,3223.0,3220.0,3250.0,3224.0,3238.0
Kolari,1985.0,1988.0,1987.0,1980.0,1966.0,1967.0,1949.0,1964.0,1944.0,1945.0,1991.0,2008.0
Muonio,1214.0,1190.0,1198.0,1202.0,1188.0,1192.0,1177.0,1161.0,1144.0,1154.0,1142.0,1150.0
Pelkosenniemi,561.0,544.0,531.0,536.0,525.0,526.0,529.0,530.0,520.0,504.0,499.0,491.0
Pello,2032.0,1996.0,1956.0,1915.0,1884.0,1858.0,1816.0,1793.0,1752.0,1709.0,1687.0,1684.0
Posio,2022.0,1997.0,1958.0,1907.0,1898.0,1802.0,1772.0,1710.0,1673.0,1641.0,1604.0,1583.0
Ranua,2278.0,2240.0,2211.0,2163.0,2134.0,2101.0,2117.0,2071.0,2023.0,1963.0,1922.0,1908.0
Rovaniemi,29214.0,29540.0,29638.0,29805.0,29961.0,30111.0,30263.0,30291.0,30491.0,30560.0,30813.0,31102.0
Salla,2215.0,2157.0,2120.0,2070.0,2021.0,1999.0,1953.0,1913.0,1861.0,1808.0,1817.0,1815.0
Savukoski,634.0,618.0,605.0,610.0,596.0,585.0,575.0,566.0,567.0,561.0,563.0,567.0
Simo,1800.0,1790.0,1769.0,1723.0,1688.0,1648.0,1614.0,1585.0,1541.0,1521.0,1506.0,1478.0
Sodankylä,4561.0,4574.0,4602.0,4644.0,4600.0,4580.0,4527.0,4465.0,4424.0,4359.0,4348.0,4304.0
Tervola,1778.0,1747.0,1733.0,1701.0,1698.0,1684.0,1636.0,1620.0,1613.0,1579.0,1540.0,1516.0
Tornio,11291.0,11319.0,11321.0,11249.0,11202.0,11128.0,11102.0,11022.0,11013.0,10903.0,10848.0,10768.0
Utsjoki,700.0,694.0,695.0,690.0,686.0,690.0,677.0,668.0,662.0,649.0,655.0,629.0
Ylitornio,2378.0,2332.0,2274.0,2245.0,2179.0,2171.0,2132.0,2089.0,2048.0,2006.0,1983.0,1945.0
Brändö,266.0,260.0,263.0,259.0,263.0,261.0,259.0,245.0,240.0,237.0,236.0,237.0
Eckerö,487.0,506.0,502.0,498.0,497.0,495.0,482.0,489.0,496.0,498.0,503.0,490.0
Finström,1228.0,1258.0,1243.0,1236.0,1257.0,1249.0,1281.0,1290.0,1285.0,1294.0,1301.0,1317.0
Föglö,299.0,298.0,302.0,303.0,297.0,290.0,290.0,276.0,280.0,277.0,274.0,261.0
Geta,244.0,260.0,262.0,258.0,254.0,255.0,256.0,256.0,260.0,250.0,259.0,252.0
Hammarland,771.0,773.0,775.0,787.0,777.0,790.0,776.0,788.0,815.0,814.0,821.0,824.0
Jomala,2116.0,2179.0,2224.0,2271.0,2338.0,2380.0,2434.0,2482.0,2585.0,2666.0,2724.0,2771.0
Kumlinge,188.0,186.0,179.0,176.0,175.0,169.0,164.0,167.0,172.0,170.0,163.0,171.0
Kökar,145.0,140.0,137.0,140.0,142.0,136.0,142.0,131.0,128.0,125.0,124.0,129.0
Lemland,941.0,962.0,974.0,989.0,990.0,1009.0,1006.0,1016.0,1023.0,1029.0,1061.0,1061.0
Lumparland,201.0,204.0,201.0,214.0,216.0,210.0,201.0,209.0,205.0,195.0,196.0,199.0
Maarianhamina,5342.0,5384.0,5430.0,5459.0,5519.0,5522.0,5554.0,5612.0,5629.0,5583.0,5616.0,5660.0
Saltvik,909.0,907.0,910.0,911.0,920.0,920.0,929.0,946.0,939.0,936.0,901.0,902.0
Sottunga,61.0,52.0,52.0,52.0,53.0,52.0,53.0,51.0,51.0,49.0,56.0,56.0
Sund,520.0,533.0,534.0,527.0,524.0,525.0,515.0,541.0,540.0,532.0,519.0,519.0
Vårdö,235.0,233.0,218.0,222.0,224.0,222.0,225.0,221.0,222.0,224.0,235.0,239.0
