City,2010_asukkaat_yhteensa_he,2011_asukkaat_yhteensa_he,2012_asukkaat_yhteensa_he,2013_asukkaat_yhteensa_he,2014_asukkaat_yhteensa_he,2015_asukkaat_yhteensa_he,2016_asukkaat_yhteensa_he,2017_asukkaat_yhteensa_he,2018_asukkaat_yhteensa_he,2019_asukkaat_yhteensa_he,2020_asukkaat_yhteensa_he,2021_asukkaat_yhteensa_he
Askola,4864.0,4911.0,4988.0,4991.0,5064.0,5104.0,5046.0,4990.0,4958.0,4943.0,4878.0,4847.0
Espoo,247970.0,252439.0,256824.0,260753.0,265543.0,269802.0,274583.0,279044.0,283632.0,289731.0,292796.0,297132.0
Hanko,9462.0,9417.0,9267.0,9109.0,9021.0,8864.0,8663.0,8517.0,8379.0,8199.0,8042.0,7979.0
Helsinki,588549.0,595384.0,603968.0,612664.0,620715.0,628208.0,635181.0,643272.0,648042.0,653835.0,656920.0,658457.0
Hyvinkää,45489.0,45527.0,45592.0,46188.0,46366.0,46463.0,46596.0,46739.0,46504.0,46470.0,46576.0,46880.0
Inkoo,5546.0,5561.0,5538.0,5562.0,5560.0,5541.0,5585.0,5481.0,5403.0,5386.0,5321.0,5353.0
Järvenpää,38680.0,38966.0,39646.0,39953.0,40390.0,40900.0,41529.0,42572.0,43410.0,43711.0,44455.0,45226.0
Karkkila,9209.0,9190.0,9119.0,9074.0,8977.0,8969.0,8911.0,8900.0,8778.0,8714.0,8696.0,8717.0
Kauniainen,8689.0,8807.0,8910.0,9101.0,9357.0,9486.0,9397.0,9624.0,9615.0,9797.0,10178.0,10396.0
Kerava,34282.0,34549.0,34491.0,34913.0,35317.0,35293.0,35511.0,35554.0,36254.0,36756.0,37105.0,37232.0
Kirkkonummi,36942.0,37192.0,37567.0,37899.0,38220.0,38649.0,39033.0,39170.0,39262.0,39586.0,40082.0,40433.0
Lapinjärvi,2872.0,2848.0,2829.0,2820.0,2779.0,2774.0,2739.0,2706.0,2665.0,2606.0,2621.0,2580.0
Lohja,47341.0,47374.0,47516.0,47703.0,47624.0,47353.0,47149.0,46785.0,46296.0,45965.0,45886.0,45988.0
Loviisa,15595.0,15552.0,15519.0,15493.0,15480.0,15311.0,15208.0,15085.0,14891.0,14772.0,14745.0,14643.0
Myrskylä,2006.0,2008.0,1992.0,1987.0,1985.0,1969.0,1986.0,1969.0,1922.0,1882.0,1871.0,1816.0
Mäntsälä,19975.0,20131.0,20478.0,20534.0,20621.0,20685.0,20853.0,20803.0,20686.0,20721.0,20783.0,20837.0
Nurmijärvi,39937.0,40349.0,40719.0,41178.0,41577.0,41897.0,42010.0,42159.0,42665.0,42993.0,43663.0,44127.0
Pornainen,5107.0,5122.0,5137.0,5145.0,5148.0,5125.0,5108.0,5121.0,5068.0,5035.0,5070.0,5066.0
Porvoo,48768.0,48833.0,49028.0,49426.0,49728.0,49928.0,50144.0,50159.0,50262.0,50380.0,50619.0,51149.0
Pukkila,2024.0,2016.0,2047.0,2036.0,2013.0,1971.0,1988.0,1940.0,1899.0,1860.0,1833.0,1848.0
Raasepori,29065.0,28959.0,28829.0,28695.0,28674.0,28405.0,28077.0,27851.0,27592.0,27536.0,27528.0,27484.0
Sipoo,18253.0,18526.0,18739.0,18914.0,19034.0,19399.0,19922.0,20310.0,20666.0,21170.0,21687.0,22190.0
Siuntio,6104.0,6148.0,6170.0,6183.0,6199.0,6182.0,6178.0,6146.0,6134.0,6145.0,6149.0,6198.0
Tuusula,37214.0,37667.0,37936.0,38125.0,38198.0,38459.0,38588.0,38646.0,38664.0,38599.0,38783.0,39718.0
Vantaa,200055.0,203001.0,205312.0,208098.0,210803.0,214605.0,219341.0,223027.0,228166.0,233775.0,237231.0,239206.0
Vihti,28311.0,28581.0,28674.0,28929.0,28995.0,28919.0,28967.0,29054.0,29211.0,29158.0,29160.0,29239.0
Aura,3911.0,3975.0,3971.0,3962.0,3982.0,3986.0,3984.0,3991.0,3984.0,3941.0,3959.0,3955.0
Kaarina,30911.0,31081.0,31363.0,31798.0,32148.0,32590.0,32738.0,33099.0,33458.0,33937.0,34667.0,35497.0
Kemiönsaari,7191.0,7173.0,7075.0,7012.0,6943.0,6909.0,6872.0,6793.0,6724.0,6640.0,6609.0,6614.0
Koski Tl,2436.0,2441.0,2450.0,2423.0,2438.0,2399.0,2416.0,2359.0,2340.0,2308.0,2292.0,2271.0
Kustavi,874.0,886.0,889.0,869.0,892.0,895.0,908.0,923.0,926.0,949.0,962.0,971.0
Laitila,8440.0,8408.0,8460.0,8487.0,8542.0,8520.0,8520.0,8610.0,8647.0,8588.0,8468.0,8456.0
Lieto,18205.0,18634.0,18982.0,19128.0,19209.0,19263.0,19418.0,19596.0,19831.0,19994.0,20146.0,20291.0
Loimaa,16916.0,16848.0,16737.0,16700.0,16607.0,16467.0,16267.0,16150.0,16032.0,15875.0,15770.0,15628.0
Marttila,1994.0,1998.0,2017.0,2056.0,2070.0,2028.0,2021.0,1988.0,2018.0,2013.0,1999.0,1990.0
Masku,9455.0,9585.0,9671.0,9729.0,9767.0,9706.0,9675.0,9656.0,9554.0,9534.0,9543.0,9612.0
Mynämäki,8041.0,8044.0,7978.0,7950.0,7917.0,7859.0,7842.0,7838.0,7766.0,7654.0,7645.0,7594.0
Naantali,18807.0,18871.0,18824.0,18859.0,18871.0,18961.0,19068.0,19167.0,19245.0,19314.0,19427.0,19579.0
Nousiainen,4865.0,4814.0,4846.0,4872.0,4844.0,4859.0,4815.0,4813.0,4733.0,4715.0,4693.0,4689.0
Oripää,1414.0,1422.0,1434.0,1423.0,1417.0,1377.0,1363.0,1382.0,1364.0,1329.0,1334.0,1337.0
Paimio,10402.0,10471.0,10591.0,10590.0,10628.0,10620.0,10713.0,10730.0,10832.0,10850.0,10922.0,11041.0
Parainen,15501.0,15505.0,15561.0,15507.0,15494.0,15457.0,15398.0,15285.0,15217.0,15132.0,15105.0,15086.0
Pyhäranta,2236.0,2206.0,2199.0,2177.0,2136.0,2136.0,2075.0,2077.0,2028.0,2004.0,1994.0,1985.0
Pöytyä,8494.0,8474.0,8569.0,8590.0,8619.0,8562.0,8503.0,8422.0,8333.0,8276.0,8229.0,8222.0
Raisio,24427.0,24559.0,24562.0,24565.0,24371.0,24290.0,24283.0,24234.0,24178.0,24056.0,24407.0,24810.0
Rusko,5816.0,5870.0,5907.0,5995.0,6045.0,6110.0,6137.0,6263.0,6251.0,6327.0,6354.0,6379.0
Salo,55235.0,55283.0,54858.0,54478.0,54238.0,53890.0,53546.0,52984.0,52321.0,51833.0,51562.0,51400.0
Sauvo,3045.0,3043.0,3033.0,3032.0,2999.0,3019.0,3047.0,3007.0,2994.0,2945.0,2950.0,2959.0
Somero,9330.0,9268.0,9229.0,9146.0,9173.0,9093.0,9027.0,8919.0,8828.0,8711.0,8646.0,8563.0
Taivassalo,1700.0,1690.0,1682.0,1667.0,1645.0,1633.0,1622.0,1654.0,1662.0,1639.0,1659.0,1677.0
Turku,177326.0,178630.0,180225.0,182072.0,183824.0,185908.0,187604.0,189669.0,191331.0,192962.0,194391.0,195137.0
Uusikaupunki,15833.0,15685.0,15499.0,15463.0,15567.0,15510.0,15404.0,15752.0,15700.0,15522.0,15378.0,15463.0
Vehmaa,2378.0,2353.0,2324.0,2330.0,2339.0,2276.0,2277.0,2316.0,2285.0,2293.0,2292.0,2271.0
Eura,12507.0,12424.0,12406.0,12368.0,12314.0,12128.0,12004.0,11910.0,11748.0,11632.0,11483.0,11417.0
Eurajoki,9245.0,9197.0,9282.0,9286.0,9294.0,9287.0,9418.0,9521.0,9454.0,9402.0,9452.0,9334.0
Harjavalta,7540.0,7504.0,7486.0,7407.0,7366.0,7296.0,7240.0,7151.0,7018.0,6931.0,6869.0,6785.0
Huittinen,10663.0,10638.0,10623.0,10543.0,10487.0,10473.0,10403.0,10207.0,10091.0,10044.0,9937.0,9870.0
Jämijärvi,2041.0,2003.0,1986.0,1971.0,1997.0,1948.0,1915.0,1867.0,1809.0,1739.0,1707.0,1685.0
Kankaanpää,14013.0,13926.0,13789.0,13791.0,13671.0,13562.0,13396.0,13292.0,13137.0,12906.0,12758.0,12662.0
Karvia,2643.0,2599.0,2545.0,2523.0,2491.0,2475.0,2449.0,2403.0,2390.0,2342.0,2322.0,2290.0
Kokemäki,7987.0,7922.0,7893.0,7769.0,7702.0,7591.0,7498.0,7381.0,7226.0,7103.0,7013.0,6951.0
Merikarvia,3347.0,3304.0,3269.0,3226.0,3246.0,3185.0,3169.0,3156.0,3115.0,3067.0,3066.0,3055.0
Nakkila,5788.0,5780.0,5747.0,5706.0,5651.0,5651.0,5548.0,5521.0,5437.0,5329.0,5256.0,5169.0
Pomarkku,2460.0,2415.0,2373.0,2340.0,2275.0,2240.0,2233.0,2166.0,2146.0,2089.0,2063.0,2013.0
Pori,85026.0,85078.0,85201.0,85399.0,85418.0,85363.0,85059.0,84587.0,84403.0,83934.0,83684.0,83482.0
Rauma,39715.0,39820.0,39842.0,39979.0,39970.0,39809.0,39614.0,39620.0,39360.0,39205.0,39040.0,38959.0
Siikainen,1654.0,1661.0,1641.0,1632.0,1593.0,1527.0,1494.0,1476.0,1458.0,1437.0,1385.0,1352.0
Säkylä,7527.0,7477.0,7381.0,7255.0,7186.0,7070.0,6988.0,6903.0,6811.0,6721.0,6646.0,6588.0
Ulvila,13606.0,13554.0,13470.0,13361.0,13322.0,13352.0,13312.0,13237.0,13021.0,12871.0,12735.0,12669.0
Forssa,17904.0,17833.0,17727.0,17667.0,17521.0,17422.0,17332.0,17185.0,17028.0,16901.0,16800.0,16573.0
Hattula,9657.0,9682.0,9720.0,9684.0,9738.0,9747.0,9682.0,9610.0,9475.0,9422.0,9389.0,9405.0
Hausjärvi,8815.0,8807.0,8866.0,8808.0,8815.0,8729.0,8641.0,8504.0,8417.0,8260.0,8175.0,8143.0
Humppila,2506.0,2503.0,2496.0,2463.0,2440.0,2388.0,2345.0,2290.0,2235.0,2184.0,2174.0,2166.0
Hämeenlinna,66829.0,67270.0,67497.0,67806.0,67976.0,68011.0,67850.0,67662.0,67532.0,67633.0,67848.0,67971.0
Janakkala,16892.0,16960.0,16921.0,16842.0,16840.0,16853.0,16709.0,16607.0,16447.0,16413.0,16237.0,16340.0
Jokioinen,5720.0,5676.0,5643.0,5595.0,5516.0,5425.0,5341.0,5286.0,5195.0,5133.0,5061.0,5046.0
Loppi,8273.0,8377.0,8336.0,8341.0,8291.0,8175.0,8098.0,8028.0,7861.0,7828.0,7853.0,7799.0
Riihimäki,28803.0,29018.0,29215.0,29318.0,29350.0,29269.0,29160.0,29021.0,28736.0,28793.0,28710.0,28521.0
Tammela,6591.0,6554.0,6542.0,6474.0,6395.0,6280.0,6241.0,6155.0,6081.0,6015.0,6016.0,5967.0
Ypäjä,2565.0,2550.0,2509.0,2483.0,2468.0,2411.0,2382.0,2372.0,2357.0,2343.0,2314.0,2282.0
Akaa,17012.0,17091.0,17134.0,17108.0,17052.0,17043.0,16923.0,16769.0,16611.0,16475.0,16391.0,16467.0
Hämeenkyrö,10489.0,10533.0,10500.0,10582.0,10610.0,10667.0,10681.0,10599.0,10510.0,10404.0,10344.0,10337.0
Ikaalinen,7428.0,7375.0,7346.0,7303.0,7298.0,7207.0,7128.0,7119.0,7003.0,6942.0,6866.0,6877.0
Juupajoki,2094.0,2046.0,2023.0,2039.0,2033.0,1988.0,1957.0,1904.0,1884.0,1844.0,1800.0,1786.0
Kangasala,29675.0,29891.0,30126.0,30345.0,30471.0,30607.0,31190.0,31437.0,31676.0,31868.0,32214.0,32622.0
Kihniö,2226.0,2179.0,2147.0,2111.0,2080.0,2038.0,1994.0,1967.0,1910.0,1865.0,1822.0,1808.0
Kuhmoinen,2554.0,2505.0,2438.0,2409.0,2374.0,2334.0,2286.0,2252.0,2238.0,2206.0,2161.0,2158.0
Lempäälä,20588.0,20888.0,21440.0,21829.0,22233.0,22536.0,22745.0,22829.0,23206.0,23523.0,23828.0,24164.0
Mänttä-Vilppula,11413.0,11308.0,11122.0,10898.0,10723.0,10604.0,10448.0,10256.0,9983.0,9855.0,9673.0,9563.0
Nokia,31647.0,32056.0,32354.0,32690.0,32847.0,33162.0,33210.0,33322.0,33527.0,33929.0,34476.0,34884.0
Orivesi,9617.0,9590.0,9571.0,9630.0,9579.0,9408.0,9312.0,9285.0,9221.0,9158.0,9008.0,8978.0
Parkano,6978.0,6982.0,6918.0,6836.0,6808.0,6766.0,6692.0,6562.0,6469.0,6404.0,6352.0,6286.0
Pirkkala,17237.0,17763.0,18128.0,18369.0,18689.0,18913.0,19163.0,19237.0,19368.0,19623.0,19803.0,20206.0
Punkalaidun,3281.0,3236.0,3203.0,3173.0,3117.0,3049.0,3003.0,2949.0,2896.0,2828.0,2785.0,2721.0
Pälkäne,6950.0,6882.0,6838.0,6795.0,6722.0,6676.0,6627.0,6567.0,6499.0,6435.0,6415.0,6439.0
Ruovesi,5038.0,4940.0,4868.0,4771.0,4689.0,4623.0,4565.0,4459.0,4398.0,4283.0,4215.0,4155.0
Sastamala,25764.0,25763.0,25747.0,25511.0,25372.0,25220.0,25062.0,24820.0,24651.0,24277.0,24052.0,23998.0
Tampere,213217.0,215168.0,217421.0,220446.0,223004.0,225118.0,228274.0,231853.0,235239.0,238140.0,241009.0,244223.0
Urjala,5335.0,5246.0,5174.0,5105.0,4984.0,4928.0,4858.0,4829.0,4792.0,4688.0,4644.0,4669.0
Valkeakoski,20844.0,21022.0,21172.0,21129.0,21162.0,21332.0,21346.0,21136.0,21137.0,20972.0,20765.0,20695.0
Vesilahti,4345.0,4383.0,4437.0,4473.0,4492.0,4489.0,4462.0,4460.0,4393.0,4355.0,4367.0,4444.0
Virrat,7514.0,7453.0,7384.0,7280.0,7157.0,7002.0,6917.0,6844.0,6739.0,6544.0,6510.0,6465.0
Ylöjärvi,30500.0,30942.0,31515.0,31743.0,32260.0,32738.0,32799.0,32878.0,32983.0,33254.0,33352.0,33533.0
Asikkala,8552.0,8498.0,8461.0,8405.0,8374.0,8287.0,8323.0,8248.0,8149.0,8083.0,8059.0,8033.0
Hartola,3355.0,3292.0,3205.0,3098.0,3071.0,2982.0,2924.0,2882.0,2780.0,2697.0,2655.0,2621.0
Heinola,20258.0,20164.0,20051.0,19979.0,19695.0,19575.0,19350.0,19128.0,18889.0,18667.0,18497.0,18344.0
Hollola,24106.0,24150.0,24150.0,24073.0,23996.0,23915.0,23791.0,23782.0,23602.0,23410.0,23251.0,23090.0
Iitti,7005.0,7002.0,6955.0,6981.0,6950.0,6910.0,6889.0,6820.0,6765.0,6711.0,6625.0,6559.0
Kärkölä,4882.0,4798.0,4772.0,4755.0,4647.0,4604.0,4540.0,4508.0,4451.0,4368.0,4326.0,4245.0
Lahti,116582.0,117335.0,118098.0,118349.0,118644.0,118743.0,119452.0,119573.0,119951.0,119823.0,119984.0,120027.0
Orimattila,16309.0,16369.0,16300.0,16347.0,16288.0,16326.0,16279.0,16221.0,16091.0,16003.0,15882.0,15808.0
Padasjoki,3423.0,3369.0,3333.0,3279.0,3197.0,3143.0,3073.0,3027.0,2963.0,2896.0,2861.0,2813.0
Sysmä,4305.0,4261.0,4178.0,4139.0,4097.0,4040.0,3953.0,3859.0,3753.0,3657.0,3631.0,3584.0
Hamina,21400.0,21403.0,21256.0,21203.0,21061.0,20851.0,20636.0,20493.0,20286.0,20111.0,19877.0,19702.0
Kotka,54824.0,54831.0,54873.0,54771.0,54518.0,54319.0,54187.0,53539.0,52883.0,52126.0,51668.0,51241.0
Kouvola,88072.0,87567.0,87296.0,86926.0,86453.0,85855.0,85306.0,84196.0,83177.0,82113.0,81187.0,80454.0
Miehikkälä,2210.0,2169.0,2177.0,2145.0,2123.0,2085.0,2034.0,1992.0,1940.0,1857.0,1868.0,1835.0
Pyhtää,5355.0,5372.0,5377.0,5384.0,5354.0,5321.0,5340.0,5264.0,5187.0,5140.0,5125.0,5119.0
Virolahti,3516.0,3485.0,3487.0,3435.0,3399.0,3347.0,3267.0,3207.0,3150.0,3109.0,3087.0,3040.0
Imatra,28540.0,28472.0,28294.0,28219.0,28037.0,27835.0,27517.0,27269.0,26932.0,26508.0,26075.0,25655.0
Lappeenranta,71982.0,72133.0,72424.0,72658.0,72794.0,72875.0,72872.0,72909.0,72699.0,72634.0,72662.0,72634.0
Lemi,3064.0,3068.0,3059.0,3130.0,3116.0,3073.0,3076.0,3063.0,3043.0,2971.0,2964.0,2917.0
Luumäki,5147.0,5119.0,5022.0,4992.0,4949.0,4860.0,4831.0,4747.0,4662.0,4636.0,4543.0,4473.0
Parikkala,5787.0,5664.0,5591.0,5509.0,5373.0,5235.0,5126.0,4969.0,4842.0,4734.0,4655.0,4567.0
Rautjärvi,3937.0,3832.0,3784.0,3682.0,3626.0,3537.0,3473.0,3436.0,3335.0,3226.0,3146.0,3092.0
Ruokolahti,5668.0,5595.0,5577.0,5507.0,5404.0,5312.0,5245.0,5218.0,5099.0,4994.0,4922.0,4913.0
Savitaipale,3863.0,3789.0,3764.0,3729.0,3667.0,3613.0,3534.0,3480.0,3429.0,3383.0,3326.0,3261.0
Taipalsaari,4911.0,4855.0,4840.0,4826.0,4798.0,4815.0,4832.0,4774.0,4715.0,4671.0,4628.0,4595.0
Enonkoski,1615.0,1566.0,1532.0,1522.0,1503.0,1473.0,1453.0,1416.0,1405.0,1361.0,1369.0,1362.0
Hirvensalmi,2439.0,2389.0,2377.0,2338.0,2326.0,2290.0,2274.0,2236.0,2152.0,2136.0,2156.0,2131.0
Juva,6962.0,6902.0,6783.0,6684.0,6616.0,6548.0,6421.0,6334.0,6225.0,6116.0,5932.0,5887.0
Kangasniemi,5964.0,5865.0,5839.0,5801.0,5693.0,5628.0,5603.0,5549.0,5452.0,5356.0,5312.0,5230.0
Mikkeli,54455.0,54530.0,54519.0,54635.0,54605.0,54665.0,54517.0,54261.0,53818.0,53134.0,52583.0,52122.0
Mäntyharju,6456.0,6393.0,6356.0,6287.0,6266.0,6159.0,6097.0,6054.0,5924.0,5791.0,5676.0,5635.0
Pertunmaa,1936.0,1910.0,1857.0,1842.0,1832.0,1817.0,1796.0,1739.0,1713.0,1690.0,1654.0,1644.0
Pieksämäki,19869.0,19700.0,19407.0,19288.0,19051.0,18801.0,18475.0,18220.0,17933.0,17682.0,17375.0,17253.0
Puumala,2477.0,2419.0,2374.0,2319.0,2306.0,2260.0,2234.0,2208.0,2197.0,2151.0,2137.0,2117.0
Rantasalmi,3996.0,3949.0,3921.0,3872.0,3815.0,3733.0,3649.0,3553.0,3514.0,3431.0,3364.0,3330.0
Savonlinna,37059.0,36854.0,36584.0,36256.0,35944.0,35523.0,35242.0,34664.0,33611.0,32974.0,32662.0,32547.0
Sulkava,2938.0,2876.0,2844.0,2794.0,2789.0,2724.0,2661.0,2588.0,2530.0,2492.0,2482.0,2430.0
Iisalmi,22095.0,22147.0,22135.0,22171.0,22115.0,21945.0,21767.0,21639.0,21472.0,21368.0,21124.0,20958.0
Joroinen,5394.0,5342.0,5291.0,5213.0,5178.0,5110.0,5039.0,4917.0,4812.0,4767.0,4689.0,4624.0
Kaavi,3377.0,3385.0,3315.0,3261.0,3214.0,3194.0,3154.0,3048.0,2990.0,2893.0,2807.0,2778.0
Keitele,2542.0,2524.0,2476.0,2427.0,2398.0,2379.0,2346.0,2309.0,2244.0,2202.0,2155.0,2095.0
Kiuruvesi,9157.0,9063.0,8989.0,8866.0,8752.0,8600.0,8444.0,8283.0,8153.0,7998.0,7854.0,7759.0
Kuopio,112336.0,112919.0,114055.0,115108.0,116171.0,116921.0,117740.0,118209.0,118664.0,119282.0,120210.0,121543.0
Lapinlahti,10412.0,10386.0,10289.0,10176.0,10093.0,9982.0,9882.0,9692.0,9617.0,9485.0,9358.0,9247.0
Leppävirta,10556.0,10405.0,10274.0,10170.0,10015.0,9953.0,9865.0,9782.0,9650.0,9454.0,9402.0,9280.0
Pielavesi,5087.0,5006.0,4926.0,4824.0,4787.0,4740.0,4697.0,4624.0,4498.0,4391.0,4321.0,4269.0
Rautalampi,3475.0,3481.0,3444.0,3426.0,3374.0,3303.0,3288.0,3255.0,3196.0,3121.0,3053.0,3033.0
Rautavaara,1872.0,1848.0,1813.0,1784.0,1768.0,1737.0,1723.0,1698.0,1651.0,1602.0,1561.0,1513.0
Siilinjärvi,21010.0,21311.0,21431.0,21567.0,21668.0,21794.0,21768.0,21657.0,21674.0,21423.0,21251.0,21293.0
Sonkajärvi,4671.0,4600.0,4493.0,4454.0,4336.0,4278.0,4199.0,4075.0,3967.0,3897.0,3841.0,3777.0
Suonenjoki,7598.0,7577.0,7496.0,7456.0,7419.0,7390.0,7312.0,7266.0,7145.0,7064.0,6931.0,6891.0
Tervo,1706.0,1700.0,1704.0,1669.0,1627.0,1608.0,1611.0,1585.0,1567.0,1520.0,1503.0,1479.0
Tuusniemi,2864.0,2820.0,2795.0,2802.0,2750.0,2719.0,2643.0,2597.0,2551.0,2477.0,2433.0,2420.0
Varkaus,22777.0,22606.0,22340.0,22107.0,21860.0,21638.0,21468.0,21155.0,20829.0,20466.0,20278.0,19973.0
Vesanto,2426.0,2390.0,2328.0,2288.0,2244.0,2191.0,2148.0,2094.0,2058.0,2014.0,1972.0,1941.0
Vieremä,3982.0,3962.0,3930.0,3874.0,3816.0,3757.0,3721.0,3685.0,3676.0,3579.0,3522.0,3490.0
Heinävesi,3912.0,3827.0,3742.0,3667.0,3638.0,3574.0,3514.0,3455.0,3329.0,3254.0,3196.0,3136.0
Ilomantsi,5883.0,5834.0,5693.0,5614.0,5504.0,5336.0,5237.0,5128.0,4973.0,4857.0,4749.0,4643.0
Joensuu,73305.0,73758.0,74168.0,74471.0,75041.0,75514.0,75848.0,76067.0,76551.0,76850.0,76935.0,77261.0
Juuka,5589.0,5453.0,5324.0,5203.0,5140.0,5034.0,4938.0,4817.0,4709.0,4606.0,4527.0,4444.0
Kitee,11666.0,11515.0,11341.0,11197.0,10986.0,10832.0,10719.0,10486.0,10358.0,10136.0,9933.0,9877.0
Kontiolahti,13722.0,14000.0,14245.0,14422.0,14681.0,14827.0,14806.0,14830.0,14849.0,14821.0,14857.0,15035.0
Lieksa,12687.0,12585.0,12399.0,12303.0,12117.0,11772.0,11580.0,11297.0,11098.0,10884.0,10719.0,10543.0
Liperi,12271.0,12286.0,12397.0,12396.0,12335.0,12338.0,12301.0,12150.0,12145.0,12084.0,11994.0,11979.0
Nurmes,10966.0,10796.0,10729.0,10570.0,10444.0,10320.0,10130.0,9983.0,9784.0,9552.0,9501.0,9423.0
Outokumpu,7411.0,7377.0,7343.0,7262.0,7172.0,7139.0,7091.0,7003.0,6803.0,6688.0,6552.0,6506.0
Polvijärvi,4804.0,4778.0,4728.0,4664.0,4609.0,4556.0,4514.0,4414.0,4307.0,4246.0,4201.0,4161.0
Rääkkylä,2554.0,2532.0,2490.0,2467.0,2435.0,2349.0,2268.0,2240.0,2181.0,2126.0,2066.0,2032.0
Tohmajärvi,5008.0,4992.0,4897.0,4876.0,4794.0,4738.0,4653.0,4571.0,4482.0,4361.0,4307.0,4241.0
Hankasalmi,5542.0,5491.0,5453.0,5404.0,5307.0,5240.0,5159.0,5019.0,4939.0,4875.0,4782.0,4683.0
Joutsa,5053.0,4958.0,4898.0,4857.0,4782.0,4688.0,4673.0,4567.0,4467.0,4377.0,4297.0,4263.0
Jyväskylä,130816.0,132062.0,133482.0,134658.0,135780.0,137368.0,138850.0,140188.0,141305.0,142400.0,143420.0,144473.0
Jämsä,22691.0,22507.0,22354.0,22138.0,21808.0,21542.0,21259.0,20877.0,20607.0,20182.0,19887.0,19767.0
Kannonkoski,1577.0,1544.0,1553.0,1520.0,1475.0,1462.0,1424.0,1408.0,1353.0,1339.0,1323.0,1311.0
Karstula,4507.0,4462.0,4376.0,4343.0,4286.0,4268.0,4232.0,4146.0,4031.0,3949.0,3858.0,3774.0
Keuruu,10666.0,10574.0,10488.0,10310.0,10177.0,10117.0,9992.0,9919.0,9762.0,9605.0,9486.0,9443.0
Kinnula,1821.0,1816.0,1764.0,1769.0,1766.0,1745.0,1699.0,1656.0,1615.0,1620.0,1597.0,1581.0
Kivijärvi,1364.0,1334.0,1303.0,1259.0,1244.0,1200.0,1161.0,1132.0,1103.0,1096.0,1107.0,1088.0
Konnevesi,2963.0,2924.0,2904.0,2846.0,2831.0,2757.0,2753.0,2748.0,2698.0,2627.0,2593.0,2586.0
Kyyjärvi,1508.0,1503.0,1469.0,1431.0,1399.0,1379.0,1375.0,1352.0,1343.0,1313.0,1288.0,1232.0
Laukaa,18142.0,18286.0,18481.0,18588.0,18709.0,18865.0,18970.0,18978.0,18927.0,18903.0,18823.0,18788.0
Luhanka,831.0,802.0,773.0,763.0,761.0,761.0,756.0,734.0,707.0,690.0,699.0,703.0
Multia,1890.0,1847.0,1816.0,1777.0,1763.0,1710.0,1663.0,1636.0,1584.0,1566.0,1558.0,1488.0
Muurame,9256.0,9438.0,9569.0,9572.0,9700.0,9791.0,9941.0,10097.0,10170.0,10164.0,10267.0,10426.0
Petäjävesi,4022.0,4065.0,4095.0,4125.0,4081.0,4008.0,3981.0,3920.0,3900.0,3841.0,3772.0,3678.0
Pihtipudas,4563.0,4500.0,4441.0,4354.0,4261.0,4221.0,4202.0,4127.0,4053.0,4032.0,3931.0,3873.0
Saarijärvi,10580.0,10380.0,10258.0,10165.0,10084.0,9915.0,9690.0,9589.0,9415.0,9309.0,9208.0,9117.0
Toivakka,2418.0,2475.0,2455.0,2466.0,2472.0,2431.0,2432.0,2384.0,2406.0,2388.0,2401.0,2387.0
Uurainen,3455.0,3507.0,3569.0,3594.0,3611.0,3666.0,3717.0,3747.0,3783.0,3681.0,3646.0,3634.0
Viitasaari,7174.0,7065.0,6957.0,6895.0,6780.0,6666.0,6607.0,6411.0,6264.0,6176.0,6097.0,6070.0
Äänekoski,20244.0,20334.0,20265.0,20077.0,19909.0,19646.0,19374.0,19144.0,18851.0,18765.0,18577.0,18318.0
Alajärvi,10487.0,10327.0,10268.0,10227.0,10171.0,10006.0,9899.0,9831.0,9700.0,9562.0,9419.0,9311.0
Alavus,12439.0,12385.0,12341.0,12228.0,12103.0,12044.0,11907.0,11713.0,11544.0,11468.0,11332.0,11197.0
Evijärvi,2755.0,2747.0,2686.0,2685.0,2651.0,2576.0,2535.0,2499.0,2473.0,2425.0,2408.0,2404.0
Ilmajoki,11841.0,11898.0,12022.0,12099.0,12181.0,12159.0,12167.0,12205.0,12187.0,12269.0,12294.0,12366.0
Isojoki,2400.0,2354.0,2290.0,2257.0,2198.0,2123.0,2079.0,2032.0,1976.0,1951.0,1925.0,1891.0
Isokyrö,4965.0,4936.0,4886.0,4854.0,4842.0,4785.0,4712.0,4673.0,4601.0,4522.0,4471.0,4480.0
Karijoki,1521.0,1527.0,1514.0,1462.0,1409.0,1369.0,1349.0,1329.0,1274.0,1245.0,1207.0,1192.0
Kauhajoki,14269.0,14191.0,14167.0,14081.0,14007.0,13875.0,13772.0,13610.0,13375.0,13184.0,13007.0,12890.0
Kauhava,17308.0,17265.0,17202.0,17065.0,16908.0,16784.0,16599.0,16278.0,16022.0,15726.0,15514.0,15312.0
Kuortane,3943.0,3906.0,3849.0,3819.0,3727.0,3715.0,3690.0,3637.0,3572.0,3551.0,3534.0,3528.0
Kurikka,22811.0,22625.0,22466.0,22309.0,22073.0,21734.0,21501.0,21203.0,20952.0,20678.0,20456.0,20197.0
Lappajärvi,3440.0,3436.0,3383.0,3317.0,3259.0,3215.0,3176.0,3140.0,3078.0,2996.0,2925.0,2866.0
Lapua,14428.0,14530.0,14650.0,14692.0,14733.0,14609.0,14575.0,14494.0,14427.0,14278.0,14221.0,14203.0
Seinäjoki,57811.0,58703.0,59556.0,60354.0,60880.0,61530.0,62052.0,62676.0,63288.0,63781.0,64130.0,64736.0
Soini,2391.0,2360.0,2329.0,2284.0,2273.0,2224.0,2186.0,2114.0,2085.0,2052.0,2007.0,1997.0
Teuva,5923.0,5847.0,5767.0,5656.0,5543.0,5482.0,5363.0,5269.0,5158.0,5076.0,4994.0,4952.0
Vimpeli,3255.0,3222.0,3205.0,3171.0,3106.0,3073.0,3025.0,2974.0,2901.0,2827.0,2784.0,2756.0
Ähtäri,6482.0,6412.0,6363.0,6271.0,6178.0,6068.0,5985.0,5906.0,5703.0,5616.0,5522.0,5484.0
Kaskinen,1429.0,1404.0,1382.0,1350.0,1324.0,1285.0,1296.0,1274.0,1262.0,1246.0,1278.0,1289.0
Korsnäs,2260.0,2249.0,2232.0,2218.0,2219.0,2201.0,2171.0,2154.0,2122.0,2077.0,2068.0,2050.0
Kristiinankaupunki,7157.0,7096.0,7055.0,7001.0,6845.0,6793.0,6727.0,6638.0,6596.0,6486.0,6404.0,6380.0
Kruunupyy,6731.0,6681.0,6666.0,6682.0,6662.0,6682.0,6620.0,6531.0,6509.0,6428.0,6416.0,6442.0
Laihia,7870.0,7933.0,7993.0,8007.0,8068.0,8090.0,8139.0,8051.0,8058.0,8017.0,7996.0,7916.0
Luoto,4816.0,4921.0,4966.0,5065.0,5107.0,5147.0,5176.0,5264.0,5340.0,5417.0,5534.0,5622.0
Maalahti,5605.0,5614.0,5586.0,5580.0,5573.0,5545.0,5517.0,5477.0,5477.0,5475.0,5451.0,5487.0
Mustasaari,18637.0,18868.0,19012.0,19153.0,19287.0,19302.0,19380.0,19384.0,19444.0,19448.0,19453.0,19536.0
Närpiö,9435.0,9412.0,9380.0,9335.0,9389.0,9387.0,9439.0,9507.0,9471.0,9479.0,9558.0,9562.0
Pedersören kunta,10893.0,10937.0,10940.0,10970.0,11060.0,11129.0,11067.0,11084.0,11016.0,11081.0,11174.0,11172.0
Pietarsaari,19656.0,19623.0,19680.0,19633.0,19577.0,19436.0,19377.0,19379.0,19278.0,19208.0,19066.0,19097.0
Uusikaarlepyy,7458.0,7516.0,7531.0,7524.0,7533.0,7564.0,7516.0,7521.0,7455.0,7464.0,7479.0,7497.0
Vaasa,64345.0,65173.0,65674.0,66321.0,66965.0,67619.0,67620.0,67392.0,67552.0,67636.0,67551.0,67615.0
Vöyri,6689.0,6743.0,6680.0,6691.0,6705.0,6714.0,6684.0,6616.0,6613.0,6461.0,6388.0,6376.0
Halsua,1289.0,1275.0,1248.0,1229.0,1222.0,1225.0,1219.0,1171.0,1165.0,1127.0,1103.0,1083.0
Kannus,5737.0,5697.0,5736.0,5675.0,5643.0,5590.0,5578.0,5520.0,5502.0,5464.0,5426.0,5390.0
Kaustinen,4302.0,4280.0,4287.0,4288.0,4283.0,4305.0,4298.0,4309.0,4273.0,4261.0,4228.0,4196.0
Kokkola,46260.0,46585.0,46773.0,47031.0,47278.0,47570.0,47723.0,47723.0,47657.0,47681.0,47772.0,47909.0
Lestijärvi,853.0,847.0,835.0,818.0,817.0,798.0,811.0,789.0,737.0,719.0,722.0,719.0
Perho,2934.0,2910.0,2923.0,2923.0,2893.0,2931.0,2907.0,2860.0,2825.0,2759.0,2706.0,2676.0
Toholampi,3480.0,3485.0,3426.0,3381.0,3354.0,3311.0,3232.0,3192.0,3112.0,3033.0,2966.0,2938.0
Veteli,3466.0,3405.0,3382.0,3332.0,3342.0,3302.0,3259.0,3216.0,3166.0,3114.0,3065.0,3004.0
Alavieska,2770.0,2750.0,2761.0,2740.0,2687.0,2687.0,2639.0,2610.0,2573.0,2519.0,2517.0,2491.0
Haapajärvi,7639.0,7609.0,7641.0,7616.0,7479.0,7438.0,7332.0,7251.0,7147.0,7010.0,6896.0,6802.0
Haapavesi,7418.0,7384.0,7283.0,7241.0,7175.0,7167.0,7098.0,6970.0,6854.0,6758.0,6667.0,6613.0
Hailuoto,1004.0,1004.0,986.0,999.0,997.0,993.0,994.0,967.0,974.0,959.0,949.0,950.0
Ii,9382.0,9499.0,9574.0,9610.0,9666.0,9663.0,9628.0,9966.0,9862.0,9844.0,9848.0,9912.0
Kalajoki,12562.0,12616.0,12625.0,12644.0,12632.0,12621.0,12586.0,12516.0,12387.0,12373.0,12400.0,12412.0
Kempele,15864.0,16182.0,16383.0,16605.0,16889.0,17066.0,17297.0,17535.0,17923.0,18355.0,18796.0,19116.0
Kuusamo,16492.0,16373.0,16167.0,15952.0,15823.0,15688.0,15533.0,15386.0,15207.0,15134.0,15213.0,15165.0
Kärsämäki,2872.0,2819.0,2760.0,2721.0,2696.0,2658.0,2655.0,2611.0,2613.0,2576.0,2538.0,2533.0
Liminka,9037.0,9164.0,9432.0,9577.0,9740.0,9937.0,10000.0,10133.0,10161.0,10191.0,10238.0,10218.0
Lumijoki,1994.0,2037.0,2059.0,2084.0,2074.0,2076.0,2105.0,2081.0,2052.0,2020.0,2036.0,2018.0
Merijärvi,1202.0,1199.0,1176.0,1153.0,1150.0,1134.0,1131.0,1119.0,1104.0,1089.0,1078.0,1076.0
Muhos,8857.0,8909.0,8948.0,8998.0,8986.0,9063.0,8995.0,9019.0,8980.0,8908.0,8903.0,8909.0
Nivala,11025.0,11051.0,10985.0,10942.0,10945.0,10876.0,10889.0,10815.0,10737.0,10639.0,10500.0,10396.0
Oulainen,7889.0,7916.0,7847.0,7772.0,7725.0,7610.0,7514.0,7472.0,7430.0,7288.0,7155.0,7102.0
Oulu,185419.0,188114.0,190847.0,193798.0,196291.0,198525.0,200526.0,201810.0,203567.0,205489.0,207327.0,209551.0
Pudasjärvi,8827.0,8695.0,8620.0,8537.0,8399.0,8257.0,8187.0,8103.0,7990.0,7873.0,7779.0,7702.0
Pyhäjoki,3393.0,3361.0,3311.0,3356.0,3290.0,3211.0,3188.0,3189.0,3146.0,3077.0,3051.0,3048.0
Pyhäjärvi,5946.0,5887.0,5849.0,5731.0,5562.0,5505.0,5446.0,5337.0,5248.0,5131.0,5033.0,4964.0
Pyhäntä,1633.0,1584.0,1566.0,1545.0,1562.0,1587.0,1579.0,1579.0,1557.0,1578.0,1593.0,1631.0
Raahe,25656.0,25652.0,25659.0,25507.0,25383.0,25165.0,25010.0,25001.0,24811.0,24679.0,24353.0,24260.0
Reisjärvi,2973.0,2996.0,2961.0,2925.0,2901.0,2894.0,2854.0,2813.0,2743.0,2718.0,2710.0,2690.0
Sievi,5310.0,5285.0,5241.0,5198.0,5154.0,5124.0,5069.0,5035.0,4980.0,4910.0,4834.0,4781.0
Siikajoki,5682.0,5639.0,5597.0,5593.0,5526.0,5466.0,5366.0,5343.0,5249.0,5145.0,5034.0,5028.0
Siikalatva,6179.0,6061.0,5983.0,5857.0,5816.0,5677.0,5583.0,5447.0,5301.0,5231.0,5203.0,5131.0
Taivalkoski,4459.0,4422.0,4313.0,4251.0,4231.0,4199.0,4133.0,4058.0,4024.0,3976.0,3916.0,3913.0
Tyrnävä,6416.0,6462.0,6613.0,6642.0,6735.0,6793.0,6750.0,6730.0,6758.0,6637.0,6603.0,6593.0
Utajärvi,2998.0,2951.0,2950.0,2945.0,2907.0,2861.0,2824.0,2768.0,2702.0,2676.0,2619.0,2568.0
Vaala,3370.0,3314.0,3250.0,3193.0,3139.0,3074.0,3040.0,2941.0,2869.0,2792.0,2737.0,2673.0
Ylivieska,14067.0,14266.0,14533.0,14748.0,14976.0,15039.0,15199.0,15251.0,15212.0,15255.0,15304.0,15357.0
Hyrynsalmi,2736.0,2672.0,2603.0,2565.0,2490.0,2422.0,2406.0,2326.0,2287.0,2271.0,2199.0,2139.0
Kajaani,38157.0,38045.0,37973.0,37868.0,37791.0,37622.0,37521.0,37239.0,36973.0,36709.0,36567.0,36493.0
Kuhmo,9492.0,9334.0,9240.0,9104.0,8950.0,8806.0,8647.0,8499.0,8329.0,8190.0,8042.0,7928.0
Paltamo,3884.0,3807.0,3743.0,3620.0,3564.0,3488.0,3491.0,3435.0,3336.0,3273.0,3235.0,3183.0
Puolanka,3063.0,2997.0,2931.0,2878.0,2824.0,2776.0,2735.0,2669.0,2597.0,2528.0,2491.0,2446.0
Ristijärvi,1513.0,1489.0,1450.0,1427.0,1416.0,1351.0,1345.0,1317.0,1288.0,1272.0,1235.0,1210.0
Sotkamo,10702.0,10697.0,10682.0,10659.0,10598.0,10523.0,10471.0,10423.0,10389.0,10336.0,10301.0,10348.0
Suomussalmi,9156.0,8943.0,8813.0,8661.0,8486.0,8336.0,8187.0,8051.0,7862.0,7727.0,7594.0,7508.0
Enontekiö,1876.0,1893.0,1880.0,1891.0,1890.0,1861.0,1872.0,1893.0,1852.0,1838.0,1808.0,1789.0
Inari,6778.0,6754.0,6732.0,6794.0,6814.0,6804.0,6825.0,6869.0,6930.0,6907.0,6862.0,7008.0
Kemi,22537.0,22399.0,22257.0,22120.0,21929.0,21758.0,21602.0,21256.0,21021.0,20707.0,20437.0,19982.0
Kemijärvi,8418.0,8295.0,8093.0,7983.0,7892.0,7766.0,7661.0,7534.0,7370.0,7274.0,7191.0,7105.0
Keminmaa,8573.0,8572.0,8585.0,8565.0,8469.0,8388.0,8316.0,8296.0,8147.0,8079.0,7984.0,7904.0
Kittilä,6183.0,6279.0,6388.0,6478.0,6470.0,6416.0,6383.0,6421.0,6436.0,6453.0,6436.0,6523.0
Kolari,3839.0,3836.0,3853.0,3885.0,3840.0,3848.0,3827.0,3854.0,3834.0,3846.0,3925.0,3989.0
Muonio,2401.0,2369.0,2394.0,2383.0,2375.0,2358.0,2350.0,2332.0,2299.0,2308.0,2297.0,2321.0
Pelkosenniemi,1008.0,973.0,963.0,966.0,947.0,958.0,951.0,958.0,954.0,939.0,931.0,924.0
Pello,3980.0,3912.0,3819.0,3739.0,3676.0,3623.0,3565.0,3510.0,3438.0,3373.0,3304.0,3296.0
Posio,3874.0,3818.0,3738.0,3647.0,3633.0,3477.0,3424.0,3310.0,3237.0,3183.0,3117.0,3066.0
Ranua,4337.0,4262.0,4227.0,4154.0,4093.0,4020.0,4023.0,3972.0,3896.0,3783.0,3712.0,3670.0
Rovaniemi,60090.0,60637.0,60877.0,61215.0,61551.0,61838.0,62231.0,62420.0,62922.0,63042.0,63528.0,64180.0
Salla,4162.0,4052.0,3979.0,3890.0,3781.0,3727.0,3653.0,3575.0,3491.0,3400.0,3407.0,3416.0
Savukoski,1179.0,1156.0,1127.0,1126.0,1103.0,1061.0,1044.0,1012.0,1015.0,1005.0,1009.0,1009.0
Simo,3489.0,3441.0,3429.0,3356.0,3296.0,3238.0,3170.0,3110.0,3045.0,2988.0,2950.0,2904.0
Sodankylä,8779.0,8806.0,8834.0,8884.0,8820.0,8782.0,8653.0,8545.0,8444.0,8303.0,8266.0,8187.0
Tervola,3444.0,3387.0,3339.0,3306.0,3239.0,3195.0,3099.0,3068.0,3062.0,3001.0,2925.0,2882.0
Tornio,22513.0,22545.0,22489.0,22371.0,22322.0,22199.0,22117.0,21928.0,21875.0,21602.0,21467.0,21333.0
Utsjoki,1297.0,1294.0,1285.0,1279.0,1260.0,1250.0,1241.0,1242.0,1232.0,1212.0,1219.0,1176.0
Ylitornio,4731.0,4650.0,4556.0,4482.0,4348.0,4291.0,4200.0,4118.0,4022.0,3918.0,3890.0,3830.0
Brändö,488.0,480.0,476.0,475.0,474.0,470.0,471.0,452.0,449.0,445.0,449.0,449.0
Eckerö,943.0,978.0,960.0,947.0,932.0,935.0,928.0,948.0,961.0,952.0,958.0,933.0
Finström,2502.0,2527.0,2531.0,2520.0,2535.0,2522.0,2594.0,2580.0,2588.0,2593.0,2603.0,2638.0
Föglö,580.0,577.0,578.0,572.0,568.0,554.0,561.0,532.0,534.0,531.0,526.0,501.0
Geta,475.0,492.0,495.0,500.0,494.0,500.0,499.0,495.0,514.0,496.0,511.0,505.0
Hammarland,1508.0,1526.0,1522.0,1540.0,1531.0,1537.0,1508.0,1547.0,1577.0,1583.0,1599.0,1619.0
Jomala,4098.0,4249.0,4355.0,4424.0,4560.0,4648.0,4757.0,4859.0,5032.0,5233.0,5386.0,5512.0
Kumlinge,364.0,361.0,338.0,330.0,328.0,317.0,308.0,314.0,315.0,314.0,307.0,313.0
Kökar,259.0,249.0,245.0,251.0,254.0,250.0,246.0,236.0,236.0,232.0,225.0,224.0
Lemland,1814.0,1860.0,1883.0,1926.0,1943.0,1991.0,2012.0,2028.0,2033.0,2053.0,2114.0,2135.0
Lumparland,394.0,399.0,392.0,413.0,418.0,398.0,385.0,395.0,382.0,366.0,372.0,376.0
Maarianhamina,11190.0,11262.0,11345.0,11393.0,11479.0,11461.0,11565.0,11677.0,11743.0,11679.0,11705.0,11742.0
Saltvik,1802.0,1810.0,1823.0,1813.0,1825.0,1829.0,1839.0,1873.0,1858.0,1849.0,1806.0,1810.0
Sottunga,119.0,103.0,101.0,100.0,101.0,99.0,96.0,92.0,91.0,88.0,101.0,105.0
Sund,1019.0,1032.0,1035.0,1029.0,1035.0,1031.0,1006.0,1031.0,1028.0,1023.0,1007.0,1019.0
Vårdö,452.0,449.0,422.0,433.0,439.0,441.0,439.0,430.0,448.0,447.0,460.0,463.0
