City,2010_taloudet_yhteensa_te,2011_taloudet_yhteensa_te,2012_taloudet_yhteensa_te,2013_taloudet_yhteensa_te,2014_taloudet_yhteensa_te,2015_taloudet_yhteensa_te,2016_taloudet_yhteensa_te,2017_taloudet_yhteensa_te,2018_taloudet_yhteensa_te,2019_taloudet_yhteensa_te,2020_taloudet_yhteensa_te,2021_taloudet_yhteensa_te
Askola,1974.0,1996.0,2030.0,2048.0,2067.0,2071.0,2067.0,2064.0,2077.0,2084.0,2110.0,2111.0
Espoo,107913.0,109940.0,112203.0,113790.0,115652.0,117424.0,119963.0,122910.0,125871.0,129908.0,132797.0,136194.0
Hanko,4684.0,4672.0,4614.0,4583.0,4547.0,4506.0,4414.0,4376.0,4360.0,4307.0,4287.0,4247.0
Helsinki,303982.0,306918.0,311243.0,315141.0,318225.0,321381.0,325319.0,330933.0,335061.0,339786.0,344898.0,347146.0
Hyvinkää,21316.0,21425.0,21587.0,21970.0,22123.0,22349.0,22564.0,22768.0,22950.0,23154.0,23512.0,23907.0
Inkoo,2316.0,2363.0,2372.0,2384.0,2381.0,2386.0,2402.0,2397.0,2405.0,2410.0,2410.0,2422.0
Järvenpää,17635.0,17861.0,18361.0,18524.0,18850.0,19171.0,19560.0,20346.0,21020.0,21360.0,22045.0,22577.0
Karkkila,4290.0,4299.0,4270.0,4283.0,4249.0,4242.0,4207.0,4217.0,4208.0,4268.0,4302.0,4316.0
Kauniainen,3428.0,3462.0,3557.0,3669.0,3787.0,3826.0,3813.0,3994.0,4029.0,4106.0,4369.0,4474.0
Kerava,16010.0,16205.0,16330.0,16598.0,16856.0,16915.0,17103.0,17257.0,17855.0,18295.0,18659.0,18760.0
Kirkkonummi,14700.0,14854.0,15046.0,15274.0,15531.0,15854.0,16116.0,16368.0,16652.0,17012.0,17462.0,17879.0
Lapinjärvi,1314.0,1327.0,1319.0,1319.0,1315.0,1314.0,1305.0,1276.0,1260.0,1247.0,1251.0,1248.0
Lohja,21257.0,21324.0,21537.0,21664.0,21760.0,21728.0,21779.0,21847.0,21816.0,21904.0,22026.0,22281.0
Loviisa,7570.0,7550.0,7578.0,7570.0,7572.0,7569.0,7545.0,7540.0,7491.0,7480.0,7512.0,7493.0
Myrskylä,892.0,902.0,883.0,886.0,881.0,877.0,887.0,892.0,878.0,875.0,886.0,871.0
Mäntsälä,8087.0,8153.0,8329.0,8405.0,8519.0,8595.0,8721.0,8802.0,8894.0,8968.0,9115.0,9188.0
Nurmijärvi,15498.0,15746.0,16006.0,16280.0,16541.0,16798.0,17072.0,17297.0,17816.0,18327.0,18907.0,19223.0
Pornainen,1795.0,1832.0,1852.0,1878.0,1895.0,1897.0,1903.0,1935.0,1936.0,1966.0,1996.0,2018.0
Porvoo,21788.0,21928.0,22128.0,22359.0,22579.0,22855.0,22919.0,23053.0,23280.0,23536.0,23884.0,24219.0
Pukkila,868.0,862.0,875.0,884.0,882.0,869.0,872.0,862.0,866.0,853.0,854.0,863.0
Raasepori,13587.0,13624.0,13599.0,13584.0,13646.0,13641.0,13613.0,13565.0,13586.0,13665.0,13711.0,13822.0
Sipoo,7224.0,7271.0,7420.0,7509.0,7579.0,7829.0,8161.0,8376.0,8662.0,9087.0,9509.0,9774.0
Siuntio,2382.0,2420.0,2448.0,2484.0,2515.0,2537.0,2540.0,2537.0,2565.0,2605.0,2632.0,2670.0
Tuusula,15048.0,15285.0,15447.0,15610.0,15754.0,15986.0,16183.0,16345.0,16536.0,16659.0,16964.0,17516.0
Vantaa,91152.0,92745.0,94090.0,95398.0,96687.0,98885.0,101529.0,104180.0,107440.0,111348.0,114198.0,116058.0
Vihti,11718.0,11933.0,12063.0,12186.0,12301.0,12391.0,12493.0,12745.0,12903.0,13057.0,13166.0,13284.0
Aura,1653.0,1672.0,1702.0,1708.0,1718.0,1734.0,1747.0,1764.0,1774.0,1786.0,1790.0,1805.0
Kaarina,13225.0,13343.0,13530.0,13779.0,13999.0,14152.0,14263.0,14549.0,14842.0,15159.0,15643.0,16025.0
Kemiönsaari,3420.0,3446.0,3443.0,3442.0,3427.0,3418.0,3421.0,3409.0,3385.0,3348.0,3373.0,3390.0
Koski Tl,1188.0,1207.0,1189.0,1181.0,1182.0,1173.0,1192.0,1174.0,1179.0,1171.0,1167.0,1164.0
Kustavi,446.0,443.0,452.0,444.0,459.0,470.0,480.0,487.0,483.0,501.0,505.0,509.0
Laitila,3903.0,3887.0,3930.0,3942.0,3953.0,3999.0,4000.0,4041.0,4082.0,4097.0,4069.0,4068.0
Lieto,7241.0,7448.0,7617.0,7679.0,7740.0,7820.0,7951.0,8096.0,8215.0,8384.0,8562.0,8701.0
Loimaa,8187.0,8224.0,8185.0,8191.0,8199.0,8180.0,8111.0,8107.0,8113.0,8094.0,8096.0,8090.0
Marttila,929.0,934.0,939.0,957.0,961.0,954.0,964.0,948.0,959.0,959.0,959.0,973.0
Masku,3616.0,3678.0,3731.0,3774.0,3794.0,3809.0,3824.0,3841.0,3842.0,3865.0,3888.0,3930.0
Mynämäki,3531.0,3560.0,3550.0,3562.0,3584.0,3579.0,3595.0,3612.0,3617.0,3590.0,3612.0,3594.0
Naantali,8584.0,8673.0,8710.0,8727.0,8834.0,8900.0,8949.0,9004.0,9126.0,9226.0,9406.0,9574.0
Nousiainen,1905.0,1907.0,1930.0,1935.0,1941.0,1963.0,1957.0,1969.0,1968.0,1980.0,1970.0,1966.0
Oripää,635.0,635.0,644.0,640.0,634.0,624.0,623.0,629.0,619.0,614.0,616.0,610.0
Paimio,4627.0,4667.0,4738.0,4717.0,4760.0,4806.0,4858.0,4874.0,4925.0,4970.0,5018.0,5099.0
Parainen,7021.0,7004.0,7008.0,7002.0,7042.0,7090.0,7112.0,7092.0,7105.0,7116.0,7192.0,7229.0
Pyhäranta,962.0,961.0,956.0,947.0,948.0,950.0,940.0,953.0,955.0,953.0,948.0,953.0
Pöytyä,3742.0,3758.0,3790.0,3811.0,3812.0,3812.0,3793.0,3792.0,3797.0,3781.0,3785.0,3815.0
Raisio,11391.0,11486.0,11547.0,11564.0,11559.0,11577.0,11642.0,11700.0,11700.0,11735.0,11974.0,12217.0
Rusko,2165.0,2211.0,2249.0,2286.0,2342.0,2383.0,2402.0,2472.0,2499.0,2520.0,2546.0,2586.0
Salo,26204.0,26227.0,26208.0,26161.0,26150.0,26155.0,26122.0,26101.0,26048.0,25997.0,26128.0,26300.0
Sauvo,1335.0,1336.0,1345.0,1363.0,1359.0,1366.0,1376.0,1368.0,1354.0,1366.0,1378.0,1385.0
Somero,4443.0,4426.0,4452.0,4422.0,4452.0,4434.0,4429.0,4385.0,4381.0,4345.0,4342.0,4325.0
Taivassalo,810.0,815.0,809.0,806.0,793.0,792.0,788.0,816.0,816.0,810.0,812.0,819.0
Turku,95185.0,96072.0,97346.0,98252.0,99052.0,100153.0,101331.0,102969.0,105025.0,106987.0,108794.0,110254.0
Uusikaupunki,7813.0,7762.0,7675.0,7692.0,7781.0,7796.0,7815.0,7972.0,8013.0,8005.0,7982.0,8081.0
Vehmaa,1107.0,1112.0,1102.0,1110.0,1109.0,1088.0,1091.0,1123.0,1119.0,1118.0,1128.0,1122.0
Eura,5748.0,5724.0,5734.0,5747.0,5740.0,5738.0,5703.0,5648.0,5612.0,5576.0,5579.0,5570.0
Eurajoki,3957.0,3942.0,3980.0,3991.0,4010.0,4006.0,4060.0,4144.0,4118.0,4132.0,4163.0,4118.0
Harjavalta,3812.0,3801.0,3831.0,3816.0,3801.0,3772.0,3747.0,3737.0,3705.0,3676.0,3656.0,3622.0
Huittinen,5162.0,5127.0,5151.0,5168.0,5178.0,5168.0,5150.0,5108.0,5084.0,5121.0,5106.0,5093.0
Jämijärvi,896.0,871.0,871.0,874.0,876.0,865.0,851.0,836.0,822.0,812.0,813.0,807.0
Kankaanpää,6645.0,6607.0,6597.0,6623.0,6595.0,6595.0,6560.0,6512.0,6507.0,6471.0,6446.0,6444.0
Karvia,1200.0,1199.0,1182.0,1177.0,1183.0,1195.0,1188.0,1165.0,1166.0,1151.0,1153.0,1149.0
Kokemäki,3830.0,3798.0,3807.0,3774.0,3782.0,3739.0,3703.0,3670.0,3649.0,3625.0,3634.0,3607.0
Merikarvia,1561.0,1558.0,1531.0,1548.0,1542.0,1514.0,1513.0,1509.0,1501.0,1482.0,1479.0,1477.0
Nakkila,2649.0,2610.0,2642.0,2630.0,2637.0,2642.0,2622.0,2615.0,2592.0,2580.0,2570.0,2555.0
Pomarkku,1095.0,1074.0,1061.0,1063.0,1048.0,1033.0,1031.0,1012.0,1008.0,994.0,1009.0,1002.0
Pori,42649.0,42851.0,43054.0,43305.0,43518.0,43707.0,43883.0,44066.0,44189.0,44303.0,44534.0,44623.0
Rauma,19223.0,19294.0,19440.0,19655.0,19794.0,19802.0,19797.0,19865.0,19901.0,20001.0,20062.0,20192.0
Siikainen,785.0,782.0,773.0,760.0,745.0,731.0,715.0,706.0,700.0,699.0,695.0,688.0
Säkylä,3495.0,3490.0,3469.0,3448.0,3461.0,3414.0,3403.0,3379.0,3364.0,3371.0,3371.0,3356.0
Ulvila,5981.0,5983.0,5957.0,5991.0,5998.0,6024.0,6003.0,5989.0,5984.0,5983.0,6013.0,5992.0
Forssa,9229.0,9282.0,9314.0,9272.0,9273.0,9265.0,9271.0,9286.0,9254.0,9265.0,9315.0,9242.0
Hattula,4129.0,4151.0,4175.0,4197.0,4199.0,4225.0,4233.0,4244.0,4214.0,4231.0,4258.0,4279.0
Hausjärvi,3734.0,3740.0,3752.0,3755.0,3769.0,3760.0,3735.0,3722.0,3723.0,3730.0,3741.0,3775.0
Humppila,1152.0,1151.0,1154.0,1147.0,1144.0,1120.0,1126.0,1110.0,1115.0,1089.0,1098.0,1089.0
Hämeenlinna,32853.0,33107.0,33409.0,33663.0,33927.0,34065.0,34189.0,34256.0,34609.0,34981.0,35342.0,35774.0
Janakkala,7602.0,7659.0,7685.0,7747.0,7754.0,7792.0,7789.0,7773.0,7761.0,7838.0,7860.0,7892.0
Jokioinen,2499.0,2482.0,2482.0,2481.0,2460.0,2453.0,2447.0,2447.0,2434.0,2415.0,2396.0,2403.0
Loppi,3479.0,3523.0,3520.0,3544.0,3542.0,3529.0,3534.0,3538.0,3504.0,3523.0,3550.0,3556.0
Riihimäki,13881.0,14010.0,14091.0,14212.0,14356.0,14405.0,14412.0,14485.0,14484.0,14691.0,14796.0,14847.0
Tammela,2804.0,2808.0,2821.0,2813.0,2807.0,2809.0,2810.0,2796.0,2796.0,2781.0,2804.0,2804.0
Ypäjä,1191.0,1167.0,1156.0,1161.0,1168.0,1154.0,1147.0,1164.0,1152.0,1161.0,1172.0,1156.0
Akaa,7692.0,7732.0,7767.0,7771.0,7766.0,7795.0,7791.0,7809.0,7805.0,7815.0,7857.0,7931.0
Hämeenkyrö,4643.0,4673.0,4694.0,4761.0,4760.0,4800.0,4797.0,4751.0,4777.0,4785.0,4788.0,4831.0
Ikaalinen,3535.0,3541.0,3552.0,3538.0,3546.0,3547.0,3525.0,3522.0,3489.0,3490.0,3492.0,3525.0
Juupajoki,940.0,932.0,916.0,925.0,923.0,914.0,918.0,897.0,894.0,879.0,871.0,861.0
Kangasala,12538.0,12673.0,12873.0,12996.0,13136.0,13239.0,13584.0,13840.0,14064.0,14206.0,14530.0,14824.0
Kihniö,986.0,964.0,954.0,960.0,942.0,929.0,914.0,903.0,893.0,878.0,878.0,876.0
Kuhmoinen,1357.0,1332.0,1321.0,1298.0,1294.0,1278.0,1258.0,1250.0,1248.0,1230.0,1212.0,1205.0
Lempäälä,8284.0,8391.0,8603.0,8813.0,9019.0,9149.0,9254.0,9340.0,9621.0,9875.0,10055.0,10267.0
Mänttä-Vilppula,5730.0,5668.0,5594.0,5519.0,5504.0,5456.0,5395.0,5322.0,5255.0,5243.0,5187.0,5179.0
Nokia,14099.0,14264.0,14444.0,14685.0,14790.0,14957.0,15098.0,15192.0,15407.0,15630.0,16107.0,16539.0
Orivesi,4518.0,4536.0,4548.0,4566.0,4569.0,4529.0,4485.0,4517.0,4515.0,4513.0,4504.0,4496.0
Parkano,3248.0,3283.0,3298.0,3248.0,3270.0,3236.0,3252.0,3231.0,3218.0,3209.0,3194.0,3215.0
Pirkkala,7120.0,7388.0,7606.0,7725.0,7948.0,8018.0,8138.0,8299.0,8439.0,8570.0,8739.0,9014.0
Punkalaidun,1558.0,1536.0,1547.0,1531.0,1519.0,1484.0,1472.0,1464.0,1445.0,1420.0,1415.0,1404.0
Pälkäne,3102.0,3105.0,3101.0,3096.0,3097.0,3075.0,3059.0,3060.0,3046.0,3029.0,3045.0,3073.0
Ruovesi,2395.0,2392.0,2379.0,2357.0,2329.0,2305.0,2272.0,2255.0,2231.0,2189.0,2189.0,2183.0
Sastamala,11934.0,11994.0,12037.0,12044.0,12044.0,12008.0,12025.0,11998.0,12005.0,11944.0,11923.0,12020.0
Tampere,111639.0,113050.0,114690.0,116472.0,118078.0,119334.0,121506.0,124456.0,127639.0,130412.0,133600.0,136968.0
Urjala,2585.0,2566.0,2550.0,2515.0,2470.0,2458.0,2438.0,2439.0,2422.0,2398.0,2397.0,2419.0
Valkeakoski,10031.0,10149.0,10188.0,10222.0,10218.0,10286.0,10334.0,10294.0,10356.0,10385.0,10392.0,10437.0
Vesilahti,1658.0,1682.0,1698.0,1727.0,1748.0,1753.0,1760.0,1766.0,1762.0,1763.0,1793.0,1815.0
Virrat,3660.0,3656.0,3653.0,3607.0,3562.0,3534.0,3492.0,3464.0,3449.0,3392.0,3371.0,3377.0
Ylöjärvi,12415.0,12680.0,12887.0,12982.0,13238.0,13427.0,13471.0,13648.0,13790.0,13985.0,14133.0,14326.0
Asikkala,4063.0,4033.0,4009.0,4031.0,4025.0,4033.0,4050.0,4047.0,4032.0,4025.0,4039.0,3996.0
Hartola,1731.0,1714.0,1691.0,1640.0,1628.0,1594.0,1571.0,1553.0,1524.0,1504.0,1487.0,1479.0
Heinola,10313.0,10282.0,10336.0,10335.0,10305.0,10297.0,10276.0,10322.0,10257.0,10233.0,10235.0,10259.0
Hollola,10322.0,10418.0,10469.0,10473.0,10515.0,10577.0,10583.0,10670.0,10629.0,10653.0,10726.0,10705.0
Iitti,3414.0,3437.0,3438.0,3454.0,3447.0,3443.0,3462.0,3456.0,3420.0,3413.0,3392.0,3378.0
Kärkölä,2216.0,2197.0,2196.0,2191.0,2173.0,2181.0,2173.0,2172.0,2181.0,2168.0,2183.0,2179.0
Lahti,59656.0,60111.0,60730.0,60996.0,61473.0,61930.0,62574.0,63298.0,63876.0,64447.0,65207.0,65496.0
Orimattila,7454.0,7538.0,7561.0,7564.0,7583.0,7628.0,7640.0,7654.0,7672.0,7659.0,7680.0,7684.0
Padasjoki,1665.0,1657.0,1655.0,1648.0,1627.0,1607.0,1579.0,1573.0,1550.0,1531.0,1516.0,1509.0
Sysmä,2230.0,2220.0,2209.0,2204.0,2185.0,2173.0,2152.0,2141.0,2108.0,2064.0,2060.0,2052.0
Hamina,10375.0,10396.0,10368.0,10411.0,10410.0,10375.0,10348.0,10360.0,10308.0,10295.0,10272.0,10284.0
Kotka,27935.0,28076.0,28157.0,28132.0,28096.0,28084.0,28187.0,28191.0,28064.0,27934.0,28026.0,28007.0
Kouvola,43643.0,43644.0,43726.0,43670.0,43617.0,43614.0,43577.0,43467.0,43372.0,43202.0,43179.0,43102.0
Miehikkälä,1024.0,1011.0,1018.0,1019.0,1025.0,1011.0,997.0,980.0,969.0,944.0,950.0,956.0
Pyhtää,2362.0,2344.0,2334.0,2339.0,2352.0,2353.0,2347.0,2349.0,2346.0,2345.0,2369.0,2363.0
Virolahti,1632.0,1626.0,1622.0,1604.0,1615.0,1607.0,1591.0,1581.0,1561.0,1573.0,1562.0,1543.0
Imatra,14701.0,14731.0,14741.0,14787.0,14761.0,14731.0,14695.0,14628.0,14604.0,14476.0,14354.0,14221.0
Lappeenranta,36004.0,36262.0,36486.0,36799.0,36993.0,37152.0,37380.0,37767.0,38079.0,38384.0,38796.0,38992.0
Lemi,1336.0,1344.0,1347.0,1361.0,1362.0,1353.0,1357.0,1350.0,1363.0,1350.0,1363.0,1356.0
Luumäki,2510.0,2516.0,2495.0,2475.0,2466.0,2456.0,2452.0,2423.0,2404.0,2420.0,2384.0,2386.0
Parikkala,2855.0,2832.0,2806.0,2792.0,2757.0,2717.0,2698.0,2650.0,2591.0,2546.0,2540.0,2517.0
Rautjärvi,1985.0,1954.0,1942.0,1932.0,1908.0,1869.0,1853.0,1855.0,1814.0,1775.0,1753.0,1746.0
Ruokolahti,2647.0,2630.0,2634.0,2604.0,2576.0,2569.0,2553.0,2561.0,2540.0,2515.0,2503.0,2519.0
Savitaipale,1818.0,1814.0,1817.0,1809.0,1796.0,1773.0,1762.0,1762.0,1760.0,1747.0,1747.0,1737.0
Taipalsaari,2028.0,2022.0,2036.0,2044.0,2047.0,2057.0,2072.0,2080.0,2069.0,2065.0,2089.0,2077.0
Enonkoski,739.0,729.0,721.0,721.0,711.0,703.0,703.0,695.0,697.0,693.0,700.0,707.0
Hirvensalmi,1231.0,1227.0,1227.0,1221.0,1210.0,1195.0,1182.0,1176.0,1141.0,1130.0,1140.0,1119.0
Juva,3347.0,3320.0,3297.0,3294.0,3292.0,3272.0,3245.0,3220.0,3211.0,3180.0,3128.0,3113.0
Kangasniemi,2938.0,2926.0,2903.0,2912.0,2897.0,2871.0,2875.0,2874.0,2831.0,2800.0,2817.0,2794.0
Mikkeli,26850.0,27028.0,27128.0,27355.0,27474.0,27669.0,27661.0,27721.0,27713.0,27551.0,27477.0,27601.0
Mäntyharju,3266.0,3248.0,3246.0,3250.0,3246.0,3223.0,3182.0,3151.0,3109.0,3074.0,3046.0,3046.0
Pertunmaa,981.0,968.0,957.0,947.0,949.0,946.0,942.0,923.0,910.0,913.0,911.0,904.0
Pieksämäki,10011.0,9953.0,9912.0,9932.0,9948.0,9863.0,9757.0,9676.0,9573.0,9539.0,9458.0,9464.0
Puumala,1213.0,1208.0,1197.0,1184.0,1179.0,1170.0,1162.0,1159.0,1157.0,1145.0,1143.0,1141.0
Rantasalmi,1883.0,1861.0,1852.0,1849.0,1833.0,1799.0,1784.0,1766.0,1746.0,1711.0,1693.0,1699.0
Savonlinna,18475.0,18509.0,18544.0,18565.0,18484.0,18426.0,18332.0,18246.0,17825.0,17644.0,17690.0,17810.0
Sulkava,1426.0,1411.0,1416.0,1395.0,1390.0,1376.0,1348.0,1326.0,1312.0,1308.0,1310.0,1296.0
Iisalmi,10812.0,10843.0,10923.0,10925.0,10964.0,10931.0,10907.0,10908.0,10916.0,10929.0,10891.0,10928.0
Joroinen,2496.0,2489.0,2481.0,2460.0,2469.0,2444.0,2430.0,2392.0,2353.0,2343.0,2353.0,2332.0
Kaavi,1660.0,1640.0,1642.0,1628.0,1623.0,1594.0,1569.0,1566.0,1526.0,1514.0,1478.0,1498.0
Keitele,1227.0,1219.0,1197.0,1197.0,1187.0,1177.0,1173.0,1149.0,1123.0,1122.0,1111.0,1100.0
Kiuruvesi,4287.0,4257.0,4254.0,4202.0,4189.0,4149.0,4125.0,4089.0,4062.0,4021.0,3960.0,3947.0
Kuopio,55268.0,55795.0,56598.0,57402.0,58188.0,58736.0,59416.0,60031.0,61112.0,62120.0,63217.0,64305.0
Lapinlahti,4860.0,4807.0,4803.0,4778.0,4778.0,4775.0,4735.0,4727.0,4726.0,4695.0,4666.0,4622.0
Leppävirta,4935.0,4909.0,4898.0,4891.0,4837.0,4818.0,4795.0,4750.0,4736.0,4696.0,4686.0,4687.0
Pielavesi,2396.0,2349.0,2342.0,2315.0,2297.0,2285.0,2288.0,2262.0,2216.0,2182.0,2168.0,2183.0
Rautalampi,1670.0,1681.0,1675.0,1683.0,1677.0,1650.0,1635.0,1621.0,1607.0,1596.0,1596.0,1582.0
Rautavaara,934.0,922.0,914.0,911.0,906.0,884.0,882.0,875.0,854.0,845.0,831.0,818.0
Siilinjärvi,8747.0,8913.0,8995.0,9101.0,9171.0,9244.0,9312.0,9355.0,9457.0,9458.0,9477.0,9547.0
Sonkajärvi,2149.0,2119.0,2106.0,2100.0,2090.0,2081.0,2055.0,2023.0,1978.0,1969.0,1962.0,1936.0
Suonenjoki,3719.0,3730.0,3724.0,3715.0,3721.0,3703.0,3690.0,3700.0,3655.0,3659.0,3657.0,3639.0
Tervo,824.0,827.0,830.0,822.0,820.0,810.0,810.0,807.0,798.0,788.0,788.0,784.0
Tuusniemi,1425.0,1416.0,1411.0,1423.0,1394.0,1399.0,1379.0,1362.0,1351.0,1326.0,1317.0,1319.0
Varkaus,11616.0,11622.0,11603.0,11540.0,11480.0,11410.0,11383.0,11328.0,11239.0,11243.0,11239.0,11098.0
Vesanto,1200.0,1160.0,1152.0,1142.0,1121.0,1110.0,1095.0,1092.0,1086.0,1078.0,1065.0,1058.0
Vieremä,1716.0,1722.0,1717.0,1708.0,1700.0,1697.0,1692.0,1681.0,1668.0,1670.0,1654.0,1671.0
Heinävesi,1943.0,1916.0,1901.0,1881.0,1862.0,1848.0,1828.0,1810.0,1768.0,1754.0,1747.0,1731.0
Ilomantsi,3006.0,3001.0,2942.0,2906.0,2877.0,2831.0,2785.0,2753.0,2689.0,2643.0,2588.0,2567.0
Joensuu,36660.0,37132.0,37560.0,37857.0,38375.0,38882.0,39318.0,39976.0,40685.0,41351.0,41899.0,42347.0
Juuka,2727.0,2684.0,2650.0,2620.0,2620.0,2589.0,2570.0,2534.0,2513.0,2487.0,2461.0,2444.0
Kitee,5700.0,5641.0,5595.0,5581.0,5504.0,5452.0,5420.0,5368.0,5320.0,5266.0,5211.0,5197.0
Kontiolahti,5489.0,5567.0,5710.0,5830.0,5969.0,6068.0,6101.0,6144.0,6222.0,6255.0,6351.0,6455.0
Lieksa,6860.0,6752.0,6702.0,6632.0,6551.0,6431.0,6375.0,6300.0,6201.0,6120.0,6058.0,6002.0
Liperi,5265.0,5308.0,5365.0,5385.0,5418.0,5461.0,5484.0,5466.0,5488.0,5501.0,5518.0,5555.0
Nurmes,5496.0,5435.0,5453.0,5412.0,5383.0,5332.0,5279.0,5232.0,5164.0,5100.0,5105.0,5077.0
Outokumpu,3672.0,3691.0,3674.0,3644.0,3615.0,3600.0,3585.0,3593.0,3544.0,3536.0,3495.0,3483.0
Polvijärvi,2283.0,2273.0,2267.0,2241.0,2227.0,2219.0,2218.0,2204.0,2165.0,2148.0,2113.0,2118.0
Rääkkylä,1280.0,1271.0,1282.0,1267.0,1250.0,1228.0,1203.0,1179.0,1168.0,1152.0,1133.0,1134.0
Tohmajärvi,2385.0,2378.0,2357.0,2352.0,2331.0,2319.0,2286.0,2258.0,2230.0,2202.0,2182.0,2162.0
Hankasalmi,2531.0,2537.0,2516.0,2487.0,2474.0,2454.0,2425.0,2376.0,2367.0,2368.0,2343.0,2321.0
Joutsa,2550.0,2515.0,2519.0,2501.0,2500.0,2473.0,2483.0,2442.0,2398.0,2372.0,2364.0,2352.0
Jyväskylä,64369.0,65108.0,66029.0,66786.0,67630.0,68679.0,70021.0,71481.0,72876.0,74498.0,76335.0,77612.0
Jämsä,10980.0,10935.0,10920.0,10879.0,10819.0,10726.0,10684.0,10647.0,10581.0,10473.0,10452.0,10472.0
Kannonkoski,731.0,722.0,722.0,705.0,689.0,688.0,675.0,672.0,662.0,661.0,667.0,668.0
Karstula,2049.0,2036.0,2022.0,2012.0,2001.0,1988.0,1986.0,1974.0,1939.0,1916.0,1891.0,1873.0
Keuruu,5171.0,5163.0,5157.0,5114.0,5078.0,5069.0,5005.0,4970.0,4954.0,4906.0,4900.0,4950.0
Kinnula,744.0,740.0,733.0,726.0,731.0,732.0,709.0,711.0,703.0,703.0,701.0,696.0
Kivijärvi,603.0,591.0,586.0,570.0,555.0,553.0,547.0,539.0,541.0,541.0,543.0,533.0
Konnevesi,1350.0,1355.0,1348.0,1341.0,1340.0,1313.0,1321.0,1339.0,1323.0,1306.0,1308.0,1323.0
Kyyjärvi,662.0,653.0,650.0,641.0,635.0,634.0,631.0,622.0,620.0,617.0,603.0,590.0
Laukaa,7452.0,7548.0,7607.0,7649.0,7675.0,7730.0,7770.0,7819.0,7838.0,7902.0,7958.0,8004.0
Luhanka,389.0,382.0,380.0,371.0,373.0,377.0,373.0,372.0,365.0,373.0,375.0,382.0
Multia,852.0,837.0,824.0,812.0,815.0,794.0,787.0,776.0,767.0,764.0,757.0,750.0
Muurame,3715.0,3786.0,3847.0,3888.0,3940.0,3983.0,4051.0,4144.0,4184.0,4224.0,4304.0,4378.0
Petäjävesi,1772.0,1787.0,1788.0,1797.0,1784.0,1773.0,1776.0,1766.0,1760.0,1739.0,1733.0,1714.0
Pihtipudas,2059.0,2048.0,2040.0,2040.0,2016.0,2003.0,2017.0,2000.0,1984.0,1976.0,1975.0,1969.0
Saarijärvi,4904.0,4877.0,4858.0,4857.0,4850.0,4809.0,4760.0,4738.0,4714.0,4708.0,4712.0,4731.0
Toivakka,1038.0,1070.0,1078.0,1077.0,1090.0,1082.0,1081.0,1070.0,1078.0,1074.0,1088.0,1089.0
Uurainen,1334.0,1329.0,1360.0,1384.0,1393.0,1405.0,1423.0,1440.0,1460.0,1450.0,1441.0,1440.0
Viitasaari,3416.0,3372.0,3363.0,3375.0,3373.0,3345.0,3301.0,3273.0,3239.0,3202.0,3217.0,3209.0
Äänekoski,9519.0,9581.0,9624.0,9599.0,9566.0,9490.0,9344.0,9352.0,9362.0,9371.0,9398.0,9318.0
Alajärvi,4182.0,4139.0,4152.0,4176.0,4174.0,4122.0,4142.0,4119.0,4115.0,4094.0,4087.0,4076.0
Alavus,5305.0,5326.0,5343.0,5342.0,5332.0,5330.0,5326.0,5292.0,5274.0,5254.0,5236.0,5244.0
Evijärvi,1153.0,1151.0,1131.0,1129.0,1121.0,1112.0,1108.0,1100.0,1102.0,1089.0,1096.0,1103.0
Ilmajoki,4905.0,4931.0,5010.0,5081.0,5139.0,5134.0,5157.0,5205.0,5255.0,5336.0,5402.0,5448.0
Isojoki,1126.0,1104.0,1095.0,1086.0,1056.0,1032.0,1016.0,1016.0,990.0,986.0,984.0,970.0
Isokyrö,2182.0,2196.0,2195.0,2203.0,2193.0,2174.0,2161.0,2153.0,2146.0,2131.0,2118.0,2123.0
Karijoki,728.0,720.0,724.0,708.0,694.0,686.0,671.0,672.0,661.0,657.0,642.0,635.0
Kauhajoki,6477.0,6499.0,6520.0,6553.0,6544.0,6551.0,6495.0,6463.0,6424.0,6411.0,6398.0,6396.0
Kauhava,7515.0,7526.0,7552.0,7563.0,7566.0,7553.0,7541.0,7442.0,7397.0,7353.0,7333.0,7300.0
Kuortane,1738.0,1713.0,1706.0,1702.0,1682.0,1673.0,1685.0,1668.0,1647.0,1653.0,1655.0,1676.0
Kurikka,10050.0,10038.0,10063.0,10061.0,10036.0,9958.0,9920.0,9917.0,9905.0,9880.0,9853.0,9819.0
Lappajärvi,1473.0,1478.0,1462.0,1461.0,1439.0,1422.0,1423.0,1417.0,1401.0,1366.0,1349.0,1346.0
Lapua,6111.0,6111.0,6223.0,6321.0,6352.0,6327.0,6343.0,6347.0,6337.0,6356.0,6430.0,6470.0
Seinäjoki,26839.0,27432.0,28057.0,28572.0,28975.0,29375.0,29807.0,30428.0,31063.0,31568.0,32106.0,32570.0
Soini,1004.0,987.0,977.0,981.0,982.0,969.0,964.0,940.0,945.0,939.0,947.0,928.0
Teuva,2597.0,2578.0,2590.0,2563.0,2538.0,2517.0,2488.0,2460.0,2451.0,2432.0,2398.0,2367.0
Vimpeli,1351.0,1360.0,1348.0,1339.0,1324.0,1330.0,1334.0,1320.0,1299.0,1287.0,1280.0,1276.0
Ähtäri,2994.0,2968.0,2957.0,2944.0,2950.0,2918.0,2886.0,2868.0,2805.0,2796.0,2765.0,2755.0
Kaskinen,691.0,690.0,689.0,671.0,673.0,656.0,667.0,658.0,658.0,655.0,678.0,683.0
Korsnäs,975.0,962.0,952.0,957.0,960.0,942.0,938.0,922.0,927.0,916.0,915.0,918.0
Kristiinankaupunki,3305.0,3314.0,3317.0,3288.0,3260.0,3248.0,3217.0,3198.0,3192.0,3173.0,3151.0,3154.0
Kruunupyy,2566.0,2586.0,2580.0,2606.0,2617.0,2633.0,2637.0,2602.0,2643.0,2635.0,2659.0,2676.0
Laihia,3362.0,3401.0,3449.0,3463.0,3482.0,3504.0,3527.0,3512.0,3526.0,3517.0,3556.0,3557.0
Luoto,1447.0,1486.0,1514.0,1554.0,1575.0,1602.0,1611.0,1643.0,1693.0,1720.0,1777.0,1798.0
Maalahti,2497.0,2486.0,2489.0,2494.0,2505.0,2502.0,2510.0,2527.0,2553.0,2554.0,2555.0,2576.0
Mustasaari,7603.0,7744.0,7829.0,7900.0,7958.0,7986.0,8062.0,8069.0,8086.0,8127.0,8197.0,8265.0
Närpiö,4113.0,4135.0,4143.0,4141.0,4167.0,4180.0,4197.0,4217.0,4198.0,4234.0,4263.0,4260.0
Pedersören kunta,3747.0,3791.0,3806.0,3846.0,3868.0,3900.0,3922.0,3953.0,3934.0,3970.0,4006.0,4045.0
Pietarsaari,8933.0,8940.0,8959.0,8986.0,9065.0,9053.0,9113.0,9128.0,9070.0,9146.0,9149.0,9213.0
Uusikaarlepyy,3134.0,3169.0,3182.0,3207.0,3197.0,3215.0,3217.0,3210.0,3208.0,3219.0,3226.0,3232.0
Vaasa,31532.0,32035.0,32462.0,32979.0,33284.0,33602.0,33869.0,34034.0,34345.0,34755.0,35124.0,35406.0
Vöyri,2910.0,2916.0,2908.0,2920.0,2919.0,2884.0,2906.0,2877.0,2888.0,2853.0,2845.0,2845.0
Halsua,531.0,533.0,530.0,519.0,523.0,524.0,524.0,520.0,522.0,514.0,510.0,506.0
Kannus,2391.0,2400.0,2426.0,2435.0,2429.0,2444.0,2454.0,2453.0,2456.0,2463.0,2453.0,2454.0
Kaustinen,1750.0,1748.0,1774.0,1780.0,1796.0,1806.0,1826.0,1850.0,1851.0,1848.0,1856.0,1862.0
Kokkola,20076.0,20273.0,20486.0,20664.0,20807.0,20959.0,21061.0,21272.0,21472.0,21639.0,21831.0,22006.0
Lestijärvi,356.0,357.0,356.0,354.0,352.0,352.0,356.0,348.0,333.0,331.0,336.0,334.0
Perho,1073.0,1057.0,1057.0,1065.0,1059.0,1055.0,1057.0,1060.0,1061.0,1035.0,1033.0,1032.0
Toholampi,1390.0,1387.0,1377.0,1361.0,1363.0,1347.0,1322.0,1321.0,1306.0,1299.0,1297.0,1310.0
Veteli,1427.0,1429.0,1446.0,1440.0,1428.0,1436.0,1446.0,1427.0,1405.0,1409.0,1392.0,1373.0
Alavieska,1132.0,1117.0,1126.0,1128.0,1129.0,1140.0,1130.0,1119.0,1109.0,1101.0,1091.0,1088.0
Haapajärvi,3157.0,3162.0,3192.0,3227.0,3219.0,3227.0,3186.0,3220.0,3211.0,3192.0,3181.0,3165.0
Haapavesi,3029.0,3027.0,3034.0,3059.0,3032.0,3030.0,3001.0,2970.0,2943.0,2943.0,2918.0,2916.0
Hailuoto,477.0,479.0,481.0,491.0,495.0,493.0,491.0,487.0,482.0,490.0,488.0,492.0
Ii,3761.0,3821.0,3874.0,3908.0,3936.0,3945.0,3949.0,4102.0,4095.0,4107.0,4134.0,4173.0
Kalajoki,5197.0,5227.0,5255.0,5322.0,5369.0,5367.0,5324.0,5307.0,5281.0,5314.0,5418.0,5479.0
Kempele,6110.0,6263.0,6386.0,6520.0,6631.0,6732.0,6863.0,7010.0,7207.0,7421.0,7634.0,7767.0
Kuusamo,7246.0,7238.0,7267.0,7318.0,7333.0,7300.0,7289.0,7238.0,7220.0,7268.0,7307.0,7332.0
Kärsämäki,1205.0,1189.0,1175.0,1165.0,1156.0,1146.0,1151.0,1138.0,1142.0,1144.0,1133.0,1135.0
Liminka,2868.0,2924.0,2998.0,3029.0,3074.0,3120.0,3163.0,3205.0,3240.0,3303.0,3352.0,3406.0
Lumijoki,746.0,751.0,756.0,763.0,763.0,759.0,760.0,761.0,752.0,749.0,753.0,761.0
Merijärvi,449.0,450.0,448.0,448.0,443.0,438.0,434.0,432.0,430.0,435.0,431.0,427.0
Muhos,3476.0,3454.0,3478.0,3504.0,3536.0,3557.0,3538.0,3594.0,3602.0,3620.0,3636.0,3667.0
Nivala,4365.0,4399.0,4391.0,4388.0,4432.0,4414.0,4437.0,4406.0,4406.0,4421.0,4420.0,4461.0
Oulainen,3479.0,3476.0,3460.0,3460.0,3455.0,3426.0,3394.0,3423.0,3434.0,3404.0,3387.0,3422.0
Oulu,86483.0,87999.0,89785.0,91378.0,92806.0,94226.0,95764.0,97284.0,99329.0,101740.0,103987.0,106170.0
Pudasjärvi,3856.0,3863.0,3850.0,3856.0,3825.0,3813.0,3785.0,3768.0,3764.0,3747.0,3756.0,3749.0
Pyhäjoki,1427.0,1419.0,1421.0,1434.0,1419.0,1385.0,1386.0,1397.0,1389.0,1383.0,1364.0,1377.0
Pyhäjärvi,2760.0,2762.0,2750.0,2739.0,2712.0,2682.0,2659.0,2618.0,2592.0,2568.0,2553.0,2520.0
Pyhäntä,648.0,633.0,640.0,636.0,641.0,648.0,651.0,654.0,650.0,646.0,655.0,663.0
Raahe,11390.0,11383.0,11518.0,11513.0,11512.0,11477.0,11474.0,11517.0,11529.0,11610.0,11582.0,11632.0
Reisjärvi,1176.0,1197.0,1190.0,1198.0,1203.0,1204.0,1194.0,1194.0,1180.0,1175.0,1176.0,1164.0
Sievi,1858.0,1861.0,1867.0,1872.0,1853.0,1855.0,1836.0,1832.0,1847.0,1842.0,1833.0,1828.0
Siikajoki,2324.0,2297.0,2278.0,2279.0,2257.0,2247.0,2231.0,2247.0,2215.0,2179.0,2158.0,2177.0
Siikalatva,2766.0,2741.0,2724.0,2711.0,2709.0,2664.0,2623.0,2583.0,2559.0,2552.0,2547.0,2523.0
Taivalkoski,1851.0,1846.0,1840.0,1832.0,1839.0,1838.0,1840.0,1833.0,1848.0,1842.0,1833.0,1828.0
Tyrnävä,2197.0,2193.0,2215.0,2231.0,2248.0,2260.0,2276.0,2278.0,2302.0,2303.0,2329.0,2332.0
Utajärvi,1283.0,1277.0,1295.0,1305.0,1285.0,1273.0,1273.0,1266.0,1253.0,1255.0,1265.0,1245.0
Vaala,1627.0,1603.0,1583.0,1581.0,1576.0,1560.0,1545.0,1516.0,1502.0,1466.0,1448.0,1424.0
Ylivieska,6166.0,6301.0,6477.0,6559.0,6673.0,6763.0,6847.0,6887.0,6929.0,6963.0,7033.0,7088.0
Hyrynsalmi,1337.0,1294.0,1284.0,1282.0,1257.0,1239.0,1226.0,1206.0,1186.0,1177.0,1159.0,1147.0
Kajaani,18493.0,18466.0,18512.0,18516.0,18537.0,18565.0,18648.0,18647.0,18676.0,18634.0,18683.0,18778.0
Kuhmo,4660.0,4564.0,4569.0,4569.0,4540.0,4494.0,4456.0,4415.0,4373.0,4323.0,4289.0,4290.0
Paltamo,1829.0,1810.0,1808.0,1764.0,1753.0,1734.0,1732.0,1717.0,1683.0,1654.0,1642.0,1645.0
Puolanka,1493.0,1483.0,1470.0,1460.0,1425.0,1417.0,1398.0,1379.0,1365.0,1351.0,1343.0,1334.0
Ristijärvi,715.0,710.0,700.0,700.0,701.0,672.0,671.0,665.0,645.0,641.0,639.0,637.0
Sotkamo,4881.0,4913.0,4947.0,4916.0,4923.0,4925.0,4916.0,4920.0,4948.0,4952.0,4972.0,5012.0
Suomussalmi,4374.0,4322.0,4315.0,4304.0,4251.0,4222.0,4157.0,4104.0,4032.0,4002.0,3978.0,3969.0
Enontekiö,866.0,881.0,865.0,875.0,864.0,850.0,857.0,851.0,842.0,848.0,838.0,835.0
Inari,3150.0,3155.0,3176.0,3208.0,3261.0,3239.0,3220.0,3233.0,3240.0,3280.0,3283.0,3342.0
Kemi,11704.0,11601.0,11593.0,11551.0,11527.0,11487.0,11487.0,11406.0,11284.0,11215.0,11176.0,10993.0
Kemijärvi,4281.0,4233.0,4194.0,4150.0,4139.0,4109.0,4091.0,4063.0,3999.0,3954.0,3949.0,3911.0
Keminmaa,3744.0,3744.0,3751.0,3746.0,3741.0,3754.0,3748.0,3779.0,3731.0,3707.0,3700.0,3716.0
Kittilä,2872.0,2929.0,3002.0,2947.0,2931.0,2871.0,2844.0,2855.0,2852.0,2857.0,2849.0,2887.0
Kolari,1757.0,1773.0,1795.0,1790.0,1786.0,1784.0,1776.0,1772.0,1773.0,1764.0,1774.0,1814.0
Muonio,1050.0,1036.0,1029.0,1028.0,1019.0,1030.0,1021.0,1012.0,1005.0,1006.0,1023.0,1038.0
Pelkosenniemi,534.0,508.0,514.0,502.0,498.0,506.0,498.0,484.0,488.0,491.0,484.0,478.0
Pello,1892.0,1864.0,1836.0,1820.0,1813.0,1806.0,1794.0,1767.0,1742.0,1720.0,1703.0,1714.0
Posio,1718.0,1697.0,1685.0,1671.0,1663.0,1634.0,1625.0,1599.0,1578.0,1573.0,1558.0,1549.0
Ranua,1755.0,1726.0,1730.0,1719.0,1715.0,1718.0,1709.0,1707.0,1686.0,1690.0,1662.0,1647.0
Rovaniemi,28824.0,28994.0,29320.0,29611.0,29982.0,30292.0,30704.0,31111.0,31616.0,32062.0,32639.0,33165.0
Salla,2022.0,1979.0,1949.0,1899.0,1861.0,1855.0,1843.0,1814.0,1776.0,1763.0,1771.0,1763.0
Savukoski,548.0,535.0,530.0,533.0,530.0,517.0,505.0,496.0,498.0,497.0,499.0,505.0
Simo,1512.0,1481.0,1485.0,1458.0,1447.0,1440.0,1434.0,1419.0,1407.0,1385.0,1382.0,1389.0
Sodankylä,4067.0,4068.0,4114.0,4171.0,4188.0,4166.0,4093.0,4089.0,4085.0,4072.0,4102.0,4111.0
Tervola,1557.0,1553.0,1542.0,1539.0,1516.0,1502.0,1477.0,1473.0,1471.0,1465.0,1447.0,1438.0
Tornio,10028.0,10099.0,10174.0,10185.0,10198.0,10197.0,10192.0,10190.0,10195.0,10180.0,10246.0,10296.0
Utsjoki,600.0,604.0,599.0,605.0,594.0,595.0,594.0,591.0,587.0,580.0,595.0,594.0
Ylitornio,2212.0,2158.0,2151.0,2112.0,2089.0,2089.0,2061.0,2027.0,2013.0,1973.0,1962.0,1941.0
Brändö,222.0,222.0,224.0,226.0,229.0,228.0,229.0,227.0,227.0,226.0,229.0,228.0
Eckerö,433.0,447.0,453.0,450.0,445.0,452.0,455.0,454.0,456.0,456.0,462.0,444.0
Finström,1073.0,1083.0,1081.0,1100.0,1110.0,1113.0,1129.0,1130.0,1147.0,1147.0,1147.0,1156.0
Föglö,267.0,268.0,274.0,271.0,273.0,262.0,263.0,255.0,256.0,250.0,253.0,239.0
Geta,215.0,219.0,219.0,231.0,228.0,229.0,227.0,228.0,228.0,220.0,226.0,226.0
Hammarland,660.0,663.0,660.0,676.0,673.0,686.0,686.0,698.0,702.0,705.0,713.0,718.0
Jomala,1606.0,1666.0,1725.0,1767.0,1817.0,1862.0,1899.0,1947.0,2018.0,2105.0,2176.0,2249.0
Kumlinge,169.0,168.0,165.0,164.0,164.0,162.0,157.0,164.0,162.0,161.0,161.0,164.0
Kökar,130.0,122.0,122.0,126.0,127.0,123.0,124.0,121.0,122.0,117.0,116.0,115.0
Lemland,706.0,725.0,731.0,764.0,772.0,808.0,814.0,819.0,825.0,833.0,857.0,866.0
Lumparland,176.0,179.0,179.0,184.0,187.0,174.0,173.0,176.0,173.0,168.0,170.0,169.0
Maarianhamina,5714.0,5727.0,5763.0,5803.0,5871.0,5904.0,5980.0,6074.0,6123.0,6125.0,6161.0,6150.0
Saltvik,794.0,811.0,816.0,819.0,824.0,827.0,828.0,826.0,821.0,826.0,822.0,823.0
Sottunga,56.0,54.0,51.0,56.0,57.0,58.0,56.0,54.0,54.0,54.0,59.0,59.0
Sund,478.0,484.0,484.0,487.0,483.0,483.0,484.0,491.0,491.0,492.0,488.0,491.0
Vårdö,195.0,195.0,185.0,194.0,195.0,197.0,195.0,199.0,203.0,200.0,203.0,204.0
