City,2011_suomenkielisia,2012_suomenkielisia,2013_suomenkielisia,2014_suomenkielisia,2015_suomenkielisia,2016_suomenkielisia,2017_suomenkielisia,2018_suomenkielisia,2019_suomenkielisia,2020_suomenkielisia,2021_suomenkielisia,2022_suomenkielisia
Askola,4669.0,4720.0,4724.0,4790.0,4811.0,4764.0,4704.0,4666.0,4639.0,4571.0,4515.0,4413
Espoo,206206.0,207594.0,208520.0,210078.0,211252.0,212789.0,214299.0,215533.0,217486.0,217187.0,217472.0,218392
Hanko,5046.0,4907.0,4828.0,4797.0,4708.0,4533.0,4470.0,4417.0,4319.0,4227.0,4168.0,4122
Helsinki,491472.0,494627.0,498288.0,501257.0,504011.0,505708.0,508571.0,509617.0,511043.0,510849.0,507420.0,505533
Hyvinkää,43400.0,43283.0,43742.0,43784.0,43804.0,43774.0,43746.0,43384.0,43216.0,43120.0,43257.0,42989
Inkoo,2327.0,2340.0,2373.0,2351.0,2373.0,2386.0,2355.0,2341.0,2350.0,2318.0,2321.0,2325
Järvenpää,37260.0,37746.0,37950.0,38208.0,38600.0,39019.0,39910.0,40519.0,40672.0,41139.0,41678.0,41856
Karkkila,8731.0,8623.0,8557.0,8477.0,8449.0,8372.0,8305.0,8180.0,8113.0,8075.0,8038.0,7883
Kauniainen,5126.0,5220.0,5380.0,5579.0,5634.0,5593.0,5721.0,5675.0,5770.0,6043.0,6203.0,6107
Kerava,32133.0,31841.0,31941.0,32048.0,31796.0,31801.0,31554.0,31897.0,32054.0,32005.0,31725.0,31718
Kirkkonummi,28829.0,28916.0,29031.0,29204.0,29520.0,29681.0,29692.0,29599.0,29738.0,29925.0,30090.0,30111
Lapinjärvi,1832.0,1808.0,1789.0,1746.0,1761.0,1748.0,1723.0,1710.0,1676.0,1689.0,1645.0,1594
Lohja,44347.0,44334.0,44416.0,44235.0,43916.0,43608.0,43227.0,42739.0,42317.0,42037.0,41976.0,41640
Loviisa,8521.0,8492.0,8480.0,8480.0,8412.0,8346.0,8349.0,8221.0,8168.0,8171.0,8129.0,8101
Myrskylä,1763.0,1751.0,1751.0,1753.0,1726.0,1728.0,1718.0,1671.0,1638.0,1613.0,1582.0,1539
Mäntsälä,19602.0,19892.0,19916.0,19986.0,20005.0,20111.0,19983.0,19824.0,19785.0,19796.0,19795.0,19769
Nurmijärvi,38873.0,39112.0,39480.0,39748.0,39957.0,39869.0,39891.0,40178.0,40191.0,40537.0,40745.0,40747
Pornainen,4924.0,4938.0,4950.0,4947.0,4917.0,4882.0,4883.0,4812.0,4773.0,4785.0,4760.0,4708
Porvoo,31630.0,31707.0,32002.0,32105.0,32193.0,32167.0,32088.0,32168.0,32252.0,32388.0,32797.0,32732
Pukkila,1969.0,2001.0,1984.0,1961.0,1911.0,1911.0,1866.0,1823.0,1788.0,1765.0,1779.0,1738
Raasepori,8944.0,8858.0,8820.0,8844.0,8747.0,8611.0,8585.0,8517.0,8452.0,8476.0,8451.0,8370
Sipoo,11254.0,11474.0,11612.0,11731.0,12069.0,12465.0,12744.0,13045.0,13574.0,13945.0,14357.0,14465
Siuntio,4093.0,4117.0,4111.0,4137.0,4116.0,4067.0,4069.0,4086.0,4088.0,4062.0,4083.0,4102
Tuusula,36159.0,36319.0,36382.0,36372.0,36509.0,36445.0,36309.0,36034.0,35769.0,35749.0,36367.0,36892
Vantaa,175209.0,175219.0,174844.0,174815.0,175824.0,177241.0,178024.0,179457.0,180904.0,180471.0,178696.0,177067
Vihti,27245.0,27230.0,27384.0,27372.0,27205.0,27150.0,27150.0,27163.0,27025.0,26900.0,26911.0,26533
Aura,3877.0,3862.0,3851.0,3855.0,3843.0,3850.0,3861.0,3845.0,3810.0,3831.0,3831.0,3839
Kaarina,29014.0,29105.0,29389.0,29585.0,29941.0,29934.0,30166.0,30355.0,30683.0,31246.0,31888.0,32027
Kemiönsaari,1980.0,1956.0,1931.0,1932.0,1924.0,1931.0,1903.0,1898.0,1896.0,1928.0,1952.0,1946
Koski Tl,2378.0,2375.0,2341.0,2339.0,2298.0,2295.0,2247.0,2234.0,2205.0,2190.0,2167.0,2115
Kustavi,855.0,857.0,837.0,858.0,858.0,872.0,878.0,887.0,913.0,926.0,931.0,900
Laitila,8181.0,8198.0,8192.0,8190.0,8139.0,8073.0,8114.0,8027.0,7916.0,7750.0,7677.0,7520
Lieto,18065.0,18370.0,18475.0,18509.0,18502.0,18613.0,18750.0,18939.0,19067.0,19149.0,19218.0,19346
Loimaa,16533.0,16376.0,16290.0,16169.0,16002.0,15782.0,15632.0,15499.0,15286.0,15108.0,14974.0,14699
Marttila,1958.0,1972.0,2009.0,2013.0,1970.0,1960.0,1926.0,1947.0,1941.0,1924.0,1916.0,1901
Masku,9389.0,9460.0,9507.0,9540.0,9484.0,9441.0,9399.0,9295.0,9256.0,9227.0,9274.0,9278
Mynämäki,7891.0,7820.0,7778.0,7746.0,7677.0,7652.0,7637.0,7563.0,7432.0,7397.0,7315.0,7237
Naantali,18360.0,18304.0,18298.0,18294.0,18356.0,18420.0,18480.0,18512.0,18543.0,18613.0,18688.0,18921
Nousiainen,4733.0,4759.0,4783.0,4745.0,4762.0,4724.0,4714.0,4623.0,4602.0,4570.0,4548.0,4501
Oripää,1370.0,1371.0,1352.0,1333.0,1298.0,1288.0,1304.0,1269.0,1235.0,1231.0,1221.0,1206
Paimio,10247.0,10349.0,10345.0,10377.0,10332.0,10389.0,10381.0,10449.0,10442.0,10480.0,10576.0,10639
Parainen,6393.0,6468.0,6436.0,6437.0,6426.0,6420.0,6375.0,6348.0,6295.0,6286.0,6280.0,6223
Pyhäranta,2180.0,2172.0,2148.0,2105.0,2102.0,2041.0,2041.0,1988.0,1956.0,1944.0,1927.0,1896
Pöytyä,8301.0,8358.0,8362.0,8358.0,8281.0,8193.0,8097.0,8001.0,7921.0,7846.0,7806.0,7712
Raisio,23000.0,22893.0,22799.0,22515.0,22363.0,22299.0,22145.0,21969.0,21735.0,21851.0,22037.0,21936
Rusko,5741.0,5774.0,5847.0,5888.0,5936.0,5935.0,6042.0,6016.0,6082.0,6090.0,6094.0,6129
Salo,51850.0,51414.0,51026.0,50621.0,50230.0,49769.0,49236.0,48563.0,48041.0,47621.0,47385.0,46698
Sauvo,2896.0,2893.0,2892.0,2860.0,2877.0,2905.0,2860.0,2833.0,2781.0,2781.0,2774.0,2723
Somero,9026.0,8973.0,8878.0,8867.0,8793.0,8714.0,8597.0,8512.0,8368.0,8290.0,8204.0,8065
Taivassalo,1630.0,1612.0,1596.0,1569.0,1557.0,1545.0,1570.0,1576.0,1549.0,1564.0,1576.0,1577
Turku,154744.0,154964.0,155573.0,156161.0,157081.0,157536.0,158343.0,159018.0,159506.0,159812.0,159283.0,159726
Uusikaupunki,15465.0,15254.0,15204.0,15241.0,15129.0,14983.0,15148.0,14857.0,14542.0,14305.0,14195.0,13903
Vehmaa,2318.0,2288.0,2281.0,2286.0,2219.0,2220.0,2253.0,2219.0,2225.0,2209.0,2180.0,2132
Eura,12206.0,12151.0,12070.0,11985.0,11783.0,11646.0,11543.0,11360.0,11228.0,11073.0,10974.0,10809
Eurajoki,9031.0,9112.0,9101.0,9109.0,9091.0,9086.0,9081.0,9096.0,9049.0,9075.0,8995.0,8868
Harjavalta,7348.0,7317.0,7222.0,7169.0,7092.0,7014.0,6901.0,6780.0,6693.0,6615.0,6512.0,6460
Huittinen,10336.0,10321.0,10229.0,10164.0,10120.0,10044.0,9822.0,9692.0,9631.0,9523.0,9447.0,9297
Jämijärvi,1991.0,1972.0,1946.0,1962.0,1909.0,1875.0,1830.0,1773.0,1703.0,1669.0,1649.0,1644
Kankaanpää,13639.0,13467.0,13436.0,13276.0,13152.0,12956.0,12797.0,12653.0,12432.0,12251.0,12119.0,11961
Karvia,2548.0,2496.0,2478.0,2445.0,2423.0,2389.0,2344.0,2323.0,2280.0,2241.0,2198.0,2144
Kokemäki,7758.0,7707.0,7573.0,7505.0,7386.0,7288.0,7171.0,7017.0,6905.0,6782.0,6707.0,6652
Merikarvia,3266.0,3225.0,3180.0,3202.0,3138.0,3122.0,3105.0,3059.0,3009.0,3002.0,2985.0,2893
Nakkila,5724.0,5680.0,5640.0,5580.0,5573.0,5461.0,5422.0,5328.0,5212.0,5141.0,5050.0,4946
Pomarkku,2392.0,2349.0,2313.0,2250.0,2218.0,2211.0,2145.0,2125.0,2064.0,2040.0,1987.0,1952
Pori,83053.0,82981.0,82936.0,82800.0,82604.0,82090.0,81484.0,81101.0,80575.0,80127.0,79705.0,79066
Rauma,38794.0,38630.0,38593.0,38417.0,38087.0,37676.0,37492.0,37018.0,36648.0,36239.0,35895.0,35613
Siikainen,1649.0,1625.0,1613.0,1574.0,1507.0,1471.0,1458.0,1437.0,1416.0,1366.0,1332.0,1289
Säkylä,7380.0,7264.0,7127.0,7047.0,6934.0,6855.0,6756.0,6670.0,6564.0,6467.0,6381.0,6190
Ulvila,13383.0,13276.0,13167.0,13116.0,13131.0,13076.0,12993.0,12772.0,12618.0,12471.0,12375.0,12285
Forssa,17230.0,17048.0,16942.0,16767.0,16646.0,16497.0,16298.0,16139.0,15967.0,15793.0,15550.0,15370
Hattula,9552.0,9573.0,9522.0,9562.0,9553.0,9492.0,9412.0,9272.0,9202.0,9166.0,9177.0,9119
Hausjärvi,8603.0,8646.0,8584.0,8566.0,8474.0,8382.0,8229.0,8138.0,7988.0,7879.0,7821.0,7728
Humppila,2466.0,2452.0,2416.0,2390.0,2341.0,2301.0,2236.0,2192.0,2145.0,2135.0,2121.0,2112
Hämeenlinna,65210.0,65123.0,65096.0,65006.0,64792.0,64321.0,64075.0,63901.0,63901.0,63965.0,64038.0,63759
Janakkala,16561.0,16511.0,16389.0,16355.0,16349.0,16203.0,16078.0,15910.0,15866.0,15682.0,15733.0,15664
Jokioinen,5565.0,5523.0,5484.0,5402.0,5306.0,5218.0,5149.0,5052.0,4994.0,4909.0,4886.0,4799
Loppi,8215.0,8180.0,8175.0,8119.0,8000.0,7912.0,7820.0,7663.0,7617.0,7611.0,7521.0,7466
Riihimäki,27948.0,28020.0,28001.0,27951.0,27831.0,27681.0,27490.0,27189.0,27179.0,27076.0,26866.0,26666
Tammela,6502.0,6483.0,6411.0,6329.0,6210.0,6160.0,6052.0,5977.0,5904.0,5889.0,5829.0,5721
Ypäjä,2505.0,2455.0,2431.0,2418.0,2356.0,2323.0,2304.0,2301.0,2289.0,2262.0,2229.0,2178
Akaa,16786.0,16805.0,16764.0,16703.0,16692.0,16556.0,16404.0,16219.0,16072.0,15968.0,16009.0,15979
Hämeenkyrö,10402.0,10363.0,10433.0,10460.0,10505.0,10479.0,10379.0,10294.0,10200.0,10140.0,10133.0,10058
Ikaalinen,7278.0,7244.0,7183.0,7166.0,7070.0,6999.0,6988.0,6864.0,6794.0,6716.0,6701.0,6614
Juupajoki,2021.0,1998.0,2018.0,2016.0,1970.0,1940.0,1885.0,1870.0,1825.0,1777.0,1760.0,1743
Kangasala,29361.0,29571.0,29740.0,29851.0,29946.0,30475.0,30686.0,30870.0,31010.0,31290.0,31626.0,31893
Kihniö,2156.0,2122.0,2088.0,2056.0,2013.0,1965.0,1940.0,1886.0,1837.0,1793.0,1779.0,1741
Kuhmoinen,2469.0,2407.0,2373.0,2341.0,2303.0,2255.0,2225.0,2211.0,2178.0,2133.0,2127.0,2086
Lempäälä,20443.0,20960.0,21321.0,21697.0,21972.0,22180.0,22251.0,22602.0,22857.0,23115.0,23418.0,23785
Mänttä-Vilppula,11121.0,10924.0,10696.0,10514.0,10356.0,10172.0,9953.0,9705.0,9594.0,9422.0,9291.0,9071
Nokia,31354.0,31585.0,31877.0,31983.0,32284.0,32282.0,32397.0,32551.0,32891.0,33387.0,33754.0,34108
Orivesi,9461.0,9436.0,9491.0,9437.0,9264.0,9162.0,9133.0,9070.0,8994.0,8850.0,8811.0,8747
Parkano,6861.0,6782.0,6713.0,6669.0,6631.0,6559.0,6418.0,6324.0,6258.0,6212.0,6138.0,6082
Pirkkala,17236.0,17534.0,17746.0,18034.0,18203.0,18425.0,18477.0,18565.0,18793.0,18977.0,19310.0,19471
Punkalaidun,3123.0,3096.0,3056.0,3004.0,2946.0,2891.0,2841.0,2793.0,2742.0,2719.0,2647.0,2592
Pälkäne,6760.0,6700.0,6653.0,6568.0,6517.0,6455.0,6389.0,6312.0,6243.0,6221.0,6225.0,6132
Ruovesi,4870.0,4796.0,4707.0,4629.0,4556.0,4481.0,4398.0,4320.0,4217.0,4146.0,4078.0,4033
Sastamala,25268.0,25199.0,24927.0,24752.0,24586.0,24400.0,24127.0,23958.0,23572.0,23367.0,23300.0,23004
Tampere,202037.0,203508.0,205422.0,207190.0,208628.0,210676.0,213323.0,215928.0,217863.0,220141.0,222090.0,224266
Urjala,5119.0,5059.0,4986.0,4866.0,4806.0,4735.0,4691.0,4655.0,4562.0,4510.0,4532.0,4442
Valkeakoski,20497.0,20587.0,20486.0,20491.0,20598.0,20559.0,20377.0,20367.0,20188.0,20021.0,19902.0,19820
Vesilahti,4318.0,4358.0,4392.0,4410.0,4408.0,4377.0,4368.0,4301.0,4267.0,4277.0,4344.0,4400
Virrat,7308.0,7243.0,7139.0,7012.0,6858.0,6758.0,6681.0,6592.0,6411.0,6367.0,6311.0,6211
Ylöjärvi,30276.0,30839.0,31042.0,31505.0,31915.0,31942.0,31984.0,32081.0,32301.0,32360.0,32477.0,32493
Asikkala,8360.0,8319.0,8266.0,8227.0,8126.0,8116.0,8059.0,7965.0,7894.0,7849.0,7825.0,7789
Hartola,3241.0,3150.0,3048.0,3012.0,2921.0,2840.0,2784.0,2687.0,2625.0,2582.0,2534.0,2490
Heinola,19636.0,19489.0,19391.0,19095.0,18939.0,18691.0,18458.0,18189.0,17932.0,17726.0,17558.0,17297
Hollola,23616.0,23591.0,23497.0,23362.0,23278.0,23149.0,23104.0,22893.0,22705.0,22533.0,22362.0,22197
Iitti,6885.0,6818.0,6851.0,6818.0,6770.0,6742.0,6677.0,6619.0,6569.0,6487.0,6419.0,6349
Kärkölä,4646.0,4610.0,4594.0,4485.0,4430.0,4356.0,4323.0,4279.0,4188.0,4155.0,4074.0,4018
Lahti,111597.0,111882.0,111777.0,111737.0,111545.0,111588.0,111244.0,111171.0,110662.0,110470.0,110095.0,109630
Orimattila,15985.0,15897.0,15923.0,15871.0,15873.0,15790.0,15688.0,15524.0,15424.0,15307.0,15199.0,15078
Padasjoki,3312.0,3268.0,3214.0,3144.0,3094.0,3026.0,2971.0,2914.0,2845.0,2807.0,2753.0,2686
Sysmä,4190.0,4107.0,4065.0,4018.0,3958.0,3874.0,3786.0,3685.0,3582.0,3553.0,3488.0,3404
Hamina,20381.0,20189.0,20053.0,19879.0,19611.0,19381.0,19236.0,18994.0,18790.0,18545.0,18369.0,18124
Kotka,50719.0,50390.0,49948.0,49446.0,49129.0,48646.0,48082.0,47439.0,46765.0,46313.0,45924.0,45319
Kouvola,84518.0,84011.0,83470.0,82835.0,82110.0,81361.0,80318.0,79394.0,78357.0,77343.0,76556.0,75435
Miehikkälä,2087.0,2076.0,2046.0,2016.0,1975.0,1920.0,1888.0,1844.0,1755.0,1763.0,1734.0,1695
Pyhtää,4794.0,4791.0,4794.0,4762.0,4740.0,4720.0,4680.0,4624.0,4595.0,4568.0,4543.0,4524
Virolahti,3294.0,3256.0,3209.0,3157.0,3104.0,3047.0,3000.0,2938.0,2910.0,2885.0,2840.0,2793
Imatra,27343.0,27013.0,26799.0,26573.0,26278.0,25897.0,25560.0,25217.0,24800.0,24322.0,23856.0,23313
Lappeenranta,68332.0,68301.0,68279.0,68059.0,67883.0,67574.0,67489.0,67164.0,66894.0,66837.0,66580.0,66078
Lemi,3003.0,2990.0,3060.0,3054.0,3010.0,3009.0,2994.0,2974.0,2898.0,2881.0,2835.0,2807
Luumäki,4979.0,4865.0,4837.0,4789.0,4708.0,4670.0,4581.0,4489.0,4458.0,4358.0,4288.0,4199
Parikkala,5559.0,5480.0,5398.0,5264.0,5127.0,5017.0,4863.0,4730.0,4626.0,4541.0,4449.0,4313
Rautjärvi,3773.0,3724.0,3617.0,3558.0,3464.0,3394.0,3330.0,3246.0,3145.0,3063.0,3005.0,2977
Ruokolahti,5517.0,5496.0,5418.0,5309.0,5192.0,5115.0,5073.0,4938.0,4831.0,4755.0,4744.0,4678
Savitaipale,3754.0,3724.0,3692.0,3628.0,3574.0,3494.0,3439.0,3380.0,3336.0,3274.0,3210.0,3191
Taipalsaari,4721.0,4694.0,4657.0,4624.0,4644.0,4650.0,4594.0,4518.0,4456.0,4392.0,4357.0,4328
Enonkoski,1528.0,1494.0,1491.0,1470.0,1439.0,1413.0,1379.0,1361.0,1316.0,1324.0,1313.0,1289
Hirvensalmi,2367.0,2330.0,2300.0,2274.0,2229.0,2211.0,2173.0,2109.0,2087.0,2090.0,2073.0,2031
Juva,6765.0,6640.0,6531.0,6460.0,6365.0,6239.0,6139.0,6054.0,5940.0,5782.0,5724.0,5600
Kangasniemi,5799.0,5768.0,5724.0,5616.0,5546.0,5516.0,5461.0,5371.0,5277.0,5225.0,5142.0,5050
Mikkeli,53042.0,52946.0,52920.0,52826.0,52734.0,52387.0,52136.0,51594.0,50818.0,50304.0,49807.0,49531
Mäntyharju,6293.0,6222.0,6156.0,6101.0,6011.0,5964.0,5916.0,5788.0,5654.0,5525.0,5484.0,5400
Pertunmaa,1885.0,1835.0,1818.0,1803.0,1756.0,1744.0,1681.0,1675.0,1650.0,1618.0,1608.0,1552
Pieksämäki,19352.0,19041.0,18902.0,18647.0,18376.0,17998.0,17735.0,17430.0,17185.0,16864.0,16754.0,16509
Puumala,2387.0,2334.0,2280.0,2264.0,2219.0,2190.0,2160.0,2146.0,2107.0,2091.0,2079.0,2050
Rantasalmi,3872.0,3846.0,3794.0,3736.0,3655.0,3571.0,3464.0,3404.0,3318.0,3246.0,3215.0,3162
Savonlinna,35873.0,35511.0,35116.0,34774.0,34316.0,33945.0,33391.0,32344.0,31708.0,31359.0,31184.0,30640
Sulkava,2832.0,2798.0,2744.0,2730.0,2663.0,2594.0,2521.0,2463.0,2421.0,2404.0,2358.0,2295
Iisalmi,21874.0,21818.0,21786.0,21658.0,21450.0,21241.0,21058.0,20869.0,20752.0,20495.0,20323.0,20064
Joroinen,5241.0,5186.0,5098.0,5053.0,4989.0,4898.0,4764.0,4652.0,4594.0,4500.0,4432.0,4335
Kaavi,3351.0,3268.0,3212.0,3156.0,3125.0,3091.0,2987.0,2926.0,2840.0,2758.0,2725.0,2635
Keitele,2500.0,2450.0,2401.0,2371.0,2343.0,2308.0,2265.0,2203.0,2169.0,2120.0,2067.0,1988
Kiuruvesi,8987.0,8904.0,8779.0,8669.0,8513.0,8353.0,8195.0,8052.0,7896.0,7740.0,7641.0,7478
Kuopio,110029.0,110810.0,111637.0,112369.0,112845.0,113357.0,113622.0,113854.0,114272.0,114984.0,115875.0,116431
Lapinlahti,10255.0,10131.0,9991.0,9894.0,9790.0,9697.0,9497.0,9428.0,9293.0,9161.0,9044.0,8874
Leppävirta,10259.0,10121.0,10020.0,9858.0,9794.0,9695.0,9607.0,9464.0,9243.0,9196.0,9070.0,8954
Pielavesi,4927.0,4850.0,4750.0,4702.0,4656.0,4615.0,4546.0,4415.0,4309.0,4237.0,4180.0,4053
Rautalampi,3436.0,3396.0,3376.0,3326.0,3253.0,3205.0,3161.0,3096.0,3038.0,2976.0,2958.0,2881
Rautavaara,1842.0,1802.0,1773.0,1756.0,1723.0,1707.0,1679.0,1632.0,1584.0,1543.0,1496.0,1459
Siilinjärvi,21097.0,21202.0,21314.0,21400.0,21525.0,21452.0,21360.0,21379.0,21111.0,20921.0,20936.0,20890
Sonkajärvi,4566.0,4465.0,4404.0,4275.0,4218.0,4147.0,4031.0,3928.0,3868.0,3809.0,3740.0,3635
Suonenjoki,7447.0,7359.0,7319.0,7271.0,7232.0,7144.0,7102.0,6973.0,6906.0,6776.0,6729.0,6598
Tervo,1682.0,1683.0,1648.0,1609.0,1590.0,1587.0,1562.0,1541.0,1495.0,1477.0,1453.0,1411
Tuusniemi,2791.0,2764.0,2765.0,2710.0,2680.0,2601.0,2556.0,2505.0,2430.0,2383.0,2364.0,2338
Varkaus,22035.0,21721.0,21452.0,21193.0,20963.0,20757.0,20436.0,20127.0,19832.0,19578.0,19255.0,19035
Vesanto,2354.0,2295.0,2252.0,2207.0,2154.0,2114.0,2054.0,2021.0,1979.0,1937.0,1909.0,1863
Vieremä,3897.0,3856.0,3797.0,3737.0,3673.0,3629.0,3579.0,3559.0,3473.0,3408.0,3360.0,3288
Heinävesi,3774.0,3691.0,3602.0,3566.0,3506.0,3444.0,3366.0,3241.0,3159.0,3107.0,3039.0,2951
Ilomantsi,5707.0,5570.0,5482.0,5371.0,5203.0,5097.0,4972.0,4811.0,4685.0,4581.0,4465.0,4317
Joensuu,71398.0,71595.0,71642.0,72033.0,72320.0,72359.0,72392.0,72864.0,72989.0,72893.0,72884.0,72590
Juuka,5359.0,5228.0,5105.0,5037.0,4938.0,4834.0,4719.0,4612.0,4507.0,4429.0,4336.0,4240
Kitee,11166.0,10973.0,10798.0,10558.0,10379.0,10213.0,10010.0,9865.0,9630.0,9428.0,9303.0,9099
Kontiolahti,13704.0,13946.0,14130.0,14346.0,14476.0,14440.0,14460.0,14485.0,14473.0,14511.0,14691.0,14801
Lieksa,12165.0,11914.0,11711.0,11485.0,11291.0,11119.0,10902.0,10680.0,10456.0,10270.0,10045.0,9816
Liperi,12108.0,12210.0,12211.0,12115.0,12112.0,12081.0,11941.0,11922.0,11857.0,11773.0,11746.0,11698
Nurmes,10668.0,10587.0,10437.0,10301.0,10176.0,9968.0,9823.0,9633.0,9394.0,9304.0,9195.0,8983
Outokumpu,7178.0,7118.0,7027.0,6939.0,6912.0,6846.0,6731.0,6554.0,6430.0,6298.0,6223.0,6146
Polvijärvi,4748.0,4692.0,4626.0,4571.0,4513.0,4472.0,4374.0,4269.0,4205.0,4157.0,4110.0,4022
Rääkkylä,2445.0,2409.0,2379.0,2348.0,2267.0,2189.0,2168.0,2106.0,2055.0,1993.0,1957.0,1889
Tohmajärvi,4782.0,4686.0,4655.0,4564.0,4508.0,4433.0,4349.0,4266.0,4143.0,4085.0,4010.0,3928
Hankasalmi,5426.0,5385.0,5335.0,5243.0,5166.0,5084.0,4946.0,4860.0,4794.0,4697.0,4597.0,4514
Joutsa,4883.0,4822.0,4773.0,4698.0,4596.0,4568.0,4470.0,4369.0,4281.0,4196.0,4147.0,4058
Jyväskylä,127073.0,128127.0,128974.0,129707.0,130969.0,131958.0,132976.0,133864.0,134640.0,135385.0,136112.0,136878
Jämsä,22188.0,22008.0,21765.0,21435.0,21152.0,20831.0,20443.0,20151.0,19722.0,19407.0,19253.0,18845
Kannonkoski,1528.0,1537.0,1504.0,1457.0,1439.0,1403.0,1385.0,1328.0,1313.0,1297.0,1286.0,1245
Karstula,4423.0,4336.0,4300.0,4249.0,4229.0,4187.0,4100.0,3987.0,3898.0,3805.0,3725.0,3609
Keuruu,10442.0,10350.0,10164.0,10020.0,9966.0,9789.0,9708.0,9553.0,9387.0,9268.0,9206.0,8974
Kinnula,1804.0,1751.0,1756.0,1752.0,1731.0,1685.0,1643.0,1603.0,1608.0,1587.0,1572.0,1545
Kivijärvi,1323.0,1294.0,1250.0,1235.0,1189.0,1147.0,1120.0,1091.0,1082.0,1093.0,1066.0,1045
Konnevesi,2903.0,2884.0,2822.0,2804.0,2729.0,2727.0,2720.0,2671.0,2598.0,2566.0,2557.0,2491
Kyyjärvi,1489.0,1456.0,1421.0,1391.0,1369.0,1356.0,1334.0,1321.0,1289.0,1260.0,1211.0,1175
Laukaa,18071.0,18250.0,18343.0,18454.0,18621.0,18694.0,18681.0,18644.0,18616.0,18539.0,18492.0,18470
Luhanka,800.0,771.0,760.0,759.0,759.0,753.0,730.0,703.0,684.0,689.0,696.0,688
Multia,1829.0,1797.0,1757.0,1746.0,1692.0,1646.0,1618.0,1566.0,1545.0,1535.0,1463.0,1445
Muurame,9320.0,9458.0,9454.0,9575.0,9647.0,9776.0,9935.0,10012.0,10010.0,10102.0,10234.0,10278
Petäjävesi,4023.0,4048.0,4078.0,4034.0,3955.0,3919.0,3853.0,3838.0,3775.0,3706.0,3616.0,3592
Pihtipudas,4469.0,4413.0,4321.0,4226.0,4181.0,4164.0,4090.0,4014.0,3992.0,3895.0,3836.0,3751
Saarijärvi,10288.0,10148.0,10056.0,9964.0,9795.0,9564.0,9436.0,9291.0,9191.0,9087.0,8988.0,8841
Toivakka,2458.0,2441.0,2444.0,2452.0,2412.0,2409.0,2360.0,2380.0,2363.0,2376.0,2361.0,2374
Uurainen,3474.0,3533.0,3558.0,3574.0,3620.0,3668.0,3697.0,3736.0,3635.0,3600.0,3587.0,3545
Viitasaari,6989.0,6874.0,6824.0,6712.0,6598.0,6525.0,6325.0,6178.0,6078.0,5990.0,5955.0,5819
Äänekoski,20056.0,19976.0,19779.0,19607.0,19328.0,19028.0,18815.0,18533.0,18407.0,18211.0,17949.0,17761
Alajärvi,10111.0,10054.0,9976.0,9912.0,9773.0,9692.0,9610.0,9465.0,9296.0,9119.0,9018.0,8860
Alavus,12273.0,12210.0,12078.0,11956.0,11871.0,11735.0,11536.0,11364.0,11287.0,11137.0,11002.0,10855
Evijärvi,2649.0,2582.0,2557.0,2524.0,2445.0,2413.0,2377.0,2348.0,2297.0,2284.0,2266.0,2207
Ilmajoki,11780.0,11885.0,11960.0,12045.0,12029.0,12026.0,12071.0,12018.0,12099.0,12085.0,12145.0,12138
Isojoki,2282.0,2220.0,2183.0,2123.0,2042.0,1997.0,1942.0,1888.0,1864.0,1838.0,1805.0,1768
Isokyrö,4863.0,4816.0,4776.0,4764.0,4715.0,4643.0,4604.0,4522.0,4443.0,4395.0,4397.0,4316
Karijoki,1486.0,1469.0,1421.0,1373.0,1332.0,1310.0,1296.0,1245.0,1212.0,1176.0,1158.0,1161
Kauhajoki,13967.0,13919.0,13786.0,13689.0,13546.0,13429.0,13267.0,13032.0,12837.0,12639.0,12499.0,12326
Kauhava,16900.0,16779.0,16573.0,16395.0,16247.0,16045.0,15730.0,15478.0,15163.0,14933.0,14719.0,14520
Kuortane,3858.0,3792.0,3765.0,3670.0,3648.0,3627.0,3576.0,3514.0,3487.0,3462.0,3460.0,3371
Kurikka,22300.0,22123.0,21934.0,21667.0,21326.0,21107.0,20789.0,20541.0,20254.0,20025.0,19752.0,19422
Lappajärvi,3346.0,3270.0,3187.0,3130.0,3100.0,3068.0,2994.0,2918.0,2849.0,2781.0,2721.0,2669
Lapua,14254.0,14333.0,14334.0,14367.0,14237.0,14194.0,14119.0,14015.0,13872.0,13813.0,13790.0,13666
Seinäjoki,57649.0,58358.0,59029.0,59421.0,60012.0,60433.0,61021.0,61580.0,61906.0,62144.0,62579.0,62875
Soini,2340.0,2307.0,2262.0,2248.0,2202.0,2168.0,2098.0,2067.0,2034.0,1980.0,1967.0,1913
Teuva,5773.0,5691.0,5571.0,5448.0,5386.0,5255.0,5165.0,5060.0,4967.0,4888.0,4836.0,4725
Vimpeli,3197.0,3179.0,3147.0,3082.0,3051.0,3002.0,2946.0,2871.0,2785.0,2745.0,2704.0,2616
Ähtäri,6356.0,6297.0,6209.0,6115.0,6005.0,5917.0,5842.0,5637.0,5545.0,5458.0,5403.0,5314
Kaskinen,929.0,911.0,879.0,855.0,828.0,831.0,812.0,801.0,784.0,781.0,773.0,745
Korsnäs,70.0,68.0,73.0,72.0,71.0,80.0,66.0,70.0,73.0,75.0,75.0,76
Kristiinankaupunki,2963.0,2935.0,2897.0,2836.0,2793.0,2754.0,2738.0,2727.0,2682.0,2647.0,2633.0,2576
Kruunupyy,1096.0,1110.0,1142.0,1165.0,1193.0,1198.0,1201.0,1236.0,1207.0,1230.0,1229.0,1227
Laihia,7782.0,7832.0,7840.0,7899.0,7916.0,7960.0,7861.0,7856.0,7810.0,7776.0,7690.0,7587
Luoto,310.0,309.0,309.0,305.0,303.0,307.0,305.0,308.0,304.0,306.0,305.0,303
Maalahti,537.0,532.0,549.0,548.0,565.0,540.0,534.0,534.0,533.0,529.0,531.0,525
Mustasaari,5465.0,5503.0,5587.0,5612.0,5579.0,5595.0,5550.0,5579.0,5575.0,5551.0,5571.0,5583
Närpiö,548.0,540.0,530.0,530.0,523.0,514.0,518.0,515.0,519.0,507.0,506.0,502
Pedersören kunta,975.0,967.0,969.0,982.0,971.0,931.0,927.0,935.0,928.0,946.0,931.0,925
Pietarsaari,7546.0,7425.0,7346.0,7222.0,7093.0,6942.0,6836.0,6681.0,6616.0,6474.0,6345.0,6222
Uusikaarlepyy,577.0,574.0,551.0,549.0,537.0,533.0,517.0,514.0,499.0,493.0,501.0,483
Vaasa,46160.0,46362.0,46475.0,46690.0,46971.0,46742.0,46237.0,45981.0,45779.0,45486.0,45236.0,45023
Vöyri,851.0,836.0,832.0,832.0,813.0,812.0,824.0,834.0,807.0,809.0,794.0,771
Halsua,1255.0,1224.0,1208.0,1197.0,1184.0,1181.0,1131.0,1115.0,1083.0,1058.0,1034.0,1001
Kannus,5627.0,5647.0,5582.0,5540.0,5478.0,5463.0,5401.0,5391.0,5344.0,5306.0,5256.0,5200
Kaustinen,4150.0,4135.0,4130.0,4121.0,4126.0,4114.0,4130.0,4098.0,4085.0,4050.0,4025.0,4033
Kokkola,39234.0,39416.0,39637.0,39820.0,40016.0,40073.0,40079.0,40031.0,40014.0,40042.0,40149.0,40113
Lestijärvi,832.0,820.0,809.0,804.0,783.0,795.0,773.0,723.0,704.0,707.0,707.0,683
Perho,2883.0,2881.0,2886.0,2860.0,2901.0,2874.0,2822.0,2787.0,2726.0,2672.0,2638.0,2618
Toholampi,3457.0,3392.0,3333.0,3306.0,3266.0,3190.0,3145.0,3074.0,2988.0,2914.0,2877.0,2841
Veteli,3305.0,3274.0,3224.0,3230.0,3194.0,3131.0,3101.0,3046.0,2996.0,2950.0,2885.0,2821
Alavieska,2733.0,2733.0,2711.0,2661.0,2660.0,2615.0,2583.0,2545.0,2493.0,2492.0,2467.0,2421
Haapajärvi,7527.0,7559.0,7523.0,7375.0,7333.0,7213.0,7121.0,7017.0,6897.0,6795.0,6684.0,6561
Haapavesi,7296.0,7194.0,7143.0,7070.0,7061.0,6980.0,6874.0,6757.0,6661.0,6547.0,6449.0,6402
Hailuoto,994.0,977.0,989.0,986.0,983.0,982.0,955.0,959.0,945.0,936.0,933.0,942
Ii,9442.0,9516.0,9547.0,9596.0,9592.0,9559.0,9896.0,9780.0,9759.0,9754.0,9815.0,9757
Kalajoki,12387.0,12392.0,12408.0,12379.0,12347.0,12292.0,12190.0,12046.0,12004.0,12022.0,12002.0,11891
Kempele,15990.0,16187.0,16403.0,16671.0,16834.0,17046.0,17288.0,17664.0,18088.0,18513.0,18823.0,18991
Kuusamo,16160.0,15946.0,15732.0,15594.0,15413.0,15234.0,15081.0,14882.0,14743.0,14772.0,14704.0,14604
Kärsämäki,2800.0,2735.0,2698.0,2672.0,2632.0,2628.0,2586.0,2587.0,2547.0,2505.0,2502.0,2443
Liminka,9110.0,9377.0,9518.0,9681.0,9873.0,9935.0,10062.0,10075.0,10101.0,10143.0,10133.0,10160
Lumijoki,2020.0,2043.0,2073.0,2062.0,2061.0,2091.0,2064.0,2031.0,2004.0,2004.0,1985.0,1952
Merijärvi,1189.0,1166.0,1146.0,1145.0,1130.0,1123.0,1111.0,1098.0,1083.0,1075.0,1072.0,1061
Muhos,8829.0,8863.0,8908.0,8894.0,8963.0,8871.0,8886.0,8858.0,8793.0,8776.0,8780.0,8745
Nivala,10972.0,10909.0,10867.0,10865.0,10795.0,10798.0,10715.0,10636.0,10527.0,10394.0,10284.0,10299
Oulainen,7825.0,7762.0,7685.0,7635.0,7521.0,7423.0,7372.0,7313.0,7171.0,7037.0,6986.0,6892
Oulu,182618.0,184945.0,187291.0,189300.0,191085.0,192321.0,193163.0,194461.0,195906.0,197312.0,198895.0,200226
Pudasjärvi,8598.0,8488.0,8369.0,8233.0,8127.0,8015.0,7915.0,7808.0,7668.0,7582.0,7525.0,7403
Pyhäjoki,3316.0,3266.0,3307.0,3241.0,3158.0,3119.0,3114.0,3079.0,2993.0,2951.0,2892.0,2859
Pyhäjärvi,5834.0,5788.0,5666.0,5497.0,5438.0,5377.0,5263.0,5175.0,5059.0,4966.0,4888.0,4759
Pyhäntä,1579.0,1559.0,1539.0,1555.0,1575.0,1555.0,1560.0,1534.0,1548.0,1552.0,1539.0,1533
Raahe,25198.0,25137.0,24962.0,24834.0,24579.0,24381.0,24327.0,24098.0,23904.0,23598.0,23415.0,23187
Reisjärvi,2984.0,2953.0,2917.0,2894.0,2883.0,2837.0,2795.0,2731.0,2706.0,2698.0,2678.0,2625
Sievi,5202.0,5155.0,5110.0,5066.0,5031.0,4981.0,4948.0,4890.0,4823.0,4750.0,4677.0,4610
Siikajoki,5538.0,5507.0,5516.0,5436.0,5373.0,5297.0,5258.0,5159.0,5052.0,4955.0,4942.0,4814
Siikalatva,6010.0,5931.0,5805.0,5759.0,5610.0,5537.0,5393.0,5253.0,5190.0,5159.0,5062.0,4949
Taivalkoski,4370.0,4262.0,4204.0,4188.0,4151.0,4085.0,4007.0,3963.0,3905.0,3842.0,3829.0,3736
Tyrnävä,6407.0,6558.0,6594.0,6682.0,6740.0,6692.0,6662.0,6693.0,6577.0,6543.0,6531.0,6490
Utajärvi,2929.0,2926.0,2918.0,2876.0,2829.0,2759.0,2713.0,2647.0,2631.0,2571.0,2511.0,2458
Vaala,3288.0,3225.0,3167.0,3115.0,3046.0,3012.0,2913.0,2842.0,2762.0,2711.0,2643.0,2590
Ylivieska,14109.0,14352.0,14539.0,14757.0,14806.0,14937.0,14973.0,14958.0,14982.0,15039.0,15074.0,14991
Hyrynsalmi,2637.0,2566.0,2525.0,2455.0,2389.0,2374.0,2293.0,2253.0,2233.0,2157.0,2097.0,2049
Kajaani,36935.0,36821.0,36686.0,36581.0,36380.0,36240.0,35919.0,35677.0,35374.0,35156.0,34841.0,34405
Kuhmo,9164.0,9074.0,8932.0,8776.0,8632.0,8471.0,8324.0,8149.0,8013.0,7852.0,7724.0,7549
Paltamo,3763.0,3699.0,3578.0,3525.0,3450.0,3426.0,3383.0,3298.0,3235.0,3199.0,3148.0,3068
Puolanka,2965.0,2897.0,2837.0,2771.0,2723.0,2681.0,2610.0,2548.0,2485.0,2445.0,2401.0,2332
Ristijärvi,1477.0,1436.0,1411.0,1400.0,1336.0,1332.0,1306.0,1277.0,1257.0,1218.0,1191.0,1154
Sotkamo,10513.0,10491.0,10429.0,10361.0,10276.0,10204.0,10139.0,10096.0,10027.0,9956.0,9944.0,9892
Suomussalmi,8798.0,8652.0,8506.0,8325.0,8170.0,7995.0,7857.0,7684.0,7508.0,7362.0,7268.0,7116
Enontekiö,1665.0,1644.0,1643.0,1640.0,1617.0,1623.0,1613.0,1604.0,1593.0,1570.0,1545.0,1554
Inari,6222.0,6193.0,6229.0,6240.0,6214.0,6201.0,6232.0,6254.0,6192.0,6131.0,6248.0,6247
Kemi,21668.0,21476.0,21262.0,20995.0,20762.0,20551.0,20240.0,19982.0,19745.0,19451.0,19015.0,18472
Kemijärvi,8208.0,8009.0,7886.0,7793.0,7677.0,7558.0,7443.0,7272.0,7183.0,7081.0,6984.0,6839
Keminmaa,8502.0,8509.0,8482.0,8391.0,8307.0,8226.0,8206.0,8058.0,7996.0,7900.0,7816.0,7681
Kittilä,6121.0,6217.0,6283.0,6273.0,6208.0,6167.0,6173.0,6186.0,6174.0,6161.0,6232.0,6317
Kolari,3762.0,3779.0,3808.0,3750.0,3751.0,3747.0,3769.0,3745.0,3759.0,3835.0,3883.0,3888
Muonio,2278.0,2292.0,2276.0,2251.0,2238.0,2229.0,2225.0,2195.0,2203.0,2187.0,2203.0,2161
Pelkosenniemi,969.0,954.0,952.0,938.0,951.0,943.0,930.0,944.0,926.0,917.0,912.0,931
Pello,3872.0,3779.0,3695.0,3625.0,3567.0,3509.0,3452.0,3380.0,3317.0,3249.0,3238.0,3199
Posio,3786.0,3708.0,3618.0,3601.0,3447.0,3391.0,3275.0,3200.0,3142.0,3069.0,3015.0,2939
Ranua,4249.0,4215.0,4141.0,4076.0,3999.0,3981.0,3924.0,3858.0,3744.0,3672.0,3624.0,3566
Rovaniemi,58846.0,58999.0,59235.0,59518.0,59747.0,60008.0,60096.0,60524.0,60566.0,60953.0,61507.0,61699
Salla,4008.0,3932.0,3838.0,3728.0,3666.0,3592.0,3499.0,3399.0,3323.0,3326.0,3323.0,3218
Savukoski,1149.0,1120.0,1119.0,1094.0,1052.0,1036.0,1004.0,1005.0,994.0,998.0,995.0,967
Simo,3424.0,3411.0,3333.0,3264.0,3210.0,3136.0,3075.0,3014.0,2958.0,2921.0,2876.0,2849
Sodankylä,8592.0,8600.0,8634.0,8555.0,8518.0,8394.0,8285.0,8171.0,8028.0,7982.0,7903.0,7823
Tervola,3358.0,3308.0,3274.0,3209.0,3168.0,3063.0,3008.0,2997.0,2929.0,2876.0,2811.0,2773
Tornio,22018.0,21929.0,21786.0,21673.0,21541.0,21413.0,21249.0,21123.0,20912.0,20791.0,20617.0,20477
Utsjoki,648.0,641.0,646.0,635.0,635.0,637.0,651.0,655.0,639.0,652.0,619.0,633
Ylitornio,4605.0,4512.0,4436.0,4303.0,4240.0,4145.0,4037.0,3916.0,3785.0,3760.0,3705.0,3649
Brändö,67.0,75.0,82.0,84.0,88.0,88.0,89.0,85.0,84.0,85.0,80.0,89
Eckerö,53.0,54.0,47.0,45.0,45.0,43.0,43.0,49.0,46.0,46.0,44.0,46
Finström,80.0,85.0,84.0,85.0,83.0,86.0,80.0,79.0,76.0,79.0,74.0,69
Föglö,18.0,17.0,20.0,20.0,19.0,17.0,13.0,13.0,14.0,14.0,13.0,13
Geta,25.0,23.0,27.0,25.0,23.0,28.0,28.0,29.0,26.0,26.0,22.0,23
Hammarland,48.0,46.0,43.0,49.0,47.0,50.0,53.0,58.0,60.0,59.0,53.0,59
Jomala,198.0,208.0,215.0,213.0,214.0,222.0,217.0,230.0,237.0,253.0,259.0,258
Kumlinge,29.0,18.0,20.0,20.0,18.0,18.0,24.0,18.0,18.0,18.0,19.0,20
Kökar,24.0,24.0,27.0,23.0,20.0,23.0,24.0,30.0,30.0,23.0,23.0,22
Lemland,75.0,72.0,75.0,75.0,71.0,75.0,75.0,74.0,71.0,71.0,77.0,73
Lumparland,20.0,18.0,22.0,22.0,21.0,21.0,23.0,23.0,22.0,24.0,23.0,22
Maarianhamina - Mariehamn,598.0,598.0,587.0,588.0,579.0,561.0,585.0,574.0,573.0,565.0,568.0,563
Saltvik,67.0,71.0,74.0,77.0,67.0,72.0,75.0,74.0,73.0,67.0,72.0,68
Sottunga,5.0,5.0,5.0,5.0,5.0,2.0,2.0,2.0,2.0,3.0,3.0,9
Sund,40.0,38.0,40.0,47.0,46.0,41.0,47.0,45.0,47.0,49.0,44.0,44
Vårdö,25.0,21.0,24.0,21.0,20.0,20.0,20.0,20.0,22.0,23.0,22.0,18
